:020000040800F2
:1078000048410020D578000839F8000859BD000823
:107810000000000000000000000000000000000068
:107820000000000000000000000000001501010839
:1078300000000000000000008DFC0008810101082C
:10784000E7780008E778000801FD0008E7780008FD
:10785000E7780008158F0008E77800081F8F0008F8
:10786000E7780008E7780008B98C0008E778000896
:10787000E7780008E7780008E7780008E77800086C
:10788000E7780008E7780008E778000800000000C3
:10789000E7780008E7780008E7780008E77800084C
:1078A000E7780008E7780008E7780008E77800083C
:1078B000D110010891FC000800000000E7780008E2
:1078C0000348854600F078FE004800472D66010811
:1078D000484100200448804704480047FEE7FEE78F
:1078E000FEE7FEE7FEE7FEE7D9030108C1780008DE
:1078F00030B50B46014600202022012409E00D4648
:10790000D5409D4205D31D469540491B25469540CF
:1079100040191546521E002DF1DC30BD70B5002413
:107920002546002801DA01244042002901DA012518
:107930004942FFF7DDFFAC4200D04042002C00D0AE
:10794000494270BDF0B51FB40646002082B005461E
:107950004024019100901BE0019922460F463046D9
:1079600000F06EFC049A059B801A994110D31046D2
:107970001946224600F054FC361A8F4101972246E0
:1079800001200021009F00F04BFC38184D41009071
:107990002046641E0028DFDC019B00982946324601
:1079A00007B0F0BDF0B51FB486B000200090019084
:1079B00002900698069980B204900798090C020478
:1079C0000014114307900027089D099806913E4630
:1079D0003C4603900398A9B20204000C039004985B
:1079E0002D0C154348430021224600F019FCC7190D
:1079F000714110340E46402CECDB3846029A00F000
:107A00000FFC009A019B8018009059410298019147
:107A1000103002904028CCDB00980BB0F0BD000085
:107A2000004870479C17020810B50446FFF7F8FF9E
:107A30000068005DC007C00F10BD014661391929FB
:107A400000D820387047000038B50446C0681821B7
:107A5000401E4843A16840183C21484361684018D3
:107A60003C2148432168451860690C21484321693D
:107A700040186921C900401A3021FFF74FFF114A11
:107A800050434219084600921A2902DB0E49511848
:107A900000910C21FFF742FF0C4A5043009A8018D6
:107AA00000900B4806E0491E425C074B5A43009B7E
:107AB000D21800920029F6DC2146684600F0E4FB6B
:107AC000009838BD801F8607805101008033E10196
:107AD000A017020803460B439B0703D009E008C91F
:107AE000121F08C0042AFAD203E00B780370401C6E
:107AF000491C521EF9D27047D2B201E00270401CFC
:107B0000491EFBD270470022F6E710B513460A461D
:107B100004461946FFF7F0FF204610BD421E537879
:107B2000521C002BFBD10B781370491C521C002BEC
:107B3000F9D1704730B505462A460B4610781C78B7
:107B4000521C5B1C002801D0A042F7D0002C03D0AF
:107B5000002802D06D1CEFE7284630BD10B5044662
:107B600005E00B780370401C002B00D0491C521E0E
:107B7000F7D2204610BDCAB2401E4178401C8A424E
:107B800002D00029F9D100207047421C0178401C26
:107B90000029FBD1801A704710B5002200E0521C6A
:107BA000835C8C5CA34201D1002BF8D1D8B2E1B246
:107BB000401A10BD03460A780270401C491C002A76
:107BC000F9D11846704730B505460020034600E05D
:107BD0005B1C934205D2EC5CC85C201A01D1002CDE
:107BE000F6D130BD70B5104D002800D128680024B2
:107BF00014E00A4602E09E4203D0521C1378002B88
:107C0000F9D1DAB2224307D0002B06D0002C04D0E1
:107C100000210170401C04E00446401C0678002E40
:107C2000E7D12860204670BD200200200246C9B27C
:107C300000E0401C0378002BFBD102E003788B426C
:107C400003D0401E9042F9D2002070470321001D4E
:107C5000401E037812021A43491EF9D51046704798
:107C600070B5064609F0E2FD046805460A220021C7
:107C7000304600F095FB2C6070BD024670B54A405E
:107C8000D30FDB0740002DD04A002AD0010E140E7E
:107C9000000212020919400A520A8418E50104463A
:107CA0005443000A120A2E045043A4194219200C0E
:107CB000C543AA18120C0125AD03521C5219120417
:107CC0007F39240400D0521C104301D44000491EC7
:107CD000C2B20C06C0092018401C4008802A02D0FD
:107CE00003E0002070BD40084000002900DA0020B9
:107CF000184370BD70B502464A40D50F40004A0097
:107D0000ED0740085208002814D0002A12D0C40DF4
:107D1000D30D41020120C0055202490A520AE41A59
:107D2000091812187D34914201D3641C00E0490007
:107D3000002C01DA002070BD0023914201D3891A82
:107D40000343400849000028F7D100290AD0914296
:107D500002D10121C90705E0914201D2012101E0D0
:107D60000121C943E005C018401900F051FB70BD66
:107D7000F0B507460846584087B0C00F0490480049
:107D80000E46590040084908BC1A884105D23846B9
:107D900031461E4617460B4602465800400810431F
:107DA0004CD0300D039040055900400D490D059011
:107DB000401A0290402872DA18030121000B0905CD
:107DC0000843019004980092002805D0019952427E
:107DD0000020884100920190029840210A1A0199DE
:107DE000009800F01DFA05460C466B4607CB00F0E4
:107DF00038FAC0197141039A0E0D0023D717564067
:107E00001A467A40164344D0049A002A2DD0029A8A
:107E1000012A039A15DC1205C01A91410126360584
:107E2000001C7141D20F059ED20700930192029669
:107E30002A46234600F03AFB07B0F0BD38463146EB
:107E4000FAE71605224A0F46B218C01AB7410121B7
:107E50000905001C4F4100187F411146181879414F
:107E6000E20F10436D19644113E0E2076D081543FA
:107E70006408C2071443039A01261205C01A9141EF
:107E80003605001C7141CE07400830434908C01830
:107E900051412A46234600F0FCFACDE7FFE704985B
:107EA00001224000C117121A00238B410498314669
:107EB000C417381AA141EEE730B40124E407634047
:107EC00030BC55E730B40124E407614030BC4FE7D3
:107ED0000000E0FFF0B51FB488B00B9909980024AA
:107EE00048400999C00F490049080991C0070B99FA
:107EF0000090490049080B9109990898A646084343
:107F00001CD00B990A98084318D009980124400006
:107F1000420D4800410D099824050003000B204341
:107F200009900B980003000B20430B9050181C493C
:107F30004018002201901446104605E0002001463A
:107F40000DB0F0BD032801DA034600E003239C4690
:107F5000C11A0AAE0AE05F0008ADED5B4F00F75BA7
:107F60007D430027AA187C41491C5B1E6145F2DD58
:107F7000410004AB5A522104120C0A43240C401C49
:107F80000828DFDB0198029000997046019100906B
:107F9000059B049A0799069800F088FAD0E700003C
:107FA0000DFCFFFFF0B50C465C4085B0E40FE40724
:107FB00003944C0000266408590094464908024680
:107FC0000296224321D062460A431ED06200570D1A
:107FD0004A000E032303550D012402462C492405B3
:107FE000781B1B0B360B4018234326436146009039
:107FF0001C46501AB44103D30098401C009002E084
:10800000921800985B41002803DA0020014605B071
:10801000F0BD0020012109050746864611E06446AF
:108020001D46141BB54106D36546521BB341744629
:1080300007430C43A646CD07400849082843921839
:108040005B4105460D43EAD11046184313D0604604
:10805000194650407140084306D06046101AB3419B
:1080600006D20122002306E000220123DB0702E002
:108070000122D2435310009874460105381C614117
:10808000029C039D0019694100F003FABFE700005C
:10809000FD03000070B54B005B0803430BD04B00A1
:1080A0005C0D002633466542B341D417AD1AA34197
:1080B00002DB0020014670BD12053018514170BD31
:1080C000C217C10F504010B54018CA0796230021AF
:1080D00000F0A6F910BD10B500229623114600F05D
:1080E0009FF910BD0EB5C217C10F5040CA07401806
:1080F0000021054B0293019200910A460B4600F0C5
:10810000D5F903B000BD0000330400000EB50549E9
:108110000291002100910A460B46019100F0C6F938
:1081200003B000BD33040000410040020122400AB8
:10813000D205090E80187F2901DA002070479629A0
:1081400003DC9622511AC840704796398840704720
:1081500070B5CD0F4A0009030123090B1B05194314
:108160000B4BED070024520D9A4201DA002070BD3E
:10817000074B34339A4203DC9A1A00F061F802E0AC
:108180000449511888402C43F1D0404270BD000092
:10819000FF030000CDFBFFFFC20FD20740004008E5
:1081A0000BD0C10D0723DB01C91840020905400AA5
:1081B0001143C20840071143704700200146704731
:1081C00010B5002904DB0124E40740428C4121461C
:1081D000002B04DB1C460123DB075242A3418B42E8
:1081E00000D1824210BD0000CB0FDB07490010B563
:1081F000490802460A4307D00A0D07240903E4018F
:10820000090B121B002A01DC002010BDC900440F1D
:108210000C43C100E018D205801800F0F9F810BD39
:1082200010B5202A04DB0146203A9140002010BD01
:10823000914020239C1A0346E3401943904010BD0F
:1082400010B5202A04DB0846203AD040002110BD9A
:108250000B46D340D0402024A21A9140084319462F
:1082600010BD10B5202A06DBCB170846203A104176
:10827000C1170B4306E00B461341D0402024A21A3D
:1082800091400843194610BD70B50C4600683C216A
:10829000FFF72EFB21603C21FFF72AFB61601821CC
:1082A000FFF726FB0546A1600721001DFFF720FB15
:1082B000A1610F48A90008180E49FFF719FB0246F3
:1082C000443288086261E0613B2802D3910700D004
:1082D000401C0021084B0A462161995C814203D869
:1082E000401A521C2261F8E7401CE060204670BD35
:1082F0006C0B0000B5050000B81702080FB400B5FC
:1083000089B00CA900910B990023CB60204B214A26
:1083100006930792042201921F4A02921F4A089272
:1083200002466B46002000F0E8F909B008BC04B032
:10833000184770B586B006460020C0430190002063
:1083400015460C460091029104903246694604A8F5
:10835000FFF7D4FF024604982118002D05D000280D
:1083600001D0084600E020462860049800280DD07F
:10837000002A02DD0098884208D0081B0190009472
:1083800032466946029404A8FFF7B8FF06B070BDF4
:108390005189000871890008FFFFFF7F297A0008D2
:1083A000F7B5009C0F4600262578641C002D05D0EB
:1083B000FFF736FB0068405DC007F5D12B2D02D0DA
:1083C0002D2D18D0641E39462046029A00F0E2FA9C
:1083D000002F04D03968A14201D10099396071059C
:1083E000022400290BDA4042002803DD09F01EFABE
:1083F0000460A007FEBD012080020643E3E70028D9
:10840000F8DA09F013FA04600048FEBDFFFFFF7FB1
:10841000002904DA401C490001D14008400070479F
:1084200070B40024050C05D11024000402D10029E9
:1084300021D01124050E01D100020834050F01D10D
:108440000001241D850F01D18000A41C002801DB40
:108450004000641C002908D020252E1B0D46F54045
:10846000A14000D001212943084301061B1B000A3B
:10847000DB1D02D5002070BC7047DB051818801882
:108480000029F8DA401C4900F5D170BC40084000D2
:10849000704710B5002B08DA0024401C6141921887
:1084A0005B411A4301D14008400010BDF0B51FB434
:1084B00082B005460C0003D0084609F02FF902E00F
:1084C00009F02CF920300246009021462846FFF79B
:1084D000A7FE049B059A04460F4618431143084320
:1084E00014D0184610431BD0009840210A1A184691
:1084F0000599FFF7A5FE05460E46009A05990498D2
:10850000FFF78EFE084305D0012004E020463946DF
:1085100007B0F0BD0020C11705430E432C4337437D
:1085200000990E986305401A7905E40A00220C436D
:10853000FD0A0A3002D500200146E9E701051019BD
:1085400069410C9C0D9D00196941FFF7A2FFDFE70F
:108550004A0009030123090B1B0519430A4B10B5F7
:10856000520D9A4202DA0020014610BD064B343308
:108570009A4203DC9A1AFFF763FE10BD034BD21830
:10858000FFF74EFE10BD0000FF030000CDFBFFFF14
:1085900010B5002904DB0124E40740428C41214648
:1085A000002B04DB1C460123DB075242A341994206
:1085B00000D1904210BD0000064C0125064E05E09A
:1085C000E36807CC2B430C3C98471034B442F7D3F4
:1085D000FFF77AF9AC2F0208CC2F0208FFB5087814
:1085E00089B01546FF2805D0491C2D2804D000224B
:1085F000002407E000240BE00122F9E70A235C4392
:108600000419491C0878FF28F8D1002A00D06442D8
:10861000002004902A7801462D2A01D02B2A0FD160
:108620006D1C2D2A02D00022049209E00122FBE7F2
:1086300000260A2233466D1CFFF7B4F93818714141
:108640002F78FF2FF4D10C9AA218069202460A4303
:1086500004D0FF23069A9133DA4205DA0021099803
:108660000A4606C00DB0F0BD0024B74AB54D2646F7
:10867000079200F0F1F9029006980391002801DAC0
:10868000474200E0074639050020AF4A001C51412F
:108690000191009012E0F80707D022462B463046A1
:1086A0000799FFF717FC0646079122462B4610460E
:1086B0001946FFF70FFC04460D467F10002FEAD144
:1086C0000698019B0028009A0399029806DAFFF7A2
:1086D00069FC3246079BFFF765FC05E0FFF7FAFBF4
:1086E0003246079BFFF7F6FB049A002A02D00122CC
:1086F000D2075140099A03C2B4E7FFB591B00020F8
:1087000009900025ED432E209E685C681F4601906D
:10871000B9696D1C129888470090396A884700280B
:10872000F6D10098401C0AD00D20C0018443002ED1
:1087300012DD00982B2809D02D280DD103E0002050
:10874000C04315B0F0BD012080020443B9696D1C1F
:1087500012988847761E009003A9600501D52D2048
:1087600000E02B206A461073491C0CA80F91029060
:108770000AE0B9696D1C12988847009001204002F8
:1087800004431398761E0560002E02DD0098302801
:10879000EFD001990098884246D18020044308E038
:1087A0000998401E09900120400204431399681C57
:1087B0000860B9696D1C761E1298884700903028B1
:1087C000EED031E00199884205D1200603D4802003
:1087D0000443761E1EE0009809F070F9002826D0A8
:1087E00001204002044307A90F980331761E8842F6
:1087F0000BD200980F99303808700F98401C0F90DA
:10880000200607D50998401E03E0200602D40998E7
:10881000401C0990A00502D51399681C0860B9692D
:108820006D1C129888470090002ECBDC59E0002E7A
:1088300057DD0098652801D0452852D1A00550D5B4
:10884000032000028443B9696D1C761E1298884784
:108850000090002E0CDD2B2804D02D2808D1FF20FD
:1088600001300443B9696D1C12988847761E009048
:10887000E00501D52D2100E02B210298017002981E
:10888000401C0290019025E00120400204430EA903
:1088900002980131761E88420ED200980299303833
:1088A0000006000E087003D10299019881420AD98E
:1088B0000298401C029006E0E00501D5234801E043
:1088C000224840420990B9696D1C1298884700906F
:1088D00013980560002E04DD009809F0EFF80028D9
:1088E000D2D1F969129888470F99FF200870029930
:1088F00003AA087000200A900B900CA90AA8099BF3
:10890000FFF76CFEA00502D40120C04319E7242024
:10891000044209D0E00713D138680B9A0A99031D65
:108920003B60006806C00BE00B990A98FFF75CFCFF
:108930000146E00704D13868021D3A600068016012
:108940002846FEE6000014400000F03FF1D8FFFF8B
:108950004268002A08D001680B78491C002B03D01C
:10896000521E06C0184670470121C160881E70471C
:108970004268002A0BD0C3680168002B07D18368C6
:108980008B4204D0491E521C06C0002070470020B4
:10899000C0437047F7B582B0029C00272078641C62
:1089A00015460197302802D0002D15D015E020780B
:1089B0000127641C782804D0582802D0002D09D043
:1089C0000BE0002D01D0102D07D1002710252078B5
:1089D000641C02E0082500E00A250026009610E04D
:1089E0000099012769430818020C294680B2714397
:1089F00000908E183804864201D30120019020781F
:108A0000641C294600F019F80028E9DA03980028C8
:108A100005D0002F01D0641E00E0029C0460019884
:108A2000002806D008F002FF02210160C81E05B030
:108A3000F0BD009930040843F9E73A2800D23038F5
:108A4000202302469A43412A01D3104637388842F0
:108A500001D30020C04370470EB5054A02920022A0
:108A6000009213460192FFF721FD03B000BD000004
:108A70003304000070B58C180578401C6B075B0F41
:108A800001D10378401C2A1106D10278401C03E072
:108A900006780E70401C491C5B1EF9D12B0705D4CB
:108AA0000023521E0DD40B70491CFAE70378401CBA
:108AB000CB1A921C03E01D780D70491C5B1C521EE2
:108AC000F9D5A142D8D3002070BDF8B50025844661
:108AD0002B46012600220521CF1A0EE05400A6469F
:108AE000015B241800946488A14205D90E467146A2
:108AF0004452009C66800026521C9742EEDC002EF9
:108B000002D15B1C052BE4DB012042006146895A3F
:108B1000401C4D19C0B20528F7D3A803000CF8BDBE
:108B200038B50446064805490068FEF7E1FE604393
:108B300000E0401E00900028FBD138BD40420F00ED
:108B40001C020020F8B50446006881688907890F77
:108B5000012902D10168C90722D18168114A102672
:108B60001140012500290ED181682943816001202F
:108B7000FFF7D6FF01F03CFA07460CE001F038FAA7
:108B8000C01B0A2807D9606D30436065A06D28437B
:108B9000A0650120F8BD20680068C043C007EDD182
:108BA0000020F8BD1700008070B50646002414F0C0
:108BB000AFF92DA13046FEF7EFFF00281AD02BA108
:108BC0003046FEF7E9FF002815D0294D18206043F4
:108BD00029583046FEF7AEFF002810D025A13046B8
:108BE000FEF7A8FF002810D01820444360198168C0
:108BF0003046884770BD30460AF074FF70BD641C73
:108C0000E4B2402CE2D9012070BD1BA13046FEF732
:108C100091FF00280ED0182044436019C1683046E7
:108C200088470028F0D115480078002819D10CF0A9
:108C3000FBFA16E012A13046FEF77CFF00280AD0AE
:108C400007F030FE014618204443601942690DA028
:108C500008F040FD05E018204443601901693046E2
:108C60008847002070BD00004154000041543F007F
:108C700070E501083D3F00003D000000A30000201A
:108C80003F0000005B25755D25730D0A00000000A4
:108C900030B50024074B43431B0D04D0E4183C259A
:108CA0006B43C01AF6E73C2801D33C38641C1060C3
:108CB0000C6030BD4444000010B5024800F042FE94
:108CC00010BD0000F806002030B5446C1C252C4077
:108CD0000125A540046C6560046863608368102BFF
:108CE000036803D099600068C26030BD9A60006874
:108CF000C16030BD10B55021014800F017FA10BD19
:108D0000005E0208F0B5FFB082B000261348710281
:108D10000F1881146846FEF7F6FE00252C46A800C1
:108D2000C01900F0CDFA020E69460A550919020C65
:108D30004A70020A6D1C241D8A70ADB2C870A4B2BC
:108D4000802DECD3694606A008F0C4FC761CF6B270
:108D5000142EDBD37FB002B0F0BD0000005E02082D
:108D600025730000F0B505466448FFB0007884B074
:108D7000012870D10421A86AFEF7C5FE60480024CE
:108D80000090604801F06CF95F4861020818012109
:108D90000190490202A8FEF7B6FE00273E46019860
:108DA000B900081800F08CFA020E02A98A55891938
:108DB000020C4A70020A7F1C361D8A70BFB2C8704E
:108DC000B6B2802FEBD302A8FEF7DFFE002801D158
:108DD000132C51D3A86AFEF7D8FE064602A8FEF768
:108DE000D4FE4A493018884247D2A86AFEF7CDFE21
:108DF000A96A02AA401846A108F07CFC132C74D37F
:108E0000A86AFEF7C2FE00286FD0009800780128FB
:108E100006D002280DD0032814D004281CD023E04B
:108E200000200EF05FFC08281ED100200EF0A0FCF0
:108E30001AE0002010F002FB082815D1002010F0E5
:108E400045F811E000200FF0D1F808280CD10020DF
:108E50000FF0A4F908E04DE000200FF0D3FE082841
:108E600002D100200FF098FC7D20000100F03AFEB6
:108E70000421A86AFEF747FE37E000980078012831
:108E800006D002280DD0032814D004281BD022E0DD
:108E900000200EF027FC08281DD100200EF068FCF1
:108EA00019E0002010F0CAFA082814D1002010F0B0
:108EB0000DF810E000200FF099F808280BD10020E1
:108EC0000FF06CF907E000200FF09CFE082802D19B
:108ED00000200FF061FC7D20000100F003FE042162
:108EE000A86AFEF710FE641EE4B2641CE4B2142CFF
:108EF00000D246E77FB004B0F0BD0000980000202B
:108F0000EC000020E0050020005E0208DA0300000B
:108F10002573000010B5012000F088FF10BD10B5CA
:108F2000FF20013000F082FF802000F07FFF10BDA5
:108F300010B586B0044614216846FEF7E4FD05200E
:108F40000023234901220007002C06D0012C13D056
:108F5000022C1BD0032C23D030E0CC6A1443CC620B
:108F6000C96A0092C907C90F059101930293694626
:108F700000F068FF06B010BDCC6A1443CC62C96A29
:108F80000092C907C90F0591124912E0CC6A144337
:108F9000CC62C96A0092C907C90F05910E4908E061
:108FA000CC6A1443CC62C96A0092C907C90F059103
:108FB0000A4901910293694600F044FF0022022110
:108FC000052001F0ABF8052001F09CF8D2E7000085
:108FD00000100240000031100000211000001110AC
:108FE00010B5044600F0D8FD22460349022000F0E7
:108FF000A9FD00F09DFD10BD0800080870470000A5
:1090000010B5084900224A6107494B684C152343B3
:109010004B604B68082423434B60C009C0010260C9
:1090200010BD00002C3500200020024010B5214A60
:1090300000219069C305204804D5416902231943E2
:109040004161911593699B0505D54369012423432B
:1090500043616302194393695B0505D5436908249D
:1090600023434361E301194393691B0505D5436914
:109070000424234343616302194393699B0405D588
:1090800043691024234343616302194393699B039B
:1090900004D5446920231C43446119439369DB03CD
:1090A00005D54369402423434361A00201439161F4
:1090B00010BD0000002002402C35002070B5054690
:1090C00000F096FF0646184C0AE0681C08D0002DF8
:1090D00004D000F08DFF801BA84201D9032070BD91
:1090E000A069C007F1D1A069800701D50220A06165
:1090F000A069C00511D4A06980050ED4A0694005FF
:109100000BD4A069000508D4A069800405D4A06927
:10911000800302D4A069C00303D5FFF787FF0120B5
:1091200070BD002070BD00000020024070B50D46EB
:109130000646002400F0B8FD094A0020956041C2AF
:109140000849074800F042FD002806D0641CE4B23C
:10915000032CF5D104A008F0BDFA00F079FD70BD34
:10916000501E0020580100206572726F7220696ED7
:10917000204572617365206F7065726174696F6EEE
:109180000A0D000010B50D4900220A604860BC209D
:10919000EFF31084886072B600F086FD0849074836
:1091A00000F014FD002804D084F3108805A008F016
:1091B00091FA00F04DFD84F3108810BD501E002080
:1091C000580100206572726F7220696E20466C61D2
:1091D0007368204572617365206F70657261746990
:1091E0006F6E0A0D0000000010B50D4900220A60E4
:1091F00048600120EFF31084886072B600F054FDDF
:109200000849074800F0E2FC002804D084F31088E5
:1092100005A008F05FFA00F01BFD84F3108810BD74
:10922000501E0020580100206572726F7220696E16
:1092300020466C617368204572617365206F7065AC
:10924000726174696F6E0A0D00000000F8B5164671
:109250000F460546002400F027FD14E0A0003A5810
:109260002946022000F002FD002809D008A008F0DD
:1092700031FA00F0E7FC01460CA008F02BFA04E0FC
:10928000641CA4B22D1DB442E8D300F0E1FCF8BD8B
:109290006572726F7220696E205772697465206FF3
:1092A0007065726174696F6E0A0D0000777269747F
:1092B000655F6572726F725F666C61673A257800F0
:1092C0000168024841604068704700005801002072
:1092D00001481721017070472000002010B50C488C
:1092E000C18F002913D00B4841430B4807F054FBB2
:1092F000094807F063FB09480078012807D10848AE
:10930000807D002803D1064901202039087410BD52
:10931000CC00002080EE3600340500209C000020A8
:109320002000002010B50D480078012808D10C4815
:10933000807D002804D10A4901202039487508742D
:109340000848C18F002907D007484143074807F064
:1093500023FB064807F032FB10BD00009C000020F4
:1093600020000020CC00002080EE360034050020D4
:1093700000B587B014216846FEF7C5FB0948C16AED
:1093800001221143C162C06A694610400590602005
:1093900000900020019002900520000700F052FD8F
:1093A00007B000BD00100240F0B500250126144CA6
:1093B000122787B0012814D014216846FEF7A3FBBA
:1093C000E06A3043E062E06A009730400590032095
:1093D0000190052069460007029500F033FD07B0B3
:1093E000F0BD14216846FEF78EFBE06A3043E06270
:1093F000E06A0097C007C00F01950590E9E70000FB
:1094000000100240F0B58DB004462C216846FEF7EE
:109410007AFB2046FEF724FC0C90601DFEF720FC32
:109420000B9020460830FEF71BFC074620460B3009
:10943000FEF716FC064620460E30FEF711FC0546E8
:1094400020461130FEF70CFC0146074A0C988018A4
:1094500005900B986A46401E0490E2C26846FEF7EB
:10946000F3FA0DB0F0BD000094F8FFFFF8B5054623
:1094700004464035287C0026012808D001202874A5
:10948000206881688907890F01290ED101E0022037
:10949000F8BD0168C90708D0606D202108436065E8
:1094A0000126002028743046F8BD616DFF2201328C
:1094B0009143022211436165C1688907890F0091B8
:1094C000C16889088900C1602068816892071143DA
:1094D000816000F08DFD07460EE000F089FDC01BA5
:1094E0000A2809D9606D022188431021084360656C
:1094F000002028740120F8BD206880680028ECDB7B
:109500002068C168009A1143C160606D80088000C6
:10951000401C6065C5E70000F8B506460D464036BC
:10952000317C01290DD00121317401688A6852070C
:1095300009D5416D2022114341650020307401207E
:10954000F8BD0220F8BD174B6A68D80547109A424B
:10955000154C8A6A2B6812D05B035B0B1A438A6234
:109560002968490305D5A1680143A1600A20FFF7D6
:10957000D7FA2868800312D5A06838430EE05B0351
:109580005B0B9A438A622968490302D5A16881432B
:10959000A1602868800302D5A068B843A0600020BD
:1095A0003074F8BD01100000002701400068006C15
:1095B0007047000070B5040006D0606D2646002597
:1095C0004036002802D006E0012070BDA565357444
:1095D000204600F0D3F8606DC00603D42168886887
:1095E000400705D5606D1021084360653574EBE7D1
:1095F000606DFF220132904302221043606588684B
:109600008207920F5B48012A02D10A68D2072BD148
:10961000032362689B079A4205D05B429A4202D0BC
:109620005B009A4209D10A69920092080A61216896
:109630000A6963681A430A610CE00A699200920899
:109640000A6181680F229204914381608168626897
:10965000114381602168CA6818239A43CA6021684F
:10966000CA68A3681A43CA608168012252069143FE
:1096700081608168A28E52061143816020688168F2
:10968000C90004D481680122120711438160206857
:10969000C168394A1140C1602069E168022825D0BB
:1096A00000200143204620300278037B52035B00F8
:1096B0001A431143226B1143A26992031143E269D9
:1096C000D20311432268D3681943D160616A0A4604
:1096D000FF3AC23A05D0A26A11432268D3681943FF
:1096E000D16042780121012A02D00BE00420D8E7A2
:1096F0000078002823D0606D202210436065A06DA3
:109700000843A065E06B012820681FD00169C907E4
:1097100003D0016949084900016120684169C9080D
:10972000C900416120684169A26B11434161A5658F
:10973000606D80088000401C6065002070BD20685E
:10974000C26801231B041A43C260DBE70269FF23DE
:109750009B009A43026120680269236CA66C1A433D
:10976000636C33431A430261206802690A43026151
:10977000D3E70000002701401902FEFF00680449FA
:10978000884204D10348416B42151143416370473D
:109790000024014000100240F8B504464069254607
:1097A00040350E4608280BD02068C068C00709D095
:1097B000606D202108436065002028740120F8BDF9
:1097C000082700E00C2700F013FC009011E0701C4B
:1097D0000FD0002E05D000F00BFC0099401AB042CB
:1097E00007D9606D042108436065002028740320B8
:1097F000F8BD206800683842E9D0606D0121490257
:10980000084360652068C16809058A0F0C21002A99
:109810001BD12022125D002A17D10268120714D52D
:10982000826853070122002B08DB43688B434360A7
:10983000606D130298431043606506E0606D20235D
:1098400018436065A06D1043A065A069002801D190
:10985000206801600020F8BD70B504462168002032
:109860008968490721D425464035297C01291CD027
:1098700001212974E169012904D02046FFF762F92A
:10988000002811D1616D0A4A1140FF2201321143B3
:1098900061650021A165297422681C21116021687D
:1098A0008A6804231A438A6070BD022070BD0000DC
:1098B000FEF1FFFF30B5014620314A790023022A2C
:1098C00004D00422C2630B71012030BD0268146809
:1098D0000E25AC43146002681468640864001460C8
:1098E000446C1C22144001221546006CA5404560C2
:1098F0004A7118460B7130BD70B500240146203105
:109900004A79022A03D00421C163012418E00268C5
:1099100013680E25AB431360026813685B085B0095
:109920001360436C1C221340012215469D40036CBA
:109930005D604A7100220A71816B002900D088475E
:10994000204670BDF0B4016C0D6801680C68466C6F
:109950001C2304221E401746B7402F420ED0670733
:109960000CD50C68A40602D40C6894430C60416CBE
:1099700019408A40016C4A60016B1AE00227B74027
:1099800002462F402032002F17D0A70715D50C68AC
:10999000A40605D40C680A25AC430C600121517162
:1099A000446C02211C40036CA140596000211171DC
:1099B000C16A002918D0F0BC08470827B7402F42D9
:1099C00012D0240710D50C680E25AC430C60446CF3
:1099D00001211C400B46A340046C6360C1635171BC
:1099E00000211171416BE4E7F0BC704770B50400D1
:1099F0003CD01F48256814212818FDF779FF800006
:109A000060641C48206402212046203002464171D7
:109A100029681948E3680140A0686669184323690A
:109A200033431843A3691843E3691843236A18436F
:109A3000084328600121A0688903884210D00D489E
:109A40008030836A656C1C210D400F26AE40B34305
:109A50008362656C63680D40816AAB400B4383622F
:109A60000020E06301215171107170BD012070BDB3
:109A7000F8FFFDBF000002400F80FFFFF8B504466D
:109A80008C46203001790025012909D00126067174
:109A900041790027012905D0077102252846F8BD24
:109AA0000220F8BD02214171E7632068016849087E
:109AB0004900016061462046FFF706F9206B002847
:109AC0002068016801D00E2205E004229143016064
:109AD000206801680A22114301602068016831434F
:109AE0000160DBE770B5044600F082FA0546601CB1
:109AF00002D004480078241800F07AFA401BA042F3
:109B0000FAD370BD1002002070B5074D04462846F8
:109B1000FFF7D4FA002805D104494861206028469F
:109B2000FFF7CCFA70BD000050C300002C350020B8
:109B30000348416801221143416000207047000042
:109B400000200240F8B5124D0746287C14460E4608
:109B5000012807D0012028740E48FFF7AFFA00282B
:109B600002D00CE00220F8BD00216961022F09D06B
:109B7000012F09D0002F09D00648FFF79FFA0021D6
:109B80002974F8BD3460FAE73480F8E73470F6E7FA
:109B90002C35002050C3000009494868C0070DD08B
:109BA000EFF3108072B6074ACA60074ACA6080F3B2
:109BB00010884868C00701D0012070470020704716
:109BC00000200240EFCDAB8905040302F8B51A4E20
:109BD0000546307C0F46012807D001203074174815
:109BE000FFF76CFA010002D021E00220F8BD00204E
:109BF000C04338606C6814E02046FFF701FA0F4854
:109C0000FFF75CFA01460E48426808239A43426017
:109C1000426843159A434260002901D03C6006E047
:109C20008034A8686A68C0018018A042E4D8002087
:109C300030740846F8BD00002C35002050C30000E9
:109C40000020024001484069704700002C35002088
:109C500005484168022211434160416801221143D5
:109C6000416000207047000000200240F8B50C4C15
:109C70001646207C0F46012808D001202074094890
:109C8000FFF71CFA0025002802D006E00220F8BDEC
:109C900065613E600348FFF711FA2574F8BD0000C6
:109CA0002C35002050C3000011484168C9070BD073
:109CB000EFF3108172B60F4AC2600F4AC26081F39F
:109CC00010884168C9070ED1416889070DD5EFF3A7
:109CD000108172B6094A0261094A026181F3108853
:109CE0004068800701D501207047002070470000C0
:109CF00000200240EFCDAB8905040302BFAE9D8C6E
:109D000016151413F8B53F4901253F4C012805D01D
:109D10002A02022690420BD14E71F8BD88780128A4
:109D2000FBD1207819383028F7D3E570E572F8BDFB
:109D30008028FCD1A574607B00280BD16573334962
:109D4000334806F0C1FD3349314806F025FE30485E
:109D500006F034FEA07A0122401CA07291032E4826
:109D600000F03FF906F09EFD2C4F0025009035E0F5
:109D7000009806F09DFD7D21C900884207D3009818
:109D800006F096FDB84202D20120A07326E00098AA
:109D900006F08EFDB84221D31120FFF721F92048AB
:109DA000C07B01280AD1FFF7F7FE1D481D49203866
:109DB000027F0220FFF7C6FEFFF7BAFE1448A57225
:109DC0001949283806F080FD11486421283806F02A
:109DD000E3FD0F48283806F0F1FD06E0052080215C
:109DE000000700F0F1F80028C2D001210022890309
:109DF000094800F0F6F8A07A052898D1A572A67354
:109E0000F8BD0000D001002020000020B9F80008B3
:109E1000D00400208813000000040050B80B00009C
:109E20000C0100200C0008080DF9000810B50449C9
:109E30004A69024202D04861FFF764FF10BD00008A
:109E400000040140FCB500230124A7E027462A4670
:109E50009F403A406FD04D68012D05D0022D03D0B0
:109E6000112D01D0122D16D185680326AC465D0058
:109E7000AE46AE406546B543AC46CE687546AE408C
:109E800065462E43866046680D79BE43ED06ED0FAC
:109E90009D4035434560C6685F000325BD40AE4622
:109EA000AE4335468E68BE402E43C6604E68022ED5
:109EB00001D0122E14D1DE08B60036180196366A8B
:109EC0005D07B446EE0E0F25B54000966646AE43DC
:109ED000B4460D69009EB54066462E43019D2E6234
:109EE00006687546AE430D79AD07AD0FBD403543ED
:109EF00005604D68ED0050D52B4D6E6B26436E63AB
:109F00009E082A4DB6007519AC46AD689E07360FFF
:109F10000F27B740BD4305273F07B84201D10027AF
:109F20001AE0234FB84201D1012715E0214FB84272
:109F300002D1022710E030E01F4FB84201D10327C1
:109F40000AE01E4FB84201D1042705E01C4FB84279
:109F500001D1052700E00627B7402F436546AF60D3
:109F6000184D2E684F689643FF0300D516432E60A8
:109F70006E684F689643BF0300D516436E60AE68A7
:109F80004F689643FF0200D51643AE60EE684F68F7
:109F90009643BF0200D51643EE605B1C0A68154667
:109FA000DA4000D052E7FCBD001002400000014042
:109FB0000004005000080050000C00500010005039
:109FC000001C0050000401400069084000D001203E
:109FD0007047426913460B401B0491430B43836156
:109FE0007047002A01D0816170478162704700008C
:109FF00001488068704700001002002070B504001E
:10A000000FD021681348086021681348086003CC0A
:10A0100041602068083C21688860FFF7E9FF054639
:10A0200008E0012070BDFFF7E3FF401B292801D99C
:10A03000032070BD2068C0680028F4D12068026940
:10A04000E1688A4201D0016101E004490160002019
:10A0500070BD0000CCCC000055550000AAAA00003D
:10A06000006802490160002070470000AAAA0000B1
:10A0700002488168027889188160704710020020C8
:10A0800010B50848002401684022114301602046B1
:10A0900000F00AF8002801D0012401E000F026F8C1
:10A0A000204610BD0020024070B504460D4D7D20B5
:10A0B0002978C000FDF71CFC01460B480068FDF73D
:10A0C00017FC01F00FF8002809D1042C07D2002258
:10A0D0002146401E00F022F800206C6070BD012077
:10A0E00070BD0000100200201C0200200448416BDB
:10A0F000012211434163816B020411438163704764
:10A1000000100240002805DBC106C90E012088406E
:10A11000014908607047000000E100E010B507F059
:10A1200039FB10BD024801680215114301607047F8
:10A1300000700040024801684215114301607047F9
:10A1400000700040024801688215114301607047A9
:10A1500000700040F0B5154A1368154D54152D6A6E
:10A160002340ED07ED0F002B04D0002D02D0166820
:10A17000A64316601668B608B600064316600D487A
:10A18000076904263743076101290DD040BF20BF6E
:10A1900020BF0169B1430161002B04D0002D02D022
:10A1A000106820431060F0BD30BFF2E7007000403F
:10A1B0000000014000ED00E0F8B5044600780027FB
:10A1C0005D4D800671D55C4E403EB06BC00004D43E
:10A1D000B06BA9050843B063012758480168C90559
:10A1E00011D40168821511430160FFF701FF00904F
:10A1F00005E0FFF7FDFE0099401A642837D84F4864
:10A200000068C005F5D532680321090560680A4079
:10A210000140914208D08103890F032904D131689C
:10A22000890301D50120F8BD2A69032109040A40E8
:10A2300022D0084090421FD0207880061CD5286983
:10A240002A6988430121C9040A432A612A698A4389
:10A250002A612861C0050FD5FFF7CAFE009008E00B
:10A26000FFF7C6FE0099411A3548814201D9032003
:10A27000F8BD28698005F3D561688803800F03283D
:10A2800005D132680005824301400A4332602869E3
:10A29000032261681204114008432861002F04D092
:10A2A000B06B012109078843B0632078C00705D04F
:10A2B000E868A168800880000843E860207880078B
:10A2C00005D5E8680C218843E1680843E8602078F8
:10A2D000400706D5E86803218902884321690843BD
:10A2E000E8602078000706D5E86803210903884361
:10A2F00061690843E8602088C00506D5E868032145
:10A3000009048843A1690843E8602078400606D51F
:10A31000E868012189068843216A0843E8602078BB
:10A32000000606D5E868032189048843E1690843EB
:10A33000E8600020F8BD00004010024000700040BE
:10A3400088130000F8B50E46050038D05E48006856
:10A35000C007C00FB04214D25B4C206840084000D8
:10A3600030432060FFF744FE074605E0FFF740FE5C
:10A37000C11B564881427AD82068C007C00FB0423E
:10A38000F4D12878524C800705D5E068F021884345
:10A39000A9680843E0602878C00752D0686802289E
:10A3A00006D0032807D0216801280AD0890504E0D7
:10A3B0002168890301E021688901002903DB01206C
:10A3C000F8BD4907F9E7E168890889000143E160C0
:10A3D000FFF70EFE0746686802280AD0032814D04B
:10A3E00001281ED029E0FFF703FEC11B3748814238
:10A3F0003DD8E0680007800F0228F4D121E0FFF784
:10A40000F7FDC11B3148814231D8E0680007800F59
:10A410000328F4D115E0FFF7EBFDC11B2B48814267
:10A4200025D8E0680007800F0128F4D109E0FFF784
:10A43000DFFDC11B2548814219D8E0680007800F65
:10A44000F5D121480168C907C90FB14217D9016880
:10A450004908490031430160FFF7CAFD074608E09B
:10A4600005E0FFF7C5FDC11B1848814201D9032053
:10A47000F8BD15480068C007C00FB042F1D1287878
:10A48000400706D5E068072109028843E9680843C8
:10A49000E0602878000707D5E0680721C9028843F3
:10A4A0002969C9000843E06000F03AF8E168094A08
:10A4B0000906090F515CC840074908600748006851
:10A4C000FFF7F2FDF8BD00000020024088130000F5
:10A4D00000100240BC1602081C02002014020020DA
:10A4E000044805490068C968044A4905490F515C98
:10A4F000C84070471C02002000100240D516020818
:10A50000044805490068C968044A8904490F515C38
:10A51000C84070471C02002000100240D5160208F7
:10A5200070B51A4AD3681A490C2018408D000428C7
:10A530000CD04E00082810D00C2810D05068000411
:10A54000410F0120C003491C884070BD1068C0063F
:10A5500001D5084670BD284670BD304670BD9802D2
:10A560000C4C000F205C1B029C0FD368641CDB03A7
:10A5700001D5314603E01268D20600D4294607F01F
:10A58000E4F822460023FDF7DDF970BD001002401B
:10A5900000093D00CC160208FEB505007ED0F74C40
:10A5A000E7680C20E6680740012000040640287890
:10A5B000C00747D0082F05D00C2F0AD10120000476
:10A5C000864206D1206880033CD568680028E5D023
:10A5D00038E0012069680004814203D12168014309
:10A5E000216011E0052301221B0492049942216895
:10A5F00002D111432160F1E78143216021680140CC
:10A600000091206890432060686800280DD0FFF713
:10A61000EFFC009005E0FFF7EBFC0099401A64287E
:10A620007ED820688003F6D50CE0FFF7E1FC0090AF
:10A6300005E0FFF7DDFC0099401A6428F0D8206897
:10A640008003F6D4287880075DD5E868810604D5B4
:10A65000226820210A43226088430923042F0DD059
:10A660000C2F01D1002E09D000283CD0216899433D
:10A6700001432160FFF7BCFC064628E0216849073A
:10A6800001D500288AD061681F22120291432A69ED
:10A690001202114361602168994300E0C7E1014360
:10A6A0002160FFF73DFFE16809060A0FB449895CA4
:10A6B000C840B4490860B4480068FFF7F5FC0028BA
:10A6C00074D120E0FFF794FC801B0228A8D82068F2
:10A6D0004007F7D560681F210902884329690902EC
:10A6E000084360600FE02068400840002060FFF7EA
:10A6F0007FFC064604E0FFF77BFC801B02288FD816
:10A7000020684007F7D42878C00661D5002F0DD007
:10A71000E86900284BD02068FF210131084300E0A0
:10A72000EAE02060FFF764FC06462DE02068800523
:10A7300002D5E8690028A5D060680721490388434D
:10A74000696A084360606068298C0002000A090693
:10A7500008436060686A410B0120C003491C8840BF
:10A76000E16809060A0F8649895CC8408549086086
:10A7700085480068FFF798FC002817D128E0FFF70C
:10A7800037FC801B0228A1D820688005F7D56068B7
:10A79000072149038843696A084360606068298C1F
:10A7A0000002000A09060843606011E025E1216803
:10A7B000FF20013081432160FFF71AFC064604E0C8
:10A7C000FFF716FC801B022899D820688005F7D473
:10A7D00028786E4E000724D568690028306910D0AB
:10A7E000012108433061FFF703FC009005E0FFF70B
:10A7F000FFFB0099401A02287ED830698007F6D501
:10A800000FE0400840003061FFF7F2FB009005E0E8
:10A81000FFF7EEFB0099401A02286DD830698007D7
:10A82000F6D42878400764D500200290A06BC000C1
:10A8300006D4A06B012109070843A0630120029000
:10A8400053480168C90511D401688215114301609C
:10A85000FFF7CEFB009005E0FFF7CAFB0099401A16
:10A86000642849D84A480068C005F5D5FF20AA6881
:10A870000130824203D131690143316111E001218C
:10A880008902002A07D005231B029A4203D13269AC
:10A890000A433261EFE732698243326130698843AB
:10A8A0003061A86800280ED0FFF7A2FB009006E0F8
:10A8B000FFF79EFB0099411A364881421CD8306947
:10A8C0008005F5D50DE0FFF793FB009006E0FFF75C
:10A8D0008FFB0099411A2F4881420DD830698005BD
:10A8E000F5D40298002804D0A16B01200007814311
:10A8F000A1632878800600E07EE02ED52648A9696D
:10A900004314002916D0A26801210A43A260626B99
:10A910000A436263016A19430162FFF769FB064655
:10A9200004E0FFF765FB801B022865D8A06880075C
:10A93000F7D512E0A16849084900A160016A99436E
:10A940000162FFF755FB064604E0FFF751FB801B51
:10A95000022851D8A0688007F7D4A86A002868D0D8
:10A960000C2F4FD0012636060228206816D0B0439F
:10A970002060FFF73DFB054640E00000001002406C
:10A98000BC1602081C0200201402002040100240E5
:10A99000007000408813000000000140B0432060B8
:10A9A000FFF726FB074604E0FFF722FBC01B022847
:10A9B00022D820688001F7D4296BE86AE26808434E
:10A9C000696BFD231B049A4311430843E060206830
:10A9D00030432060FFF70CFB054604E0FFF708FB5F
:10A9E000401B022808D820688001F7D521E0FFF736
:10A9F000FFFA401B022801D90320FEBD2068800118
:10AA0000F5D416E00128F8D0E06801210904EA6ACB
:10AA1000014091420BD10F2189042A6B01409142E0
:10AA200005D1032189050840696B884201D00120C6
:10AA3000FEBD0020FEBD7047006889005030081838
:10AA4000006870470068890050300818026070473D
:10AA500030B5014620310A78012A15D001220A704A
:10AA600002234B700468CA23636204685323636241
:10AA700003689C6820252C439C600068FF23436288
:10AA80004A700020087030BD022030BD10B505F0BE
:10AA900031FF10BD70B50446006881688025C90487
:10AAA00000290BDAC068C00508D52046FFF7EEFF85
:10AAB0002168C8682840FF388238C86020688168EB
:10AAC00089040BD5C068800508D52046FFF7B3FF81
:10AAD0002068C168054A29408918C16001200449DD
:10AAE0004004486101202034607070BD7FFDFFFF8D
:10AAF00000040140F8B505460446203528780128B1
:10AB00001DD001202870022068702268CA2050627F
:10AB1000226853205062FF2001300026FF27814227
:10AB20001CD121688A6882438A602068816801227A
:10AB3000120391438160FFF75BFA009009E0022065
:10AB4000F8BDFFF755FA0099411A7D20C0008142F7
:10AB50001BD82068C068C007F3D020E02068816857
:10AB60000122520291438160206881681201914361
:10AB70008160FFF73DFA00900DE0FFF739FA009988
:10AB8000411A7D20C000814205D920684762032018
:10AB900068702E70F8BD2068C0688007EDD5206809
:10ABA0004762012068702E700020F8BD10B5006863
:10ABB0000B464068C021C94301400002000ECC048E
:10ABC000D870E40E5C708C06A40E0904490F9C70CA
:10ABD0001970002A0AD105F063F8D870587805F08A
:10ABE0005FF85870987805F05BF89870002010BDF9
:10ABF00030B50B460168896A5960016809694904E2
:10AC0000490C9960006804680F4821460140880299
:10AC10004D04800E18706D0E49065D70490E9970D6
:10AC20006102490E40242140D970002A0AD105F062
:10AC300037F81870587805F033F85870987805F0A0
:10AC40002FF89870002030BD7F7F7F00F8B504009A
:10AC500050D0254620356878002803D1287020463A
:10AC600000F052F8022068702168CA20486221680A
:10AC700053204862204605F027F8FF2604270028C5
:10AC8000206802D046626F7034E081681D4A11402E
:10AC90008160216888686268A369104322691A4349
:10ACA000104388602168E068086120680169228992
:10ACB0001204114301612068C16880229143C16080
:10ACC0002068C16C89088900C164E1696069014339
:10ACD0002068C26C1143C1642068806880060BD470
:10ACE000204600F0DDF9002806D0206846626F702B
:10ACF000002028700120F8BD20684662012068709D
:10AD00000020F8BDBFFF8FFF00B597B00420009072
:10AD100000200A90FF20013002906846FFF73CFCBB
:10AD2000002801D0FEF76AF920200E90C0020F9093
:10AD30000EA8FFF741FA002801D0FEF75FF9084896
:10AD4000016901229204114301610022114602208F
:10AD5000FFF7E4F90220FFF7D5F917B000BD0000B6
:10AD600040100240FEB506460446203630780B46B9
:10AD700001283ED00120307002207070184620302B
:10AD80000090206800278068002A34D0400600D454
:10AD9000DF7019789D7809040D435978DA78090233
:10ADA000120411430D430099D869097809060D432F
:10ADB000054358699969054358680843009021681C
:10ADC000CA204862216853204862FF205A6A013035
:10ADD0008021824245D12268936883439360206832
:10ADE000C2680A40FF3A823AC260FFF701F9019057
:10ADF00024E00220FEBD400600D4DF70187804F085
:10AE000057FF0504587804F053FF00020543987873
:10AE100004F04EFF0543D8780004054300980078FD
:10AE200004F046FF00060543D869C1E7FFF7E0F8E4
:10AE30000199411A7D20C00081422AD82068C0684B
:10AE4000C007F3D02068C561216800984864206875
:10AE50008168FF22013211438160206881681201FC
:10AE600030E02068826801235B029A438260206898
:10AE7000C2680A401D495118C160FFF7B9F8019036
:10AE80000EE0FFF7B5F80199411A7D20C00081421C
:10AE900006D92168FF204862032070703770FEBD1C
:10AEA0002068C0688007ECD520680562216800989A
:10AEB0008864206881680122520211438160206801
:10AEC0008168120111438160094802680121490427
:10AED0000A43026082680A4382602168FF20486258
:10AEE0000120707037700020FEBD00007FFDFFFF65
:10AEF00000040140F8B505460446203528780B4685
:10AF000001280FD00120287002206870002A0BD081
:10AF1000D8789E78000406435878097800024903DF
:10AF2000084317E00220F8BD5878C10603D5EF2189
:10AF300008400A305870D87804F0BAFE06045878F1
:10AF400004F0B6FE00020643987804F0B1FE064312
:10AF50001878400306432168CA20486221685320BC
:10AF60004862204604F0B0FE0027002811D11148A5
:10AF70000640206846602068C16880229143C16015
:10AF80002068806880060CD4204600F089F80028EC
:10AF900007D02168FF204862042068702F700120CC
:10AFA000F8BD2168FF204862012068702F700020E2
:10AFB000F8BD00003FFFFF00F8B506460446203606
:10AFC00030780D46012822D00120307002207070A8
:10AFD000206800278068002A1BD0400600D4EF704C
:10AFE0002978A878090408436978EA7809021204E4
:10AFF0001143084300902168CA2048622168532009
:10B000004862204604F060FE002837D116E0022096
:10B01000F8BD400600D4EF70287804F049FE030420
:10B02000687804F045FE00020343A87804F040FE6F
:10B030000343E878000403430093DCE717490098D2
:10B0400008402168086020688168012292049143C9
:10B0500081602969E868084321688A68104388602C
:10B060002068C16880229143C160206880688006A2
:10B070000CD4204600F014F8002807D02168FF20E7
:10B0800048620420707037700120F8BD2168FF20ED
:10B0900048620120707037700020F8BD7F7F7F000C
:10B0A00070B504460068C168A0229143C160FEF7F4
:10B0B0009FFF7D260546F60006E0FEF799FF401B40
:10B0C000B04201D9032070BD2068C0688006F4D565
:10B0D000002070BD024801690222114301617047DE
:10B0E00000E000E0094910B5401E884201D9012066
:10B0F00010BD074C60610321081F06F04BFB0020C8
:10B10000A06107202061002010BD0000FFFFFF00AC
:10B1100000E000E0024801690222914301617047AA
:10B1200000E000E0014660310A7D012A09D00122D9
:10B130000A750068026802231A430260002008753D
:10B140007047022070477047FEB5054604466035DB
:10B15000287D00269446012811D001232B75242038
:10B16000A067206802689A4302602768B8680322D3
:10B17000120590430843B860002902D015E0022070
:10B18000FEBD604600910190206841681022914305
:10B190006A46928811434160206841686A46090204
:10B1A0009279090A12061143416020680168194327
:10B1B0000160FEF71DFF09490091034601210022AD
:10B1C0008905204605F034FF002801D0032601E060
:10B1D0002020A067002028753046FEBDFFFFFF013C
:10B1E000704700000C4A10B50021904206D110466D
:10B1F0006030017501220949603809E0084A90422F
:10B2000008D110466030017504490122493960387F
:10B2100000F0C2F910BD0000F0050020640000201D
:10B2200074060020F8B502680446D0691168966873
:10B23000814B05461D402023002D6CD0F7077F4D24
:10B24000FF0FBC460D402F4379D02546C7078035F8
:10B25000002F06D0CF0504D5012717622A683A438C
:10B260002A60820708D5F20706D0276802223A62D0
:10B270002A6804273A432A60420708D5F20706D015
:10B280002668042232622A68022632432A600207B4
:10B290000AD50A461A406646324305D02668082277
:10B2A00032622E6816432E60020508D54A0106D583
:10B2B00001222668D20232622A681A432A602A686A
:10B2C000002A30D0800606D5880604D5616E002994
:10B2D00001D020468847286821688968490602D439
:10B2E0002821084225D0204605F0B5FC2068816859
:10B2F000490619D5826840218A438260206F002860
:10B3000012D04F498163206FFEF7F6FA00280AD069
:10B31000206F816B06E0850611D58D060FD5616E15
:10B3200077E020468847F8BD2046FFF75BFFF8BD71
:10B3300005E02046FFF756FF00202860F7E7256E5E
:10B34000012D56D1C50654D5CD0652D5102616620C
:10B350002068816825464906403500292ADA226F8F
:10B36000116849680904090CE1D02F8B8F42DED99E
:10B37000698311680968890617D40168320191430D
:10B3800001602068816849084900816020688168FF
:10B39000402291438160E3670020206620680168B5
:10B3A000B1430160206FFEF785FA288B698B401A44
:10B3B00081B21AE0298B6A8B891A6A8B89B2002ABA
:10B3C000B5D00029B3D00268FF252135AA43026019
:10B3D00020688268520852008260E367002020667D
:10B3E000606620680268B24302602046FFF7ABFE49
:10B3F0009DE7C50208D5750206D50120000510623B
:10B400002046FFF7EDFE92E7050605D50D0603D5AC
:10B41000A16E002985D18AE7400688D5480686D5E1
:10B42000116820464024A143116083670021816692
:10B4300000F0F8F97BE700000F080000200100048D
:10B44000BD0B010810B5040003D0A06F002802D086
:10B4500007E0012010BD002174200155204600F0B6
:10B4600027F82420A0672068016849084900016086
:10B47000204605F087FC0128ECD0606A002802D045
:10B48000204605F003FB206841680922D20291435F
:10B490004160206881682A229143816020680168A8
:10B4A000012211430160204605F056FB10BD00004B
:10B4B000F0B587B0064614216846FCF724FB304FF0
:10B4C000346800252F49022001220323BC4232D1D7
:10B4D0008C6B47043C438C63CC6A0443CC62C96ADE
:10B4E00001AC01400591990200910DC40720049020
:10B4F00069462548FEF7A6FC254C24482060052017
:10B5000060601020E560A0606561A5618020E56154
:10B510002061800120622046FEF768FA002801D0F1
:10B52000FDF76CFDF466002201211D20A662FEF7E6
:10B53000F5FD1D2020E0174EB4421FD18C6B012673
:10B54000760434438C63CC6A1443CC62C96A01909C
:10B55000C907C90F059104200C2104900091052012
:10B560000295039369460007FEF76CFC0022022156
:10B570001C20FEF7D3FD1C20FEF7C4FD07B0F0BD74
:10B580000048004000100240000400501C0002402F
:10B59000F80600200044004030B5C36F202B27D1AF
:10B5A00000290BD0002A09D0012483682403A34278
:10B5B00006D10369002B03D1CB0701D0012030BD98
:10B5C000034660331C7D012C12D001241C7500231E
:10B5D0000366084C0368A34207D05C68240204D5C4
:10B5E0001C680125AD062C431C6005F0D5FC30BD60
:10B5F000022030BD0048004070B523490123234A92
:10B6000088422AD1507901280FD021491046643050
:10B610000E8E4D6B0478AC550C8E641C0C86044663
:10B62000443C2478582C03D010E004F01FF80FE0BD
:10B63000184C2478002C09D1C978072906D0417804
:10B640000D2903D101780A2900D15377017841707F
:10B650000E49012264310C4813E00F49884212D18F
:10B660000A4C0E4D4034E188D07E6854491CE1807C
:10B670000D2801D00A2800D11377044901221B317B
:10B680000548FFF789FF70BDF0050020000000208D
:10B69000D0010020A3010020740600202C0200200D
:10B6A000FFB50446806F83B017460D4620285ED153
:10B6B000002D0AD0002F08D0A168C001814207D117
:10B6C0002069002804D1E80702D0012007B0F0BDAE
:10B6D000204660300090007D012848D0009801216C
:10B6E00001750020802108512120A067FEF780FC11
:10B6F000264640360190378277820120A1680003F8
:10B70000814202D12069002805D02F4600250099EA
:10B710000020087511E00027F9E70022802120466B
:10B7200005F086FC002815D1002F15D02168387847
:10B7300088627F1C708A401E7082708A019B00287C
:10B7400006980090E9D100224021204605F070FCC7
:10B75000002808D00320B9E728882168C005C00D5B
:10B760008862AD1CE6E72020A0670020AEE702203B
:10B77000ACE70000F8B50446806F20284AD10029C4
:10B780000BD0002A09D00123A0681B03984206D1E0
:10B790002069002803D1C80701D00120F8BD254643
:10B7A0006035287D012835D001202875204640309D
:10B7B000E164028242820026274680373E602120D3
:10B7C000A067E06E00281AD01349C162E16E1348E9
:10B7D0000863E16E12484863E06E13468663206892
:10B7E000E16C283084466246E06EFEF747F9002897
:10B7F00005D0102038602E752020A067CDE7216885
:10B80000402008622E752068816880221143816083
:10B810000020F8BD0220F8BD1D0C01084D0C0108E8
:10B82000D10B0108704770477CB506461A4841683D
:10B83000C9430907FBD4194C606B65152843606345
:10B8400000211748FDF712FE164800901648019097
:10B8500069461348FDF760FEA01401906946009602
:10B860000F48FDF759FE0E48FDF7F6FF0021C943CA
:10B870000B48FDF791FF0A48FDF798FE084980B292
:10B880000A689368022633439360096803220A60BA
:10B89000616BA94361637CBD0070004000100240F1
:10B8A00084050020FFFF07000110000070B5174954
:10B8B00004464A6A08698018000EE0714A6A0869FD
:10B8C0008018000CA071088A8A8C8018000A6071A8
:10B8D000087C8A8C801820714869000EE0704869E5
:10B8E000000CA070888A000A6070087D2070052511
:10B8F000625D07A1084805F0FDFE074908461438B7
:10B90000FCF70CF96D1C082DF2DB70BD4000F81F30
:10B9100025303278000000006C04002070B50C4621
:10B92000054600210448FFF787F8286001210248F6
:10B93000FFF782F8206070BD4007002010B50C466C
:10B94000024600210448FFF77DF822460121024803
:10B95000FFF778F810BD00004007002030B587B031
:10B960000546694605A800F00BF8840A890580059C
:10B970000C43800D00F0E0F92880204607B030BD70
:10B9800070B505460C4600222248FFF731F9002227
:10B99000294620486668FFF709F9002221461D481C
:10B9A000FFF726F96068B042F1D1E8781A4A0146FB
:10B9B0005043C01C8308880729D0184869783D2265
:10B9C0000E4651430A463C3A7100891EC840D10FC9
:10B9D00080078918800F4910081AC018A978401EDE
:10B9E00008180F493C2248436178E12351432278EB
:10B9F0001B015A438918A27810180818810D830278
:10BA00006068084C0022201A1818514170BD064881
:10BA1000D4E7000040070020B5050000A0AA990067
:10BA200080510100FF03000050554400032070477F
:10BA300001480068704700008C07002000B587B0FF
:10BA4000694605A8FFF79CFF0249096807B0401A3C
:10BA500000BD00008C07002000B587B0694605A82E
:10BA6000FFF78EFF07B000BD10B5084C2078002806
:10BA70000AD100F04DF8FF2101310548FFF73AF8EF
:10BA800000F0ACF80120207010BD000088000020FC
:10BA90004007002010B50D4C0021042000F01AFBD7
:10BAA00001200B494004486121688868C0040BD517
:10BAB000C868C00508D5C86880221040FF388238A1
:10BAC000C8602046FEF7E2FF10BD000040070020DE
:10BAD0000004014070B50446FFF7B0FF211A0B4D7A
:10BAE0000220285EC01C814201D9002100E0012112
:10BAF000042000F0EFFA00F0D9FA012802D1022068
:10BB0000285E241A204600F075F870BD88000020D9
:10BB100030B52E492E4891B0002412C01F2101607B
:10BB2000846004612B49446141600838FFF78EF856
:10BB300000212748FEF780FF012500281CD1684618
:10BB4000C470457085700570002269462048FFF773
:10BB5000D1F90B940C940F9400220BA91C480E945D
:10BB6000FFF72AFA1C4A00211948FEF76BFF002252
:10BB700001211748FEF766FF1548FEF769FF2821E7
:10BB800001A8FBF7C0FF684604714471032181716D
:10BB90000294049405940694079408A808940571E7
:10BBA000FF2001300A90012201A90948FFF7DAF8C5
:10BBB000052168468171012040020A90012201A9F5
:10BBC0000348FFF7CFF811B030BD00000028004057
:10BBD00040070020FF0300008000926510B5044C70
:10BBE0002046211D1830FFF7CBFE206010BD00005D
:10BBF0008C070020F0B587B0044614223F4901A805
:10BC0000FBF768FF3D485038406E009000F07EF82A
:10BC10003B4802993B4A401AA105890D081887B292
:10BC2000A10A68468078534202E08918401C80B21D
:10BC30009942FAD26A461579E122120102E0891A84
:10BC40006D1CADB29142FAD26A46547902E0641C8E
:10BC5000A4B23C393C29FAD2927951188EB2012112
:10BC6000890203E07A1A761C97B2B6B28F42F9D2F3
:10BC700003E03C3E641CB6B2A4B23C2EF9D203E011
:10BC80003C3C6D1CA4B2ADB23C2CF9D203E0183D93
:10BC9000401CADB280B2182DF9D26946C978890727
:10BCA00069464A7827D01849491E515C814202D220
:10BCB000FBF71EFE08461249CA1B10492C394A6080
:10BCC000052252068A618E704C700A460D70203231
:10BCD00010706846C079C8700020C861FF224861B2
:10BCE0000132C8604A620861024608462438FFF7FC
:10BCF00039F807B0F0BD04490C31D5E790070020B2
:10BD0000FF03000080AEFEFF58E5010810B5FF21DB
:10BD100001310748FEF7EEFE05480168C868802239
:10BD20001040FF388238C86002499002486110BD57
:10BD3000400700200004014010B57D2105F005FDFD
:10BD40004906C009084310BD10B5410EC0017D224F
:10BD50000023FBF7F7FD10BDFEE7000008B50B4818
:10BD6000C26A02210A43C262C06A084000900848C1
:10BD700011214160002181600321C160C021016067
:10BD800001460448FEF75EF808BD000000100240BE
:10BD90005C1E00200004005010B50E4C0022402113
:10BDA0002046FEF71EF904F099F900228021204672
:10BDB000FEF717F900F010F8012240212046FEF7A7
:10BDC00010F900F009F8002240212046FEF709F999
:10BDD00010BD00000004005008B50E200090401E69
:10BDE0000090FCD108BD000010B50E4C002240218F
:10BDF0002046FEF7F6F804F071F901228021204672
:10BE0000FEF7EFF8FFF7E8FF012240212046FEF79A
:10BE1000E8F8FFF7E1FF002240212046FEF7E1F8B5
:10BE200010BD000000040050F8B5074604F03AF9D0
:10BE30000024134E25466006040E002240213046A1
:10BE4000FEF7CFF8FFF7C8FF012240213046FEF78A
:10BE5000C8F880213046FEF7B7F8002801D0641CEE
:10BE6000E4B2FFF7B9FF6D1CEDB2082DE3D3002F4C
:10BE700003D0FFF791FF2046F8BDFFF7B5FFFAE7C3
:10BE80000004005070B515460C46064600F058F800
:10BE90007600F0B200F022F800F094F8002803D009
:10BEA00000F070F8012070BD00F04AF8761CF0B286
:10BEB00000F014F800F086F808E0012C0CD0012006
:10BEC000FFF7B2FF641E2870E4B26D1C002CF4D1A1
:10BED00000F058F8002070BD0020F1E770B505466D
:10BEE00004F0FCF8154E002240213046FEF779F8A8
:10BEF0000024280601D5012200E0002280213046DE
:10BF0000FEF76FF8FFF768FF012240213046FEF789
:10BF100068F8FFF761FF002240213046FEF761F824
:10BF2000012280213046FEF75CF86806050EFFF717
:10BF300053FF641CE4B2082CDBD370BD0004005036
:10BF400010B504F0CBF80E4C012280212046FEF7FC
:10BF500048F8012240212046FEF743F8FFF73CFF56
:10BF6000002280212046FEF73CF8FFF735FF002233
:10BF700040212046FEF735F8FFF72EFF10BD0000E8
:10BF80000004005010B504F0A9F80D4C0022402127
:10BF90002046FEF726F8002280212046FEF721F8F1
:10BFA000FFF71AFF012240212046FEF71AF801226E
:10BFB00080212046FEF715F8FFF70EFF10BD0000A8
:10BFC0000004005070B5002404F06CF8134D0122F9
:10BFD00080212846FEF705F8FFF7FEFE01224021EA
:10BFE0002846FDF7FEFFFFF7F7FE07E0641CE4B20A
:10BFF000FA2C03D9FFF7C6FF012070BD8021284627
:10C00000FDF7E2FF0028F1D1002240212846FDF78C
:10C01000E8FFFFF7E1FE002070BD000000040050C3
:10C0200070B50E460446FFF78BFF6006000EFFF763
:10C0300055FFFFF7C7FF0124094D002806D1304600
:10C04000FFF74CFFFFF7BEFF002804D0FFF79AFF71
:10C050006C70012070BDFFF795FF002070BD0000DF
:10C060009801002070B50546FFF754F80D4CA06B01
:10C0700021040843A063FEF75DF8FEF753F8E0687B
:10C080000121C9030843E060074801680422114305
:10C09000016001210846FEF75DF8A847FFF71AF88E
:10C0A00070BD00000010024000700040EFF31081EE
:10C0B00072B607480268002A01D0002005E04068F7
:10C0C000002801D0012000E0022081F31088704791
:10C0D0008C00002010B5EFF3108272B6064B0029D9
:10C0E0001C6803D0012903D1044300E084431C6091
:10C0F00082F3108810BD00008C00002010B50649A6
:10C10000064804F0E1FB0649044804F045FC0348F6
:10C1100004F054FC10BD00003DF800089404002019
:10C1200060EA0000F0B58FB00F460646FFF716FE36
:10C1300006200B908B200890AB20BC4C0C90002F5D
:10C1400075D002AD032F70D028460C300D90022F11
:10C150006CD0002720780B99FFF762FF0A20FDF7CB
:10C16000C1FC20780899FFF75BFF5020FDF7BAFC6F
:10C1700001AA02212078FFF785FE684600790102B6
:10C18000684640790818790068520A20FDF7AAFC31
:10C190007F1CFFB2062FDDD302A8FCF796FC4004FB
:10C1A000400C69460884FBF7B1FF0022A04BFBF767
:10C1B00091FE0222D243FBF76DFF00229D4BFBF75D
:10C1C000F1FE9D4A9D4BFBF785FE9D4A9D4BFBF77B
:10C1D000E9FEFCF709F870605020FDF783FC0027AA
:10C1E00020780B99FFF71CFF0A20FDF77BFC2078D5
:10C1F0000C99FFF715FF5020FDF774FC6A460221E9
:10C200002078FFF73FFE68460078010268464078D4
:10C2100008187900491988810A20FDF763FC7F1C02
:10C22000FFB2062FDCD3BCE001E02BE095E02078E4
:10C230000B99FFF7F5FE0A20FDF754FC20780899CA
:10C24000FFF7EEFE5020FDF74DFC01AA02212078F9
:10C25000FFF718FE5020FDF745FC20780B99FFF7FB
:10C26000DFFE0A20FDF73EFC20780C99FFF7D8FE90
:10C270005020FDF737FC6A4602212078FFF702FEC6
:10C280000FB0F0BD002720780B99FFF7C9FE0A20F8
:10C29000FDF728FC20780899FFF7C2FE5020FDF733
:10C2A00021FC01AA02212078FFF7ECFD6846007905
:10C2B0000102684640790818790068520A20FDF7A3
:10C2C00011FC7F1CFFB2062FDDD302A8FCF7FDFB9B
:10C2D0004004400C69460884FBF718FF0022544BC9
:10C2E000FBF7F8FD0222D243FBF7D4FE0022514BAC
:10C2F000FBF758FE504A514BFBF7ECFD504A514BAF
:10C30000FBF750FEFBF770FF70605020FDF7EAFB73
:10C31000002620780B99FFF783FE0A20FDF7E2FB49
:10C3200020780C99FFF77CFE5020FDF7DBFB6A4676
:10C3300002212078FFF7A6FD6846007801026846D2
:10C34000407808187100491988810A20FDF7CAFB56
:10C35000761CF6B2062EDCD392E7002720780B99E4
:10C36000FFF75EFE0A20FDF7BDFB20780C99FFF772
:10C3700057FE5020FDF7B6FB6A4602212078FFF7F2
:10C3800081FD684600780102684640780818790007
:10C39000491988810A20FDF7A5FB7F1CFFB2062FF3
:10C3A000DCD30D98FCF791FB45046D0C6846458481
:10C3B00023D06068FBF7F0FE04460F462846FBF7E3
:10C3C000A5FE00221A4BFBF785FD0222D243FBF7A4
:10C3D00061FE0022174BFBF7E5FD00221A4BFBF72D
:10C3E00079FD0022194BFBF7DDFD22463B46FBF7AA
:10C3F00071FDFBF7F9FE306042E72846FBF786FE49
:10C4000000220B4BFBF766FD0222D243FBF742FEF4
:10C410000022084BFBF7C6FD00220B4BFBF75AFD31
:10C4200000220A4BFBF7BEFDE3E700009801002065
:10C4300000404F4080842E41A4703D0AD79378403D
:10C44000EC51B81E85EB094000408F4000002840A9
:10C4500010B512481049016000210122D207C163C2
:10C460004260C1610122816142630723816083636D
:10C47000026102462032C160117051700423436191
:10C48000816207481173416B4215114341630348B0
:10C49000FDF790F810BD0000002401408405002045
:10C4A0000010024008B50848016B012211430163E6
:10C4B000006B10400022009011460A20FDF72EFE6E
:10C4C0000A20FDF71FFE08BD00100240F0B54D48E0
:10C4D0009FB0C16A80263143C162C16A31401E915A
:10C4E000C26A04210A43C262C26A0A401E92C16A39
:10C4F00001252943C162C16A29401E91C26A0221F5
:10C500000A43C262C06A08401E9014216846FBF7C5
:10C51000FAFA3D4800900327002405206946019758
:10C5200002940007FDF78EFC384800906946019799
:10C5300002943748FDF786FC142114A8FBF7E3FAB0
:10C5400034481590052014A9149616940007FDF799
:10C5500079FC142105A8FBF7D6FA0720000305A9EA
:10C560000897079421C12A480839FDF76BFC00227F
:10C5700029032748FDF735FD6E0300223146244884
:10C58000FDF72FFD0022A9032148FDF72AFD142104
:10C590000AA8FBF7B8FA0AA91F480D970A960B9547
:10C5A0000C94FDF74FFC012231461B48FDF719FDA5
:10C5B000142119A8FBF7A7FA7803199005201A94FB
:10C5C00019A91B940007FDF73DFC14210FA8FBF7E8
:10C5D0009AFA1194114C0F950FA9129710952046B5
:10C5E000FDF730FC012211462046FDF7FAFC00223F
:10C5F00002210720FDF792FD0720FDF783FD1FB004
:10C60000F0BD000000100240739F0000FBFF00001F
:10C61000000400500000211000080050001C0050D1
:10C6200010B5084806490160062141600649C1600D
:10C630008160FDF7E3FC002801D0FCF7DFFC10BDB2
:10C6400000300040E0050020FF0F000010B50F484B
:10C650000D490160E1214902416000218160C16012
:10C6600001610C228161426101623021416201213C
:10C67000090381634900C163FEF7E4FE002801D08D
:10C68000FCF7BCFC10BD000000480040F005002095
:10C6900010B50C480A4901604B21C90141600021D5
:10C6A0008160C16001618161C1610C2201624261EE
:10C6B0004162FEF7C7FE002801D0FCF79FFC10BDC9
:10C6C000004400407406002010B5012104464905CD
:10C6D000FEF73AFD2046FEF725FD10BDF0B50446F5
:10C6E00087B000200290F84D0120E8706B21F748D8
:10C6F00009014118227805912030F549019008463A
:10C7000020300090007D049008464030039000984F
:10C71000582600270078498C602A01D301F0FBFEDF
:10C7200053007B449B885B009F445F008500090B9E
:10C73000FB0023016901D50045015701090BD7070B
:10C740005B048201A203E303F3037F048F04A904C3
:10C75000C704E004F8049607F5071E085E0A8E0A6F
:10C760009E0AB80ADB0AFD0A220B440B5E0B650B1E
:10C770006F0B770B960BF70E130F270F090B330F69
:10C780002B0F3D0F4D0F15051207260747076807AA
:10C790007B07B40DDC0DEC0DFC0D250E110E150EF6
:10C7A0001B0E1F0E370E3F0E700E830E9F0EF810DD
:10C7B00024113911090B511146116D119011DE121E
:10C7C0002514090B090B1015841231143C144A145A
:10C7D000561488149A14A215090B7E04BD154A0834
:10C7E0006F127912EB116203B60100200CF07EFF8C
:10C7F000082809D0572604F055F80146B5A004F0E2
:10C8000069FF7D24E4000DE0BA4807700120207024
:10C8100004F048F80146B8A06BE007F0E1FE2046BE
:10C82000FDF760F90121052049030007FDF7CCFB66
:10C830000128F2D0F8E3B7480078012806D014E0C8
:10C8400007F0CEFE7D20C000FDF74CF90121052048
:10C8500049030007FDF7B8FB0128F1D0AD48007887
:10C86000012802D1AC48FDF73DF900200CF0A4FFEF
:10C87000082808D0572604F015F80146A7A004F0B0
:10C8800029FFA7A0EFE3AE48007801280DD0A1480A
:10C89000007801281DD00620207004F003F801461E
:10C8A000A8A004F017FFA8A0ECE7B1A10598FBF73A
:10C8B00041F9002801D00F2000E00E202070287AD6
:10C8C000012803D17D204001FDF70CF99C48077039
:10C8D000E3E70B20E0E700200DF00CFA21280BD055
:10C8E000222810D0232815D0572603F0DBFF01465D
:10C8F000A1A004F0EFFE9DE70320207003F0D2FF1B
:10C900000146A9A0F5E70320207003F0CBFF014604
:10C91000AEA0EEE70320207003F0C4FF0146B4A0F0
:10C92000E7E700200DF00CFA082805D0572603F0A1
:10C93000B9FF0146B7A0DCE70420207003F0B2FF86
:10C94000614A01464C321446BBA004F0C3FE88A1E4
:10C950005E48FBF7EFF80028CDD010215B48FBF7CD
:10C96000D2F80F2221465948FBF7B4F808F05CFCD6
:10C9700060E700200DF020FA082805D0572603F0C4
:10C9800091FF0146B4A0B4E70720207003F08AFFAE
:10C990004D4A014638321446B8A004F09BFE4B487D
:10C9A000102110300090FBF7AEF80F2221460098BE
:10C9B000FBF790F83EE700200DF02AFB082807D08F
:10C9C00003F070FF0146B5A004F084FE0820CEE31A
:10C9D00003F068FF0146BBA0F6E700200DF0D0FA97
:10C9E000082807D003F05EFF0146C2A004F072FEE3
:10C9F0000520ECE703F056FF0146C948F6E70020A2
:10CA00000DF024FE08280BD0572603F04BFF0146FB
:10CA1000C4A004F05FFEC4A011F0FAF80C20D6E721
:10CA200003F040FF0146C9A004F054FEC8A0F3E79C
:10CA300026484FA1C130FBF77DF8002815D10DF035
:10CA4000E5F8082808D0572603F02CFF0146CDA0B2
:10CA500004F040FECCA006E003F024FF0146CFA086
:10CA600004F038FECEA011F0D3F841A10598FBF7F1
:10CA700061F8002825D10E20A9E707F07DFD7D2073
:10CA8000C000FDF72FF803F00DFF0146CAA004F027
:10CA900021FECAA011F0BCF80121052049030007BE
:10CAA000FDF792FA0028E8D001210520490300078C
:10CAB000FDF78AFA012805D1E87103F0F3FE01467B
:10CAC00088E124E28EE10000A0010020F2140020A1
:10CAD000CC0000205B25755D4E42494F54206469AF
:10CAE00064206E6F7420726573706F6E642E0D0A11
:10CAF00000000000280000205B25755D4E42494F74
:10CB0000542068617320726573706F6E6465642E63
:10CB10000D0A000014000020881300005B25755DDD
:10CB20004563686F206D6F6465207475726E65640F
:10CB3000206F6666206661696C65642E0D0A0000D0
:10CB4000130000205B25755D4563686F206D6F6481
:10CB500065207475726E6564206F666620737563F8
:10CB60006365737366756C6C792E0D0A00000000A6
:10CB70004E554C4C000000005B25755D526571758B
:10CB800065737420666F72206D616E756661637483
:10CB900075726572206D6F64656C206661696C6585
:10CBA000642E0D0A000000005B25755D4D6F646505
:10CBB0006C20696E666F726D6174696F6E3A424780
:10CBC00039352D4D312E0D0A000000005B25755DB5
:10CBD0004D6F64656C20696E666F726D6174696F0C
:10CBE0006E3A424739352D4D322E0D0A00000000B5
:10CBF0005B25755D4D6F64656C20696E666F726D47
:10CC00006174696F6E3A424739352D4D332E0D0AE6
:10CC1000000000005B25755D4661696C65642074E9
:10CC20006F207265616420494D4549206E756D62C3
:10CC300065722E0D0A0000005B25755D5468652045
:10CC4000494D4549206E756D6265722069733A25BC
:10CC5000732E0D0A000000005B25755D4661696C4E
:10CC6000656420746F207265616420494D534920CA
:10CC70006E756D6265722E0D0A0000005B25755D94
:10CC800054686520494D5349206E756D6265722068
:10CC900069733A25732E0D0A000000005B25755D4F
:10CCA0004661696C656420746F20736574207468D4
:10CCB00065204672657175656E63792062616E6488
:10CCC0002E0D0A005B25755D4672657175656E6394
:10CCD000792062616E6420636F6E66696775726148
:10CCE00074696F6E207375636365737366756C2EFC
:10CCF0000D0A00005B25755D4661696C65642074F2
:10CD00006F2073657420746865204E6574776F7248
:10CD10006B2043617465676F72792E0D0A00000005
:10CD2000F42702085B25755D4661696C65642074B3
:10CD30006F20736574207468652064617461206677
:10CD40006F726D61742E0D0A000000005B25755D29
:10CD500053657420746865206461746120666F7225
:10CD60006D617420666F722073656E64696E6720F2
:10CD7000616E6420726563656976696E672E0D0A5F
:10CD8000000000005B25755D4661696C6564207478
:10CD90006F207365742041504E0D0A005B25755D50
:10CDA0005365742041504E207375636365737366D9
:10CDB000756C6C790D0A00005B25755D436C6F73B3
:10CDC000696E67204E42206D6F64756C652E2E2E45
:10CDD0000D0A0000E7A004F07DFCE7A010F018FFAA
:10CDE000EE48077058202070ED490420C87021E5F6
:10CDF0005F202070EB480078002817D1EA480770C0
:10CE0000687C002807D00398C078002803D0E74941
:10CE10008968414301E0E54881687D20C0004143C5
:10CE2000E34803F0B9FDE24803F0C8FD687C002840
:10CE300012D09621DF48FAF766FED9482B7D42785A
:10CE4000DDA1DC4804F056FCDA4810F0E1FEE149CF
:10CE50000878401C08706F740120A87103F022FD4F
:10CE60000146DDA004F036FCDCA010F0D1FEB6E0F7
:10CE7000012100224903E848FDF7B3F8C84903201F
:10CE8000C870E649E64803F087FDE6480078E87395
:10CE900000200DF069FA08280AD003F003FD0146CE
:10CEA000E1A004F017FCE1A010F0B2FE17208EE51F
:10CEB0005820207003F0F6FCDA4C01462288E6A0E8
:10CEC00004F008FC9621BB48FAF71DFE2288E3A176
:10CED000B84804F00FFCB74810F09AFED04803F0B1
:10CEE0006DFD03F0DFFC0146E7A004F0F3FBE7A0D3
:10CEF000C8E400200CF09CFF082808D0572603F057
:10CF0000D1FC0146EEA004F0E5FBEEA0BAE40F2050
:10CF10005DE50F200CF0D6FF03F0C4FC0146A048ED
:10CF20004278EEA004F0D6FB287F0828287D09D09F
:10CF3000401C287558202070EF4801210170984846
:10CF4000877077E4009000280BD096219948FAF773
:10CF5000DAFDEAA19748009A04F0CCFB954810F05E
:10CF600057FE96219348FAF7CEFD8D48DCA1427812
:10CF7000904804F0BFFB8F4810F04AFEE648007866
:10CF800000280DD00398807B012809D1684603F062
:10CF90001BF90098E149401E4863E14901200870EF
:10CFA000287A00280BD00A2121707D4901248C7039
:10CFB000884900280F700399CF7002D005E0102136
:10CFC000F2E7D84809F070F92C72FF20F53009F02B
:10CFD0006BF9D5480770D5480770734807702F75EF
:10CFE00028E400200CF078FC082809D0572603F02C
:10CFF00059FC0146CEA004F06DFBCEA010F008FE57
:10D000000098407D002801D0012801D0162004E0BE
:10D01000009800780328F9D12E202070CB480078A2
:10D0200001288ED10D20D2E4F3E300200DF08EFC18
:10D03000082808D003F036FC0146C5A004F04AFBDE
:10D04000C4A010F0E5FD1120C1E400200DF056FB56
:10D05000082809D0572603F025FC0146C7A004F094
:10D0600039FBC7A007E0D5E303F01CFC0146D1A0C3
:10D0700004F030FBD0A010F0CBFD1220A7E400207C
:10D080000DF0A6FB082809D0572603F00BFC01463B
:10D09000D7A004F01FFBD7A010F0BAFD132020701A
:10D0A00003F000FC0146DCA004F014FBDBA010F050
:10D0B000AFFD00200CF0DCFC1DE400200DF08AFA2E
:10D0C000082809D0572603F0EDFB0146DDA004F047
:10D0D00001FBDDA010F09CFD1420207003F0E2FBAA
:10D0E0000146E2A004F0F6FAE1A001E700200DF00D
:10D0F000EFF808280AD003F0D5FB0146E6A004F0BB
:10D10000E9FAE6A010F084FD152060E403F0CAFB04
:10D110000146E9A004F0DEFAE8A0F3E7F049F1489F
:10D12000FAF708FD00280CD10DF088FB08280AD07A
:10D1300003F0B8FB0146ECA004F0CCFAEBA010F031
:10D1400067FD0B2043E403F0ADFB0146EEA004F0C5
:10D15000C1FAEEA0F3E700200BF04CFA082807D044
:10D160004F202070572603F09DFB0146E0E152E37B
:10D17000E1E100005B25755D4E42206D6F64756CCA
:10D180006520706F7765722D6F66662073756363B7
:10D1900065737366756C2E0D0A0000002C0000206C
:10D1A000D0010020360000202B000020CC00002001
:10D1B00080040020602100205369676E616C205359
:10D1C0007472656E6774683A2564202A25640D0AB6
:10D1D00000000000210000205B25755D5475726E13
:10D1E000206F666620746865206D6F64756C6520BD
:10D1F000726563656976696E6720616E6420736528
:10D200006E64696E672052462066756E6374696F3E
:10D210006E2E0D0A000000000008005010270000CC
:10D22000200500209E0000205B25755D474E53536E
:10D23000206661696C656420746F207475726E205D
:10D240006F6E206F7220474E5353206973207275A2
:10D250006E6E696E670D0A005B25755D53756363BD
:10D2600065737366756C6C79207475726E206F6E61
:10D2700020474E53532C4669782054696D656F756D
:10D28000743A2564730D0A005B25755D4E42206D6E
:10D290006F64756C65206973206F627461696E6973
:10D2A0006E67206C6F636174696F6E20696E666F64
:10D2B000726D6174696F6E2E2E2E0D0A00000000D3
:10D2C0005B25755D4661696C656420746F207365CC
:10D2D0007420434F50530D0A000000005B25755D1C
:10D2E0005369676E616C20537472656E6774683A37
:10D2F00025640D0A000000002F0000205369676EAE
:10D30000616C20537472656E6774683A3939202AEB
:10D3100025640D0A000000000C0000202001002000
:10D32000A1000020B80B00003100002030000020D8
:10D330005B25755D4661696C656420746F20676567
:10D34000742074696D650D0A00000000140000204F
:10D350005B25755D556E61626C6520746F2071751B
:10D36000657279206E6574776F726B20696E666F77
:10D37000726D6174696F6E0D0A0000005B25755D4A
:10D380004661696C656420746F20636F6E666967BF
:10D3900075726520706172616D6574657273206667
:10D3A0006F72205443502F495020636F6E7465781C
:10D3B000740D0A005B25755D537563636573736651
:10D3C000756C6C7920636F6E666967757265642031
:10D3D000706172616D657465727320666F7220543E
:10D3E00043502F495020636F6E746578740D0A00A6
:10D3F0005B25755D4661696C656420746F206465AA
:10D4000061637469766174652050445020636F6E67
:10D41000746578740D0A00005B25755D5375636350
:10D4200065737366756C6C79206465616374697685
:10D43000617465642050445020636F6E7465787425
:10D440000D0A00005B25755D4661696C656420749A
:10D450006F20616374697661746520504450206365
:10D460006F6E746578740D0A000000005B25755DB1
:10D470005375636365737366756C6C79206163744F
:10D480006976617465642050445020636F6E7465E2
:10D4900078740D0A000000005B25755D444E532032
:10D4A000636F6E66696775726174696F6E2066611D
:10D4B000696C65640D0A00005B25755D444E532060
:10D4C000636F6E66696775726174696F6E206973E8
:10D4D000207375636365737366756C0D0A000000D5
:10D4E00070CB0008621B00205B25755D4E545020F8
:10D4F000636F6E66696775726174696F6E206661CD
:10D50000696C65640D0A00005B25755D4E54502002
:10D51000636F6E66696775726174696F6E20697397
:10D52000207375636365737366756C0D0A00000084
:10D53000B9A0FFF7DEF90098807D012806D03020E1
:10D54000207003F0AFF90146BFA0F2E72F20F7E704
:10D5500000200BF09FF8082807D04F202070572696
:10D5600003F0A0F90146C4A0E3E73020207003F0E7
:10D5700099F90146CFA0DCE700200AF0FDFF08285A
:10D5800007D04F2020706F7503F08CF90146D5A0AD
:10D59000CFE70098C07D002806D03120207003F02E
:10D5A00081F90146D7A0C4E7687D002801D05A2040
:10D5B00000E0162020706F75F1E7002009F04AFCAA
:10D5C000082807D04F2020706F7503F06BF90146D3
:10D5D000DBA0AEE70098C07D012806D03220207085
:10D5E00003F060F90146E1A0A3E7687D002801D0BF
:10D5F0005A2000E0162020706F75F1E7002009F036
:10D600006FFC082806D04F20207003F04BF901462C
:10D61000E3A08EE73320207003F044F90146ECA02C
:10D6200087E7002009F0A4FC082806D04F202070CE
:10D6300003F038F90146F4A00AE0687D002801D023
:10D640005A2000E01620207003F02CF90146FAA0C1
:10D6500004F040F86F7574E4019808F0A3FC012809
:10D6600018D0019808F09EFC022813D0019808F009
:10D67000D7FC01280ED0019808F0D2FC022809D06E
:10D6800000988079012805D000200CF0C3FD0828FF
:10D6900010D056E4F6480078012809D05A202070AE
:10D6A00003F000F90146F3A004F014F8F2A01FE41F
:10D6B0000D20F4E703F0F6F80146F7A004F00AF8AD
:10D6C000F6A010F0A5FA58202070FB480321017144
:10D6D0000421C1700120A87433E400200CF09CF9EF
:10D6E000082809D003F0DEF80146F44803F0F2FF01
:10D6F000F248001D10F08CFA0098407D012803D1FB
:10D7000000980078032801D05A208CE42E20207045
:10D710000120687515E400200CF0F4FE0146182085
:10D7200008290FD0E97B0A390906090EE97312D0DE
:10D73000E34803F043F95820207003F0B3F80146A2
:10D74000E0A0F6E6207003F0ADF80146E5A003F096
:10D75000C1FFE5A0C9E4207003F0A4F80146EEA0E3
:10D7600003F0B8FFEDA0C0E401225103F548FCF737
:10D7700038FC00200CF0F2FE0828F34801780BD0AA
:10D78000012919D05A20207003F08CF80146EFA02F
:10D7900003F0A0FFEEA0A8E4012909D05A202070D0
:10D7A00003F080F80146F1A003F094FFF0A09CE4A0
:10D7B0005F2121700770F3E75F2121700770E3E7B5
:10D7C0000222BD490128CA704F7106D0022806D036
:10D7D000032806D0042806D007E0192004E02620FC
:10D7E00002E0342000E0422020709621E848FAF759
:10D7F0008AF9E84CE8A1E648E26903F07BFFE448D7
:10D8000010F006FA03F04EF8E2690146501CE061A0
:10D81000D0E165E365E365E35B25755D4661696CB1
:10D82000656420746F20636F6E666967757265202A
:10D8300061757468656E7469636174696F6E206D7B
:10D840006F64650D0A0000005B25755D4D616E61BA
:10D8500067652073657276657220616E6420636C03
:10D8600069656E742061757468656E74696361744E
:10D87000696F6E2E0D0A00005B25755D4661696C4F
:10D88000656420746F20636F6E66696775726520CA
:10D89000736572766572204E616D6520496E6469AC
:10D8A000636174696F6E20666561747572650D0AD7
:10D8B000000000005B25755D456E61626C6520535C
:10D8C0006572766572204E616D6520496E6469638C
:10D8D0006174696F6E20666561747572652E0D0ADC
:10D8E000000000005B25755D4661696C656420740D
:10D8F0006F20656E61626C652053534C206D6F64C0
:10D90000650D0A005B25755D456E61626C6520538F
:10D91000534C20616E6420636F6E66696775726533
:10D920002053534C20636F6E746578742F636F6E51
:10D930006E65637420696E6465782E0D0A000000C0
:10D940005B25755D4661696C656420746F20636F4B
:10D950006E666967757265204341206365727469FC
:10D960006669636174650D0A000000005B25755DE2
:10D97000436F6E66696775726520746865207061B3
:10D980007468206F6620434120636572746966691C
:10D990006361746520666F722053534C2E0D0A002C
:10D9A0005B25755D4661696C656420746F20636FEB
:10D9B0006E66696775726520636C69656E74206355
:10D9C000657274696669636174650D0A0000000020
:10D9D0005B25755D436F6E66696775726520746857
:10D9E000652070617468206F6620636C69656E7471
:10D9F00020636572746966696361746520666F721D
:10DA00002053534C2E0D0A005B25755D4661696CF1
:10DA1000656420746F20636F6E6669677572652038
:10DA2000636C69656E742070726976617465206BD1
:10DA300065790D0A000000005B25755D436F6E6619
:10DA40006967757265207468652070617468206FFD
:10DA50006620636C69656E742070726976617465A6
:10DA6000206B657920666F722053534C2E0D0A008F
:10DA70009C0000205B25755D4E6F20444E53207244
:10DA800065736F6C7574696F6E20726571756972FC
:10DA900065640D0A000000005B25755D5265736FBB
:10DAA0006C76696E6720646F6D61696E206E616D62
:10DAB000652E2E2E0D0A0000D001002030D3000864
:10DAC000200500205B25755D536561726368696E92
:10DAD0006720666F72206C6F636174696F6E2E2EA3
:10DAE0002E0D0A005B25755D537563636573736660
:10DAF000756C6C79206F627461696E6564206C6FFF
:10DB0000636174696F6E20696E666F726D617469AE
:10DB10006F6E0D0A000000005B25755D4661696C43
:10DB2000656420746F206F627461696E206C6F632E
:10DB30006174696F6E20696E666F726D6174696F72
:10DB40006E0D0A0000080050140000205B25755D72
:10DB50004661696C656420746F207475726E206F05
:10DB6000666620474E53530D0A0000005B25755D25
:10DB70005375636365737366756C6C792074757225
:10DB80006E206F666620474E53530D0A000000005A
:10DB900060210020CC0000202A2A2A2A2A55706CF5
:10DBA0006F61642073746172743A25752A2A2A2A77
:10DBB0002A0D0A00CCA003F08DFD10F0B7F9608F9C
:10DBC000D14988420AD10098407E012806D128799F
:10DBD000002803D106F06CFD01202871CB480421F8
:10DBE000406BF9F790FF36E5C9490198F9F7A2FFB4
:10DBF000002805D1C649C748F9F79CFF002809D07D
:10DC00005D20207002F04EFE0146C3A003F062FDCD
:10DC1000C2A04CE5002009F039FA08280AD05D209E
:10DC20005726207002F03EFE0146C6A003F052FDCA
:10DC3000C5A03CE51A20207002F034FE0146C9A0C0
:10DC400003F048FDC8A032E5002009F0A7FA0A2831
:10DC500075D024205726207002F024FE0146CBA068
:10DC600003F038FDCAA022E5002009F053FA082885
:10DC70000AD024205726207002F014FE0146CDA0C1
:10DC800003F028FDCCA012E51C20207002F00AFE53
:10DC90000146D24803F01EFDD14808E5002009F0F6
:10DCA00001FB08280AD024205726207002F0FAFD34
:10DCB0000146CCA003F00EFDCBA0F8E495489449B2
:10DCC0008130F9F737FF002801D0212000E01D2026
:10DCD000207002F0E7FD0146CFA003F0FBFCCFA0CF
:10DCE000E5E4002009F02EFB08280AD0242057265E
:10DCF000207002F0D7FD0146D4A003F0EBFCD4A0C5
:10DD0000D5E48349DE48F9F715FF002801D021202A
:10DD100000E01E20207002F0C5FD0146D9A003F0EE
:10DD2000D9FCD9A0C3E4002009F05CFB08280CD082
:10DD300024205726207002F0B5FD014600E005E3DF
:10DD4000DDA003F0C7FCDDA0B1E4CD48704981300F
:10DD5000F9F7F0FE002801D0212000E01F202070FC
:10DD600002F0A0FD0146E1A003F0B4FCE0A09EE4B7
:10DD7000002009F087FB08280AD0242057262070AD
:10DD800002F090FD0146E6A003F0A4FCE5A08EE4BD
:10DD90005F49F048F9F7CEFE002801D0212000E0CD
:10DDA0002020207002F07EFD0146EBA003F092FCE3
:10DDB000EAA07CE4002009F0B5FB08280AD0242062
:10DDC0005726207002F06EFD0146F0A003F082FCA1
:10DDD000EFA06CE42120207002F064FD0146F8A061
:10DDE00003F078FCF7A062E4002009F07BFC08282F
:10DDF00006D122202070002009F0BAFC082802D0A9
:10DE000057262420D0E22320EBE30846FBF76AFEE6
:10DE100001206873EF7228747DE3002009F0F6F8A2
:10DE200011280AD05C205726207002F03BFD0146E5
:10DE3000F0A003F04FFCF0A039E4687B002801D08B
:10DE40005B2000E05C20207002F02CFD0146F2A077
:10DE500003F040FCF1A02AE4002009F011FD242881
:10DE600004D020280CD01F2838D054E31B20207069
:10DE700002F018FD0146F3A003F02CFCF2A016E41A
:10DE8000287B012808D1002009F02CFC082802D1A9
:10DE9000002009F06DFC2F73F9480078012809D1A2
:10DEA000002009F01FFC082802D1002009F060FCC6
:10DEB000F3480770F3480078012808D10098007DE6
:10DEC000052804D1F048FAF74DFFEE480770EF48F7
:10DED0002F740178002902D1242016E4D8E109E347
:10DEE000C2E257E2BEE300005B25755D2A2A2A2ABA
:10DEF0002A55706C6F61642073746172743A257571
:10DF00002A2A2A2A2A0D0A00FFFF0000D001002039
:10DF100070CB0008A91800205B25755D434F415068
:10DF200020706172616D6574657220636F6E6669E1
:10DF30006775726174696F6E206572726F720D0A17
:10DF4000000000005B25755D434F415020636F6EFC
:10DF500066696775726174696F6E206661696C6568
:10DF6000640D0A005B25755D434F415020636F6E61
:10DF700066696775726174696F6E20737563636536
:10DF8000737366756C6C790D0A0000005B25755D16
:10DF90004661696C656420746F20437265617465C5
:10DFA000206120436F41502073657373696F6E0D5C
:10DFB0000A0000005B25755D4661696C656420742C
:10DFC0006F20536574206120436F4150206D65734D
:10DFD000736167652049440D0A0000008C2802081F
:10DFE000902802085B25755D4661696C6564207444
:10DFF0006F20636F6E66696775726520746865204F
:10E00000436F4150206F7074696F6E20696E646554
:10E010007820310D0A0000005B25755D5375636340
:10E0200065737366756C6C7920636F6E666967756E
:10E0300072656420436F4150206F7074696F6E2069
:10E04000696E64657820310D0A0000005B25755DFE
:10E050004661696C656420746F20636F6E666967E2
:10E060007572652074686520436F4150206F70742D
:10E07000696F6E20696E64657820320D0A000000B9
:10E08000AB1900205B25755D53756363657373661B
:10E09000756C6C7920636F6E666967757265642054
:10E0A000436F4150206F7074696F6E20696E6465B4
:10E0B0007820320D0A0000005B25755D4661696CB1
:10E0C000656420746F20636F6E6669677572652082
:10E0D00074686520436F4150206F7074696F6E20C3
:10E0E000696E64657820330D0A0000005B25755D5C
:10E0F0005375636365737366756C6C7920636F6EBB
:10E100006669677572656420436F4150206F707453
:10E11000696F6E20696E64657820330D0A00000017
:10E120005B25755D4661696C656420746F20636F63
:10E130006E6669677572652074686520436F41502B
:10E14000206F7074696F6E20696E64657820340D7D
:10E150000A000000AD1A00205B25755D53756363EE
:10E1600065737366756C6C7920636F6E666967752D
:10E1700072656420436F4150206F7074696F6E2028
:10E18000696E64657820340D0A0000005B25755DBA
:10E190004661696C656420746F20636F6E666967A1
:10E1A0007572652074686520436F4150206F7074EC
:10E1B000696F6E20696E64657820350D0A00000075
:10E1C0005B25755D5375636365737366756C6C79F8
:10E1D00020636F6E6669677572656420436F415096
:10E1E000206F7074696F6E20696E64657820350DDC
:10E1F0000A0000005B25755D4661696C65642074EA
:10E200006F20636C6F736520436F4150207365739B
:10E2100073696F6E0D0A00005B25755D436C6F734B
:10E2200065642074686520436F4150207365737383
:10E23000696F6E207375636365737366756C6C7953
:10E240000D0A00005B25755D437265617465206190
:10E2500020436F41502073657373696F6E20616E48
:10E260006420636F6E6E65637420746F20746865DC
:10E2700020436F4150207365727665720D0A00006D
:10E28000A60000209800002020010020A10000200E
:10E290002F7421E6F4490198F9F74CFC002805D1C8
:10E2A000F149F248F9F746FC002809D05D202070BA
:10E2B00002F0F8FA0146EEA003F00CFAEDA0A8E493
:10E2C000002009F04FFB08280AD05D205726207057
:10E2D00002F0E8FA0146F1A003F0FCF9F0A098E49E
:10E2E0003520FAE5002009F0A9FC08282ED04020AE
:10E2F0005726207002F0D6FA0146F0A003F0EAF9A2
:10E30000EFA0FBE3002009F061FB0828EED04020DD
:10E310005726207002F0C6FA0146F4A003F0DAF99D
:10E32000F3A0EBE3002009F0CBFF08280AD040203F
:10E330005726207002F0B6FA0146F5A003F0CAF99C
:10E34000F4A0DBE3FB48408CFBF7CCFBE3E00020D0
:10E3500009F0EAFC02E0002009F06EFD082808D070
:10E360000EE0002009F0D4FDF8E7002009F03EFEA1
:10E37000F4E73D20B1E5002009F0A4FE08280AD00A
:10E3800040205726207002F08DFA0146EAA003F0E3
:10E39000A1F9EAA0B2E33D202070002009F0FEFEC2
:10E3A0000828D3D057264020FDE201202874687346
:10E3B000EF72287B012808D1002009F017FE0828F9
:10E3C00002D1002009F0EAFE2F73E148007801280D
:10E3D00009D1002009F00AFE082802D1002009F026
:10E3E000DDFEDB480770DB480078012808D1009883
:10E3F000007D052804D1D848FAF7B4FCD548077049
:10E40000D6480178002975D13F2066E5002009F043
:10E41000DFFB08280AD040205726207002F042FA7D
:10E420000146CFA003F056F9CEA00AE341202070A8
:10E4300019E0002009F060FA08280AD05C2057266D
:10E44000207002F02FFA0146D2A003F043F9D2A0C7
:10E45000F7E25C20207002F025FA0146D7A003F015
:10E4600039F9D7A0EDE22F74B0E2002009F0C8FF1F
:10E47000122835D006DC042849D00A2807D00C28F9
:10E4800049D10EE0142836D0182844D135E0362082
:10E49000207002F007FA0146D4A003F01BF9D4A0C3
:10E4A0002CE30098007D002808D0012808D002281D
:10E4B00008D0032808D0052808D009E0382006E055
:10E4C000392004E03A2002E03B2000E03C202070AC
:10E4D00002F0E8F90146D2A003F0FCF8D1A00DE368
:10E4E0003E20207002F0DEF90146D8A003F0F2F8D9
:10E4F000D7A003E3B7E0372073E05B20207002F081
:10E50000D1F90146DBA003F0E5F8DBA0F6E25726DF
:10E510002F745C20E1E45820DFE453490198F9F7B7
:10E5200009FB002809D05D20207002F0BBF90146EC
:10E53000E0A003F0CFF8E0A0E0E200200AF046FD02
:10E54000082804D00120A87357262C20FFE127209B
:10E5500007E20498002805D000200AF06FFF082881
:10E5600009D004E000200BF043F80828D3D00120A4
:10E57000A873572632E02820AFE400200AF0A6FC5A
:10E58000F3E70846FBF7AEFA012028742A21217030
:10E590001AE200200AF0D8FD082862D00120A873F2
:10E5A00057262C201CE200200AF05AFC082801D033
:10E5B000AF732EE2A87B012803D05B202070AF73DD
:10E5C00038E25C20FAE700200BF05CF80E2807D058
:10E5D00020280FD010289ED10120A8732C20E2E122
:10E5E0002B20207002F05EF90146BCA003F072F807
:10E5F000BBA083E202F056F90146C0A003F06AF81E
:10E60000BFA00FF005FB287B012808D100200AF0ED
:10E6100015FF082802D100200AF058FC2F734C483F
:10E620000078012809D100200AF008FF082802D14B
:10E6300000200AF04BFC4648077046480078012845
:10E6400008D10098007D052804D14348FAF78AFBD9
:10E650004048077041482F740178002903D12C20CD
:10E660003BE4C6E149E236E270CB0008A717002080
:10E670005B25755D4D51545420706172616D6574F8
:10E68000657220636F6E66696775726174696F6E1B
:10E69000206572726F720D0A000000005B25755DC7
:10E6A0004D51545420636F6E666967757261746969
:10E6B0006F6E206661696C65640D0A005B25755D8F
:10E6C0004661696C656420746F206F70656E20749C
:10E6D0006865204D51545420636C69656E74206EDA
:10E6E0006574776F726B0D0A000000005B25755D25
:10E6F0004661696C656420746F20636F6E6E65633C
:10E700007420746F207365727665720D0A000000C4
:10E710005B25755D4661696C656420746F20737557
:10E720006273637269626520746F20746F706963CD
:10E730000D0A0000CC0000205B25755D4661696C08
:10E74000656420746F20536574205055420D0A0093
:10E75000A60000209800002020010020A100002039
:10E760005B25755D4661696C656420746F20646922
:10E7700073636F6E6E65637420636C69656E74207D
:10E7800066726F6D204D51545420736572766572B8
:10E790000D0A00005B25755D4661696C6564207437
:10E7A0006F20636C6F73652054435020636F6E6EEF
:10E7B000656374696F6E0D0A000000005B25755D6E
:10E7C0005468652054435020636F6E6E65637469AE
:10E7D0006F6E20697320636C6F736564207375635B
:10E7E0006365737366756C6C790D0A005B25755DE6
:10E7F0004F70656E656420746865204D51545420D7
:10E80000636C69656E74206E6574776F726B2073CC
:10E8100075636365737366756C6C790D0A0000002F
:10E820005B25755D5375636365737366756C6C7991
:10E8300020636F6E6E656374656420746F20746806
:10E8400065207365727665720D0A00005B25755D43
:10E8500053756273637269626520746F20746F70A0
:10E860006963207375636365737366756C6C790D8A
:10E870000A0000005B25755D5375636365737366FD
:10E88000756C6C7920646973636F6E6E6563746513
:10E89000642074686520636C69656E742066726FAD
:10E8A0006D20746865204D515454207365727665EF
:10E8B000720D0A005B25755D5544502070617261D0
:10E8C0006D6574657220636F6E66696775726174D9
:10E8D000696F6E206572726F720D0A005B25755D3F
:10E8E00055706C6F6164206461746120737563633B
:10E8F00065737366756C6C790D0A00005B25755D38
:10E90000446174616772616D2069732073656E7410
:10E910002062792052460D0A00000000F949019852
:10E92000F9F708F9002809D05D20207001F0BAFF3E
:10E930000146F5A002F0CEFEF4A0DFE0002009F0D1
:10E94000ABFF08280CD00120E8745726482020701F
:10E9500001F0A8FF0146F6A002F0BCFEF5A0CDE054
:10E960004320207001F09EFF0146FBA002F0B2FEA2
:10E97000FAA0C3E00498002805D000200AF042F96C
:10E9800008280AD005E000200AF0EEF9082800D196
:10E99000C1E50120E874572663E04420A1E400208B
:10E9A00009F0FAFEF2E7207001F07CFF0146F5A0C5
:10E9B00002F090FEF4A0A1E0012028740846FBF7C5
:10E9C00091F84620207001206873EF72D2E2002097
:10E9D00009F0DEFF08280CD00120E87457264820F3
:10E9E000207001F05FFF0146EDA002F073FEEDA084
:10E9F00084E05820207001F055FF0146F1A002F09C
:10EA000069FEF1A07AE0002009F090FE08280BD002
:10EA1000EF745C205726207001F044FF0146F4A0FB
:10EA200002F058FEF3A00CE0E87C01280CD05B203B
:10EA30002070EF7401F036FF0146F5A002F04AFEA7
:10EA4000F4A00FF0E5F80EE55C20F1E700200AF0F5
:10EA5000D3F90E2807D0202807D0102898D10120FC
:10EA6000E87448209FE74720BBE501F01BFF014603
:10EA7000F04802F02FFEEF48001D0FF0C9F8287B88
:10EA8000012808D100200AF0BDF8082802D1002092
:10EA900009F082FE2F73E8480078012809D1002090
:10EAA0000AF0B0F8082802D1002009F075FEE2480B
:10EAB0000770E2480078012808D10098007D0528F9
:10EAC00004D1DF48FAF74EF9DC480770DD482F74AF
:10EAD0000178002910D0077001202870DB49DA483E
:10EAE0000860DB49DB4801F0EFFEDB49D94801F063
:10EAF00053FF01F011FB0EE54820CFE30FF088F83B
:10EB0000CDE301F0CFFE0146D4A002F0E3FDD4A096
:10EB10000FF07EF8D94804210770D948406BF8F708
:10EB2000F2FF687B002822D1E87A03281CD2D4485F
:10EB30000221C170477100980078012806D0022890
:10EB400006D0032806D0042806D007E0192004E0E8
:10EB5000262002E0342000E042202070E87A401CA9
:10EB6000E872687B002802D1E87A03284BD16879E3
:10EB7000002819D1C34881687D20C0004143C248A4
:10EB800001F00AFFC04801F019FF012068710398E5
:10EB9000C18800290DD07D20C0004143BB4801F051
:10EBA000FBFEBA4801F00AFF0398807B012804D0DD
:10EBB00024E0B64801F03AFFF6E7687B00281DD153
:10EBC000E87A03281AD10098807A002802D1B04947
:10EBD00001200870AF48007800280CD101A801F08E
:10EBE000F3FA00990198897A002902D0A549896829
:10EBF000401A93490863A74801210170A64807708D
:10EC0000EF725F2020706F7349E35D20207001F088
:10EC100049FE0146A1A002F05DFDA1A06EE701F052
:10EC200041FE0146A2A002F055FDA2A00EF0F0FFA9
:10EC30005D2033E301F036FE0146A3A002F04AFD59
:10EC4000A2A00EF0E5FF01F02DFE0146A5A002F006
:10EC500041FDA5A00DE005F08FFC7D20C000FAF776
:10EC600041FF01F01FFE0146A84802F033FDA7480E
:10EC7000001D0EF0CDFF0121052049030007FBF721
:10EC8000A3F90028E7D00121052049030007FBF77D
:10EC90009BF9012808D101F005FE01469C4802F0CD
:10ECA00019FD9CA00EF0B4FF582020707448042178
:10ECB00081702F72A04CC1702078002803D09F482B
:10ECC000007802280BD96F4881687D20C00041433D
:10ECD0006D4801F061FE6C4801F070FE02E0984959
:10ECE000012008702770DAE206499648F8F722FFFB
:10ECF000002806D05520207003202876042068764E
:10ED000022E123E170CB00085B25755D5443502060
:10ED1000706172616D6574657220636F6E6669679C
:10ED200075726174696F6E206572726F720D0A0080
:10ED30005B25755D4661696C656420746F206F703A
:10ED4000656E206120536F636B6574205365727626
:10ED50006963650D0A0000005B25755D4F70656E87
:10ED6000206120536F636B6574205365727669630D
:10ED700065207375636365737366756C6C790D0AD2
:10ED8000000000005B25755D4661696C6564207458
:10ED90006F2075706C6F616420646174610D0A008E
:10EDA0005B25755D52657472696576652072656371
:10EDB00065697665642064617461206661696C656B
:10EDC000640D0A005B25755D526574726965766530
:10EDD0002074686520526563656976656420646F98
:10EDE000776E6C696E6B20446174610D0A000000DF
:10EDF0005B25755D4661696C656420746F20636C8A
:10EE00006F73652074686520706F72740D0A00005E
:10EE10005B25755D436C6F73652074686520706F4A
:10EE20007274207375636365737366756C6C790DAA
:10EE30000A000000FCE80008A6000020980000205E
:10EE400020010020A1000020808B0208C4000020C7
:10EE500065F900085C050020881300005B25755DDE
:10EE60002A2A2A2A2A456E64206F662075706C6FE4
:10EE700061642A2A2A2A2A0D0A000000290000209B
:10EE8000D0010020CC000020800400204805002094
:10EE9000350000200C0000200D0000205B25755D72
:10EEA00053656E6420636F6D706C6574650D0A0048
:10EEB0005B25755D4661696C656420746F207365C0
:10EEC0006E640D0A000000005B25755D5265737469
:10EED00061727420746865206D6F64756C652E2E88
:10EEE0002E0D0A005B25755D4E6F20726573706F85
:10EEF0006E7365207768656E207368757474696ECB
:10EF00006720646F776E0D0A00000000B8CD00081E
:10EF100074D100084E42206D6F64756C6520706F6F
:10EF20007765722D6F6666207375636365737366AC
:10EF3000756C2E0D0A0D0A00120000203900002009
:10EF40002B000020E21B0020E6A010E100200BF0C7
:10EF500007FE082809D00298401CC0B2029003287E
:10EF6000F4D355202070E8A001E1582020700298C9
:10EF70000328F6D293E100200BF08AFD082800D187
:10EF800006E50420687655202070E9A0EFE0F148FE
:10EF9000077000200BF042FE08285BD0552020703F
:10EFA000EDA0E4E0EB490120087000200BF036FEF4
:10EFB00008284FD00520687655202070F0A0D6E0B4
:10EFC000E4490220087000200BF028FE082841D0F8
:10EFD00055202070F6A0CAE0FE48DE4907700320E5
:10EFE0000870FD48FD4A0068511C904201D8F8F7AE
:10EFF0007FFCFB480180EF83FA4807700120A87668
:10F0000000200BF00BFE082806D00298401CC0B26E
:10F0100002900328F4D30EE000200BF08BFE0828AA
:10F0200006D1A87E012801D1EF4908705820207030
:10F030000298032813D30120A875E4E0C5490420F1
:10F04000087000200BF0EAFD082803D0552020703E
:10F05000E6A08CE000200BF06DFE082890D01EE1A9
:10F06000E1480770002008F047FCFF202D30FAF738
:10F0700039FD287E032808D2687E642805D04A20FE
:10F080002070E87D01285ED009E10BF0ABFED2488C
:10F090000068002802D1687E642802D06F762F763F
:10F0A0000EE0BFF34F8FDC49DA48C860BFF34F8FE3
:10F0B00000BFFDE705F060FA7D20C000FAF712FD01
:10F0C0000121052049030007FAF77EFF0028F1D04F
:10F0D0005820207002F092F9D0480770D0490420DF
:10F0E000C870D04814210770AF759A48EF75077043
:10F0F0006846F8F708FDCC48C26A02210A43C2629A
:10F10000C06ACA4C08400590072000030090012007
:10F11000019003200390029769462046FAF792FE79
:10F120000121002209032046FAF75BFF012100229A
:10F1300049032046FAF755FF002221012046FAF73D
:10F1400050FFBBA013E00120A875A8E000200BF041
:10F150002BFF5321142824D00CDC0A2813D00C28B0
:10F1600015D0112800D013E45B202070B54802F0C0
:10F17000B1FA94E01A2879D01B28F4D175480278A6
:10F18000012A37D038E04B202070AFA0EFE7A87DF0
:10F19000012803D050202070B0A0E8E7AF7521709F
:10F1A000FAE76C480078002808D001280DD0022822
:10F1B0000FD00328D7D004280ED070E09749012043
:10F1C000087051202070ABA0D1E758202070B4A067
:10F1D000CDE72170BFA0CAE75520207002F00EF9DC
:10F1E000C44802F077FAFF202D30FAF77BFC642048
:10F1F000687654E0522222705648007803284ED197
:10F20000A87D002801D04A2048E02170AF76BA4896
:10F21000017801291DD10770B8480770B849B94A6B
:10F220000888401C08806C48128801688A1A0260AD
:10F23000B5480168881A64225043F8F759FB81B237
:10F2400029840120E875B1A002F044FA6420FAF79D
:10F2500049FC61480068002801D154202070A7486B
:10F26000017803291BD907703A480770552015E02B
:10F270006B49C978072908D0012808D0022808D08E
:10F28000032808D0042808D009E04E2006E02520F5
:10F2900004E02D2002E0412000E049202070EF70C2
:10F2A000304607B0F0BD5E480421C17081702F72F6
:10F2B0009B486F758068A82802D19A490120087080
:10F2C00099499A4801F000FB7D218901974801F096
:10F2D00063FB964801F072FB01F0E4FA014694A04A
:10F2E00038E100004F544120706172616D657465B2
:10F2F0007220636F6E66696775726174696F6E20E4
:10F300006572726F720D0A004661696C65642074E3
:10F310006F206F70656E20746865204F54412063C4
:10F320006C69656E74206E6574776F726B0D0A0080
:10F330004661696C656420746F20636F6E6E6563EF
:10F340007420746F206F7461207365727665720D1E
:10F350000A000000030000204661696C65642074A7
:10F360006F20536574206669726D776172652069DC
:10F370006E666F726D6174696F6E0D0A0000000039
:10F380004661696C656420746F20536574207265F2
:10F390007175657374206669726D77617265206935
:10F3A0006E666F726D6174696F6E0D0A0000000009
:10F3B0004661696C656420746F20536574207265C2
:10F3C000717565737420646F776E6C6F61640D0A7C
:10F3D000000000002C00002080000020030400003A
:10F3E0003C00002007000020050000204661696CF9
:10F3F000656420746F20536574206F74612075708C
:10F400006461746520696E666F726D6174696F6E98
:10F410000D0A00000400FA0500ED00E008000020DD
:10F42000D00100209700002000100240000400508E
:10F43000436C6F7365204F5441207570677261642F
:10F44000650D0A0014EE00084D515454206F70658C
:10F450006E20737563636573730D0A004D515454C8
:10F4600020636F6E6E656374207375636365737379
:10F470000D0A000055706C6F6164206669726D77CB
:10F4800061726520696E666F726D6174696F6E205E
:10F490007375636365737366756C6C790D0A000030
:10F4A00055706C6F61642072657175657374206648
:10F4B00069726D7761726520696E666F726D6174D5
:10F4C000696F6E207375636365737366756C6C79B1
:10F4D0000D0A00005265717565737420646F776E54
:10F4E0006C6F6164207375636365737366756C6CB0
:10F4F000790D0A00382802080A0000200B000020BD
:10F500007C0000203E00002084000020446F776EC5
:10F510006C6F6164696E6720256425250D0A000003
:10F520000000080837000020599F0108E40400206B
:10F530005B25755D4E42206D6F64756C6520697347
:10F5400020696E697469616C697A696E672E2E2E06
:10F550000D0A000002F0BEF858202070A0E600005E
:10F56000F8B52EA002F0B6F801F072FF02F03CF8F8
:10F57000684602F00FF80126760305273F0705E0ED
:10F5800005F02EF87D20C000FAF7ACFA3146384677
:10F59000FAF71AFD0128F3D000200AF00DF96846A9
:10F5A0000078214D00245E2803D168464078402829
:10F5B00013D01EA002F08EF822490420C870224801
:10F5C0000221017001F01AFF2C7200200AF0CAFA21
:10F5D0000BF008FC7D25ED0016E01CA002F07AF887
:10F5E000AC71012040026887EC712C726C720020B3
:10F5F0000AF0B8FA0C484A2120300170F8BD04F036
:10F60000BBFF2846FAF76EFA31463846FAF7DCFCBB
:10F610000028F4D00C480470F8BD00004657206361
:10F620006865636B0D0A0000000000204861726489
:10F6300077617265204E6F7420537570706F7274AD
:10F640000D0A0000D0010020B9010020537563634A
:10F6500065737366756C6C79206177616B656E6537
:10F6600064206D6F64756C650D0A0000F8B565481F
:10F67000654F0278398E786B624C4254398E012680
:10F680000025643C786B2C2A0ED1E279002A0BD13C
:10F69000A279521CA271A279032A05D3A571E67141
:10F6A000A28F521C8A186287491C398601782B293F
:10F6B00006D00179522903D0E179002900D13D8695
:10F6C000398E628F91427DD9082250A1F8F77BFADA
:10F6D000002877D1E571A08FE0874B48618F406BA0
:10F6E000C91E415C628F825C12061143628F638F78
:10F6F000521E825C12049B1EC35C1B021A43114300
:10F70000A164618F4018A18F401AA18F401C091F6E
:10F7100006F01EFAE064A16C024681425FD1A67237
:10F72000A08F001FA087608FA18F364F401A243F03
:10F73000001F78804DE0FF22511C3748F8F7DCF9B4
:10F74000A08FBD80FF2814D92F493348496B0AE0A8
:10F750007A88BB88521C8A5CC2547A88521C7A8090
:10F76000BA88521CBA80BA88FF2AF1D9FF2001302A
:10F7700015E02548406B0BE07988BB88491C425C4A
:10F780002549CA547988491C7980B988491CB980AF
:10F79000A18FBA88C9B29142EED8A08FC0B238808A
:10F7A000A08F3988401AA0873888002811D001F02E
:10F7B0006DFF3A881848216D01F09AFE01F050FF64
:10F7C000052000E01DE0FAF78DF93988206D40181A
:10F7D00020657988608F001F8142ACDB09E00F4B08
:10F7E00007201870A572E07A401CE0720CA001F0AE
:10F7F00071FFE078032800D1A670012040026087E5
:10F800006571F8BD64000020D00100202B514D54DB
:10F81000524543560000000058030020B901002063
:10F82000435243206572726F72202530385820256C
:10F830003038580D0A0000007047000010B5052050
:10F8400020210007FAF7C0FB012806D0074801F085
:10F85000EDF807480121017510BD0649034801F084
:10F860009BF8024801F0AAF810BD000094040020A3
:10F870002000002060EA000010B50B490B4801F0A1
:10F880008BF80A4801F09AF809480178012907D055
:10F890004078012804D0064801212030817010BD35
:10F8A0000448FAF7DDFB10BD1027000070050020AA
:10F8B00000000020E005002010B5044801F0B6F873
:10F8C000034800214173817210BD0000D004002064
:10F8D0002000002010B50B4801F0A8F80A4C0121C7
:10F8E000002249032046FAF77CFB00222101204632
:10F8F000FAF777FB0121002209032046FAF771FB92
:10F9000010BD0000BC0400200004005070B5124C73
:10F910000125E27FAD03114E0A2A0DD8521CE27771
:10F9200064210F4801F038F80D4801F047F82946E6
:10F930003046FAF74EFB70BD094801F077F8002217
:10F9400029463046FAF74DFB0349002020318873E1
:10F95000E07701F041FF00000000002000040050AB
:10F96000A804002010B5034801F060F80249012006
:10F97000087610BD5C05002000000020F0B5334F74
:10F98000334CB86891B0002854D020790025002865
:10F990000AD10EA800F018FC03A90E9800F030FC64
:10F9A0000398A071012020712A480078002837D0E0
:10F9B000294E3C213068C8421FDD3C2830DA6846B9
:10F9C00000F002FC00983168401803A900F018FC10
:10F9D0000398C1B2A079002800D13C20002900D1B1
:10F9E0003C21401A45B23C20C54201DD3C2D00DBE4
:10F9F000002518480078002812D030683C21C84201
:10FA00000EDD3C280CDAB968401909187D20C000C9
:10FA10004143124800F0C0FF0E490020087006E084
:10FA20007D20B968C00041430C4800F0B5FF0B4889
:10FA300000F0C4FF0120E072A07D002804D1044939
:10FA40002039887B401C887311B0F0BDCC000020A9
:10FA500020000020A1010020C4010020800400201B
:10FA6000F0B5304F304C387991B0002855D06079DE
:10FA7000002500280AD10FA800F0A6FB04A90F98C2
:10FA800000F0BEFB0498E071012060712748007807
:10FA9000002839D0264E3C213068C8421FDD3C2862
:10FAA00032DA684600F090FB00983168401804A9EB
:10FAB00000F0A6FB0498C1B2E079002800D13C20F8
:10FAC000002900D13C21401A45B23C20C54201DD4D
:10FAD0003C2D00DB002515480078002814D0306844
:10FAE0003C21C84210DD3C280EDA3979114A401910
:10FAF00051437D22D200504309180F4800F04CFFBB
:10FB00000A490020087005E039790A4841430A484B
:10FB100000F042FF084800F051FF0120607511B06D
:10FB2000F0BD0000EC00002020000020A201002019
:10FB3000C401002060EA0000F8040020F8B51F4B63
:10FB4000FF275C01052501372D07A61100280DD0E0
:10FB500001281AD0022824D0032821D100292AD034
:10FB600001291DD101223946184617E039460022E5
:10FB70001F461846FAF735FA002221462846FAF7BA
:10FB800030FA01223146384608E0002904D0012924
:10FB900006D100223146E7E70122FBE7FAF721FA16
:10FBA000F8BD002905D00129FAD1012221462846B5
:10FBB000F4E70022FAE70022D5E700000004005035
:10FBC000F0B52E4891B0C26A02210A43C262C26AED
:10FBD0000A400F92C26A01242243C262C26A2240D2
:10FBE0000F92C26A0A43C262C06A08400F90142191
:10FBF0006846F7F788FF27020025032601AA009729
:10FC000070C269461E48FAF71DF9142105A8F7F7D6
:10FC10007AFFE00305A971C1052000071039FAF742
:10FC200011F914210AA8F7F76EFF60020AA971C141
:10FC300013481039FAF706F9002239461048FAF746
:10FC4000D0F905200022E1030007FAF7CAF90122E2
:10FC500051020B48FAF7C5F90A4CE068002803D0B6
:10FC600000210120FFF76AFF07492069884203D07D
:10FC700000210220FFF762FF11B0F0BD001002402A
:10FC800000040050CC000020FFFF0000704700007F
:10FC900010B50248FBF7C6FA10BD0000F0050020C1
:10FCA00001090A2200075143000F4018C0B27047F3
:10FCB0000022014602E00A39C9B2521C0A29FAD2CE
:10FCC0001007000E0843704770B504460068C1680D
:10FCD000490613D40021C943C160FAF789F97D268A
:10FCE0000546F60006E0FAF783F9401BB04201D959
:10FCF000032070BD2068C0684006F4D5002070BDA8
:10FD000010B50348FAF7C6FEFBF7C4FE10BD0000AD
:10FD100040070020F0B5C84C0546207885B0002883
:10FD200072D00421A86AF7F7EEFE012003900020AC
:10FD30000490C248C078022866D1C14E3078582855
:10FD400062D100202070BF49BF4800F025FEBE48A8
:10FD500000F034FEBD4C00206946626A12688300E0
:10FD6000CA50626A121D6262401C0228F5DBE0691B
:10FD70000290206AB54F84464C370099614520D8DF
:10FD8000029881421DD300291BD0A86AF7F7FDFE17
:10FD9000A96A019A4018AEA101F0ACFCA86AF7F775
:10FDA000F4FEA96A009A4018A9A101F0A3FC3878D2
:10FDB000022823D0042821D0A86AF7F7E6FEA885F8
:10FDC00055E0616AA448814202D30020039056E0C6
:10FDD00000990298814204D3614502D80120039022
:10FDE000D3E700206946626A12688300CA50626ADB
:10FDF000121D6262401C0228F5DBBEE7A86AF7F715
:10FE0000C4FEC003000CDAE706E100206946626A1E
:10FE100012688300CA50626A121D6262401C022886
:10FE2000F5DB0098E16988421DD3216A88421AD81F
:10FE3000A86AF7F7AAFEA96A019A401884A101F0FE
:10FE400059FCA86AF7F7A1FEA96A009A401880A198
:10FE500001F050FC3878022828D0042826D0A86A5F
:10FE6000F7F793FEA885606A7B49884207D2A86AA3
:10FE7000F7F78BFE01463F2000018142C5D9616A38
:10FE80007548814222D300F00DFD014673A001F0B8
:10FE900021FC6D4800F0CAFD387801280CD00228FA
:10FEA0000CD003280CD004280CD00DE0A86AF7F77A
:10FEB0006CFEC003000CD5E7242004E02C2002E0F7
:10FEC000402000E04820307001200490606AA06269
:10FED000236AE26926E002C8A062914201D39942F6
:10FEE00023D95D4988421DD300F0DCFC01465BA0AC
:10FEF00001F0F0FB544800F099FD3878012806D055
:10FF0000022806D0032806D0042806D007E02420C3
:10FF100004E02C2002E0402000E048203070012066
:10FF2000049002E04C498842D5D3039800280BD0B6
:10FF300072D03878524D01285DD002285FD0032856
:10FF400061D004286AD06FE03F4800F06FFD00F0F8
:10FF5000A9FC01464BA001F0BDFB0024A86AF7F7FD
:10FF600014FEA96A0022401839A101F0C3FB641CE9
:10FF7000E4B2082CF2D3387802280FD004280DD030
:10FF8000A86AF7F702FEA885387801280CD0022865
:10FF90000ED0032810D0042817D048E0A86AF7F73D
:10FFA000F4FDC003000CEEE7002007F09BFB0FE020
:10FFB000002009F043FA0BE0002008F083F808283D
:10FFC00006D1002008F0EAF802E0002008F01AFE4E
:10FFD0003878012806D0022806D0032806D0042845
:10FFE00006D024E0242004E02C2002E0402000E0A1
:10FFF000482030701BE0002007F074FB11E0002067
:020000040801F1
:1000000009F01CFA0DE0002008F05CF808280BD17C
:10001000002008F0C3F804E00CE0FFE7002008F03F
:10002000F1FD082800D065620498002802D01C4920
:100030000020087005B0F0BD18000020D00100209D
:1000400020000020881300005C050020A000002094
:10005000252E38780000000080E902085B25755DD8
:1000600073656E642072657472696576652064617B
:10007000746120636F6D706C657465640D0D0A00AA
:10008000808B02085B25755D4E6F20646174612072
:100090007265747269657665640D0D0A0000000072
:1000A000A001002008B50A48C16A01221143C162BB
:1000B000C06A002110400090064841608160032121
:1000C000C1608021016001460348F9F7BBFE08BD0D
:1000D00000100240701E00200004005008B50A48BD
:1000E000C26A01210A43C262C06A08400090074800
:1000F0004160002181600321C160802101600146CF
:100100000348F9F79FFE08BD00100240841E00203E
:10011000000400507047000010B50349034800F088
:100120003BFCFFF71FFC10BD881300005C0500209E
:10013000F7B582B017460E4600241CE06000315C23
:100140008019407800900846F7F777FC3038C5B240
:10015000092D01D9ED1FEDB20098F7F76EFC30388C
:10016000C0B2092801D9C01FC0B2290108180299DC
:100170000855641CE4B2BC42E0D3204605B0F0BD93
:1001800010B5F9F775FF10BD0FB40CB50021019142
:10019000069A049989186A460091918A928B891867
:1001A00009B26A4691807D22D200914205DB009B14
:1001B0005B1C891A6A46009391800099019A06C0D7
:1001C00002B008BC04B0184710B5044688B000203F
:1001D0000190029002A8FBF7C1FB019004A903A8BB
:1001E000FBF79CFB0298009005A8019B049A0399D9
:1001F000FFF7CAFF0598069903C408B010BD0000B8
:100200003EB50D460024810C420C891804D0284AC2
:1002100064185143401AF6E72549884202D34942FF
:100220004018641C6A4601A9F8F732FD00986A4636
:10023000C0B2286002A90198F8F72AFD0098FF21B2
:10024000C0B2686002986F31C0B2A86019484A1EF7
:1002500005E083070FD01346E41A401C80B28307E1
:100260000BD01346A342F4D91349411813486961CE
:100270008A0704D005E00B46EEE70B46F2E71D22A5
:1002800042601C22C82900D14260012102E0E41A28
:10029000491C89B28B001B18803BDB6FA342F6D947
:1002A0004260641C0020EC60C043296128623EBDAE
:1002B00080510100B207000094F8FFFF68010020A0
:1002C00030B5054687B00020019002900C4602A888
:1002D000FBF744FB0190029800902246294603A8B0
:1002E000019B00F00CF8049903980691059068466C
:1002F0001821415E0598FBF721FB07B030BD0FB414
:100300000CB500210191069A0499891A6A46009158
:10031000918A928B891A09B26A469180002907DA7C
:10032000009A521E00927D22D20089186A4691805E
:100330000099019A06C002B008BC04B0184700003A
:1003400030B59DB038216846F7F7DDFB142117A8BA
:10035000F7F7D9FB24210EA8F7F7D5FB1C48016855
:100360000324E402A143C51449190160F9F7EAFE28
:1003700018480169A14301610E200090E810029025
:10038000012110200490059102200A9040040C9055
:100390000391000100240D900B946846FAF7FCF8D5
:1003A0000F2017900320189019941A9401211B9480
:1003B00017A8F9F7C7FF2E200E90082011904003D0
:1003C0000F90129513940EA8F9F7F6FE1DB030BDEC
:1003D000007000404010024010480168821511432F
:1003E0000160C1680E4A1140C16001680D4A1140A8
:1003F0000160816849084900816001680122920416
:1004000091430160C168FD2212049143C160002143
:1004100001610649044888607047000000100240EE
:100420000C40FF88F6FFF6FE0078000800ED00E0C3
:1004300010B5092109020848F7F765FB0648F7F7E8
:10044000A4FB05494018054901F054F90248F7F7A3
:100450009CFB0349088010BD2C280020D02E0208E8
:100460000C02002010B5092109020948F7F74BFBDF
:100470000748F7F78AFB0649064B40181A4606A1BB
:1004800001F038F90248F7F780FB1149088010BDE8
:100490002C280020A61C00207B2263757272656EDA
:1004A000745F66775F7469746C65223A20222573E5
:1004B000222C202263757272656E745F66775F7698
:1004C000657273696F6E223A20222573227D0000C7
:1004D0000C02002010B5092109020948F7F713FBA7
:1004E0000748F7F752FB0649064B40181A460649DB
:1004F00001F000F90248F7F748FB0449088010BDF5
:100500002C280020A61C00207C2E02080C020020B3
:1005100010B5092109020948F7F7F5FA0748F7F776
:1005200034FB0649064A401806A101F0E3F80348E7
:10053000F7F72BFB1049088010BD00002C28002085
:10054000F21400207B22494D4549223A222573228C
:100550002C20224D657373616765223A202246691B
:10056000726D77617265205469746C65204D697392
:100570006D61746368227D000C02002010B50921B2
:1005800009020948F7F7BFFA0748F7F7FEFA0649E4
:10059000064A401806A101F0ADF80348F7F7F5FA4E
:1005A0001049088010BD00002C280020F214002003
:1005B0007B22494D4549223A222573222C20224D87
:1005C000657373616765223A2022486172647761BE
:1005D0007265204E6F7420537570706F7274227D37
:1005E000000000000C02002010B509210902094892
:1005F000F7F789FA0748F7F7C8FA0649064A401894
:1006000006A101F077F80348F7F7BFFA134908800D
:1006100010BD00002C280020F21400207B22494D40
:100620004549223A222573222C20224D657373619D
:100630006765223A20224572726F7220466F726D92
:100640006174203A20636F6D6D616E6420696E6322
:100650006F7272656374227D000000000C0200203E
:1006600010B5092109020948F7F74DFA0748F7F7CD
:100670008CFA0649064A401806A101F03BF80348E7
:10068000F7F783FA1249088010BD00002C280020DB
:10069000F21400207B22494D4549223A222573223B
:1006A0002C20224D657373616765223A20224F54D6
:1006B000412073657276657220636F6E6E65637438
:1006C000696E672074696D656F7574227D00000026
:1006D0000C02002010B5092109020948F7F713FAA6
:1006E0000748F7F752FA0649064A401806A101F0F2
:1006F00001F80348F7F749FA1149088010BD0000D6
:100700002C280020F21400207B22494D4549223A32
:10071000222573222C20224D657373616765223A6E
:1007200020224669726D77617265205469746C6528
:10073000206E6F7420666F756E64227D000000006D
:100740000C02002010B5092109020948F7F7DBF96E
:100750000748F7F71AFA0649064A401806A100F0BA
:10076000C9FF0348F7F711FA1149088010BD0000CE
:100770002C280020F21400207B22494D4549223AC2
:10078000222573222C20224D657373616765223AFE
:100790002022436F6E73697374656E74206669728C
:1007A0006D776172652056657273696F6E227D0088
:1007B0000C02002010B5092109020948F7F7A3F936
:1007C0000748F7F7E2F90649064A401806A100F083
:1007D00091FF0348F7F7D9F91049088010BD0000D0
:1007E0002C280020F21400207B22494D4549223A52
:1007F000222573222C20224D657373616765223A8E
:1008000020224669726D7761726520436865636B6B
:1008100053756D204572726F72227D000C020020AC
:1008200008B5092109020A48F7F76DF90848F7F7F2
:10083000ACF90749084B401806490091074A084996
:1008400000F058FF0248F7F7A0F90649088008BDF4
:100850002C2800200A27002019270020F21400204D
:10086000202F02080C02002010B5092109020948B6
:10087000F7F749F90748F7F788F90649064B401892
:100880001A46064900F036FF0248F7F77EF9044998
:10089000088010BD2C280020A61C00202C2E020849
:1008A0000C02002010B5FBF7D7F8FBF745FA10BD96
:1008B00070B50546FBF7D0F804462846FBF744FA26
:1008C000201AFBF739FA70BD002202604260027202
:1008D0000261C1607047000010B5054A1168002927
:1008E00001D000230B720161106000F03FF810BDD1
:1008F0006401002070B5FBF79BF80446FBF76EF926
:10090000031B194C206800282DD00146002507E064
:1009100016689E4202D9F61A166000E01560096951
:100920000A69002AF4D100281DD001692160C0683D
:10093000002800D1FEE780472068002813D0FBF78D
:100940007DF8014620680268914205D9016921605D
:10095000C0680028EFD1FEE7002804D0017A002902
:1009600001D100F003F870BD6401002070B50446A9
:10097000FBF75CF8054601202072FBF75FF8216861
:100980004019884201D8084603E0FBF757F84019A0
:100990002060FBF79FF870BD70B505460846FBF771
:1009A000D3F90446284600F041F8FBF73FF88442AB
:1009B00000D204462C606C6070BD0000F8B50400E5
:1009C000EFF3108572B62CD0174F3868014602E05D
:1009D000A04226D000690028FAD100266068206075
:1009E000267200290CD0FBF729F82168091821602C
:1009F00038680268914206D22046FFF76DFF10E08A
:100A0000FBF7ECF8F8E70169002908D022680B68C9
:100A10009A4201D90846F6E70461216101E00461C8
:100A2000266185F31088F8BD6401002070B5EFF3EE
:100A3000108572B6144C21680A1E21D000281FD0E0
:100A400081421BD1087A00260128086903D00028BA
:100A50000AD0206014E0002804D00E722060FFF756
:100A600085FF0DE0FBF752F9266009E0814203D1D2
:100A700008691061002803E00A4609690029F5D1D8
:100A800085F3108870BD00006401002010B5818CD2
:100A9000C90707D001684A6801235B049A43836A47
:100AA0001A434A60818C890707D501684A68012387
:100AB0001B049A43C36A1A434A60818C490707D5CD
:100AC00001684A6801239B049A43036B1A434A60F6
:100AD000818C090707D501684A680123DB039A4323
:100AE000436B1A434A60818CC90607D50268916836
:100AF00001231B039943836B19439160818C890601
:100B000007D501688A6801235B039A43C36B1A43C4
:100B10008A60818C490612D503685A68012109054B
:100B2000046C8A4322435A60026C8A4207D10268ED
:100B3000516803235B059943436C19435160818CD1
:100B4000090607D501684A680123DB04806C9A43D3
:100B500002434A6010BD0000F8B50446002680300C
:100B60000660F9F745FA054620680068124F00074D
:100B700009D501212B46002249052046009700F0A7
:100B800057FA00280DD12068006840070BD50121D5
:100B90002B46002289052046009700F049FA0028DC
:100BA00001D00320F8BD2020A067E06726666034EE
:100BB00026750020F8BD0000FFFFFF0110B5806A18
:100BC0000022014640314A834A82FAF70BFB10BDEE
:100BD00070B5846AA06FE56F2168896800260906F0
:100BE000002906DA212804D152200653204600F0BD
:100BF0004BF820688068400606D5222D04D15A2083
:100C00000653204600F027F8204680300168102265
:100C1000114301602046FAF7E5FA70BD10B50146B0
:100C20000968806A096889060DD4002252210A5297
:100C300001688A6880239A438A60006801684022BC
:100C40001143016010BDFAF7EDFD10BD10B5806ACB
:100C5000FAF7E9FD10BD01680A68FF2321339A43C2
:100C60000A6001688A68520852008A60016E012990
:100C700004D101680A6810239A430A602021C167E1
:100C8000002101664166704701680A68C0239A43E3
:100C90000A6020218167704770B504464030828B1E
:100CA000E36F2168222B04D08869082210438861F1
:100CB00070BD496A636D11401980616D891C616561
:100CC000418B491E4183418B0029F1D121680A687B
:100CD000FF2321339A430A6021688A685208520030
:100CE0008A602021E16700256566216E012904D014
:100CF0002046FAF781FC256670BD21680A6810233A
:100D00009A430A60018B2046FAF71DFAF3E770B5A3
:100D100004464030828BE36F2168222B04D088691F
:100D200008221043886170BD496A1140626D1170DC
:100D3000616D491C6165418B491E4183418B0029CE
:100D4000F1D121680A68FF2321339A430A602168A0
:100D50008A68520852008A602021E1670025656692
:100D6000216E012904D02046FAF746FC256670BDA5
:100D700021680A6810239A430A60018B2046FAF71B
:100D8000E2F9F3E7F8B50446016880682269E6698C
:100D900010436269002532431043754B0A68754E53
:100DA000324002430A6020684168032212039143E3
:100DB000E268114341602168A069994201D0226A2A
:100DC00010438A680B263602B24302438A606A499E
:100DD00022686A488A420CD1C0688007800F06D01A
:100DE00001283FD002283BD0032827D124E0012747
:100DF00025E063498A420AD1C0680C2108402DD001
:100E000004282FD008282BD00C2817D114E05D49D6
:100E10008A4223D05C498A4220D09A420ED1C168CE
:100E200003208002014019D001208002091A19D044
:100E3000091A15D0814201D1082700E010274F4937
:100E40005248403986009A4232D1002F0CD0022FEE
:100E50000DD0042F10D0082F7FD126E00027EEE719
:100E60000227ECE70427EAE7F9F73AFB06E009680E
:100E7000C90605D4304603E0F9F752FB002872D0CA
:100E8000626851005118814267D81103814264D3CE
:100E9000010E06025008002330185941F6F752FDA2
:100EA00003210902411A3A4A55E00120C003E7E74D
:100EB0000122E369D20393422BD13B0000F05DFC99
:100EC0000906090C4D114D4D4D274D00F9F708FB52
:100ED00009E0F9F715FB06E00968C90605D43046B4
:100EE00003E0F9F71DFB00283DD0616840004A0887
:100EF0008018F6F7FDFC80B202462649103A8A4275
:100F00002BD8491C01400007400F084329E0104638
:100F1000EBE73B0000F031FC0906090C211221210E
:100F200021232100F9F7DCFA0AE0F9F7E9FA07E0F2
:100F30000968C90606D4304604E00EE0F9F7F0FA75
:100F4000002810D061684A081018F6F7D1FC80B26A
:100F50000146104A1039914203D9012503E0104699
:100F6000F0E72168C86000206066A0662846F8BDEA
:100F700000480040F369FFEF003801404010024094
:100F800000440040004C00400050004000093D007B
:100F9000FFFC0F00EFFF000070B5416501464031D6
:100FA0000A834A8300224266012483682403FF25C2
:100FB000A34204D10369002B13D11A4B0AE07F2608
:100FC000002B09D001252D07AB420CD10369002B62
:100FD00005D03F238B8307E00369002B01D08E836C
:100FE00002E08D8300E08A8380210A502221C167BC
:100FF00001688B6801252B438B608168A14202D177
:10100000016900290BD00849416674210A5400681F
:101010000168FF22213211430160002070BD0349A5
:10102000F2E70000FF0100000F0D0108990C010814
:10103000FFB581B005460F46044660350A9E39E08B
:10104000701C37D0F8F7D4FF0499401AB04222D868
:10105000002E20D02068016849072BD5C069C04305
:10106000000527D401202168C002086220680168B9
:10107000FF22A1329143016020688168490849003C
:1010800081602020A067E067803420600020287500
:10109000032005B0F0BD20680168FF22A132914312
:1010A0000160206881684908490081602020A067AC
:1010B000E067EBE72068C1693846884305D0002126
:1010C00003988142BCD00020E3E70121F8E700004B
:1010D00010B50248FAF7A6F810BD0000740600200B
:1010E000F8B5704F704D3979287F704C0026002973
:1010F00012D000286CD06E48F7F756FD6D490028D5
:1011000028D0022829D003282CD004282CD0052848
:101110002CD001282DD04FE0002859D064480BF086
:10112000F7FE63483968F6F737FD00280DD16048AF
:10113000F6F72BFD092808D2FFF7B4FB01465EA0A5
:1011400000F0C8FA0120387136E0FFF7ABFB01462A
:101150005FA004E0096865A001E0896807E000F08D
:10116000B9FA29E0C96802E0096900E0496961A0AB
:10117000F5E726866049606BF6F7C5FC4C48F6F744
:1011800004FD4B4F0D2139543846F6F7FEFC0A2179
:101190003954E078062803D1394656A000F09AFA6F
:1011A0004348F6F7F2FC82B241495448FAF7E2FAB2
:1011B0005148C830F8F796FC287F012808D13A48F2
:1011C000FF214030C6802E772D313948F6F79BFC41
:1011D000687F012809D147A0616B00F07BFA268661
:1011E0006E774549606BF6F78EFC2079032826D18F
:1011F00000206071042020712B4C062640485A279D
:10120000203400903F48F8F72BFF3F48F8F76AFC7E
:10121000002008F03BFF0828009811D0F6F7B5FC35
:10122000002826D01F482030C079002821D0002E69
:101230002ED02770002008F0EDFF761EE2D2F8BD18
:1012400004F0B0FE012809D0009804F0E9FE01285E
:1012500004D0009804F0E4FE0328EED12B48007877
:10126000012803D0277000206076F8BD0D20207083
:10127000F9E74F202070002E04D0012EDAD1012092
:101280006874D7E7607E401C60760120A874D4E7BC
:10129000FFF708FB01461EA0009A00F01BFA27701A
:1012A000F8BD0000CC00002000000020D00100208C
:1012B0002C02002040E501085B25755D50617373C9
:1012C000776F726420436F72726563740D0A000059
:1012D0005B25755D50617373776F726420496E632F
:1012E0006F72726563740D0A0000000025730D0AA9
:1012F000000000002573000014050000F005002028
:1013000058150020E0050020B80B00009C000020CC
:101310005B25755D446F6D61696E2049503A257398
:101320000D0A000010B5092109020A48F6F7EBFB87
:101330000848F6F72AFC0749084A401806498B6A0C
:1013400007A100F0D7F90348F6F71FFC0B49088006
:1013500010BD00002C28002020010020F2140020E5
:101360007B22494D4549223A222573222C20224CCA
:101370006F67223A20222573227D00000C02002094
:10138000F8B500250446012903D0022919D02020F0
:1013900000E0D820694608700C4E0022012130463A
:1013A000F8F71FFE210C68464170210A8170C47055
:1013B000042100F081F9012211463046F8F711FEB0
:1013C00001E000F005F82846F8BD0000001C0050C0
:1013D00070B5094E0025C7242A4601213046F8F78A
:1013E00000FE204600F016F9012211463046F8F7BB
:1013F000F8FD284670BD0000001C005070B5124E6C
:101400000025B9242A4601213046F8F7EAFD204696
:1014100000F000F9012211463046F8F7E2FD0B4CCE
:101420000121002209032046F8F7DBFD01210022FB
:1014300049032046F8F7D5FD002221012046F8F7A0
:10144000D0FD284670BD0000001C00500004005074
:10145000F0B587B014216846F6F755FB2148C16AFC
:1014600002242143C162C16A21400591C26A8021E0
:101470000A43C262C06A012608401B4F009600253D
:10148000059001966946029503943846F8F7DAFC10
:10149000012211463846F8F7A4FD01960394134E35
:1014A000E4020295694630460094F8F7CBFC00222E
:1014B00021463046F8F795FD6400694630460094B1
:1014C000F8F7C0FC002221463046F8F78AFD60009C
:1014D00000900195694602953046F8F7B3FC07B0D5
:1014E000F0BD000000100240001C0050000400503D
:1014F000F7B5144F16460C46002582B02A46012146
:101500003846F8F76EFDFF2E04D92006000E01D0F4
:10151000ED1F0EE0022168460170210C4170210A86
:101520008170C470042100F0C7F83146029800F0C1
:10153000C3F8012211463846F8F753FD284605B096
:10154000F0BD0000001C0050F8B500240127104E2B
:1015500025463F03002239463046F8F742FD600633
:10156000040E00BF012189033046F8F72DFD002845
:1015700001D0641CE4B2012239463046F8F731FD4F
:1015800000BF6D1CEDB2082DE4D32046F8BD00006D
:1015900000040050F8B50B4E074600259F242A464C
:1015A00001213046F8F71DFD204600F033F80321F5
:1015B000384600F009F8012211463046F8F711FDCF
:1015C0002846F8BD001C005070B50C4605460026A4
:1015D00000BF05E0FFF7B8FF641E2870A4B26D1CC1
:1015E000002CF7D1304670BD70B5094E0025AB24F4
:1015F0002A4601213046F8F7F4FC204600F00AF8AC
:10160000012211463046F8F7ECFC284670BD000078
:10161000001C0050F8B500240126104F0546360383
:10162000002231463846F8F7DCFC280601D50122B5
:1016300000E00022012149033846F8F7D2FC00BF40
:10164000012231463846F8F7CCFC6806050E00BF8B
:10165000641CE4B2082CE3D3F8BD00000004005081
:1016600070B5094E002504242A4601213046F8F7BA
:10167000B8FC2046FFF7CEFF012211463046F8F7AE
:10168000B0FC284670BD0000001C005070B5094E2B
:10169000002506242A4601213046F8F7A2FC204600
:1016A000FFF7B8FF012211463046F8F79AFC2846AA
:1016B00070BD0000001C005070B50D4606460024A9
:1016C00004E0305DFFF7A6FF641CA4B2AC42F8D37F
:1016D00070BD00000FB410B503A9044B044A029872
:1016E00000F0F4F910BC08BC04B018472D5F0108E5
:1016F000240200200FB410B504A9074B02AA0398D6
:1017000000F0E4F9044602A9002000F07BFD204629
:1017100010BC08BC04B01847052201082021020CA7
:1017200001D010211046020A01D0104608390209E2
:1017300001D01046091F820801D01046891E4208B8
:1017400001D0881E7047081A7047F8B5040C8BB298
:10175000264682B25E430D0C1046370C58433604C1
:1017600080190021794116466E43370C36048019E2
:10177000794126466E438919F8BD30B47446641E1B
:101780002578641CAB4200D21D46635D5B00E31804
:1017900030BC18478307FF22DB0E9A408907090EE9
:1017A0009940002808DB830809489B001B1818682B
:1017B00090430843186070470007000F08388308FB
:1017C00004489B001B18D86990430843D8617047B0
:1017D00000E400E000ED00E0BFF34F8F0449034850
:1017E000C860BFF34F8F00BFFDE700000400FA059B
:1017F00000ED00E0BFF34F8F04490348C860BFF31A
:101800004F8F00BFFDE700000400FA0500ED00E087
:10181000BFF34F8F04490348C860BFF34F8F00BF29
:10182000FDE700000400FA0500ED00E00048704705
:1018300028020020F8B504464F1EC80008382118B9
:1018400015461E46086849683A4606239A4310D052
:101850002A463346F6F73EFB3A46D200083AA3182A
:101860001A687F1E5B68F6F783FA06223B469343AD
:10187000EED1022F23D0042F11D0062F2FD12A46CC
:101880003346F6F727FBE36AA26AF6F771FA2A46AF
:101890003346F6F71FFB636A226AF6F769FA2A46AF
:1018A0003346F6F717FBE369A269F6F761FA2A46B1
:1018B0003346F6F70FFB63692269F6F759FA2A46B1
:1018C0003346F6F707FBE368A268F6F751FA2A46B3
:1018D0003346F6F7FFFA63682268F6F749FAF8BD6F
:1018E000002210B5134610460149F6F75BFB10BD08
:1018F0000000F03F10B50122F6F7CCFB10BD00222E
:1019000010B5134610461146F6F74CFB10BD00000B
:1019100001480068704700002802002002E008C863
:10192000121F08C1002AFAD170477047002001E059
:1019300001C1121F002AFBD1704700000149086055
:101940007047000028020020F0B51FB486B0099847
:10195000089A030D0021024314D05148514A181827
:10196000504305141198012810981AD0281A401CC9
:1019700000264D4F4D49009601910490002812DA3F
:10198000444211E01198012449A3012801D1109883
:10199000C1430698119A84600360C26041600BB035
:1019A000F0BD4042E4E70446210500203F4A001C08
:1019B00051410391029012E0E00707D032463B46C6
:1019C00001990098F6F786FA0191009032463B465D
:1019D00010461946F6F77EFA06460F466410002CAC
:1019E000EAD10498039B0028029A0999089806DA1C
:1019F000F6F770FA019B009AF6F76CFA05E0F6F735
:101A0000D1FA019B009AF6F7CDFA04460E46002261
:101A1000284BF6F7BDFD03D80020C043014607E080
:101A20000022254B20463146F6F7A2F9F6F790FD45
:101A3000102409E0002C0ADB0A220023F5F782FFBC
:101A4000079B30321A55641E02460A43F2D1112216
:101A5000641C079B121B1C19119B012B03D0012333
:101A600008430ED10AE0084304D011201090002052
:101A7000119077E71098151A6D1E0BE010988242AE
:101A800002DD00236D1C03E0824201DA00236D1E9B
:101A9000002BEED0069811998260C16030C07EE7BD
:101AA00001FCFFFF104D0000000014400000F03F5B
:101AB000300000000000F0430000E03F30380A280A
:101AC00001D201207047002070470000FFB597B099
:101AD0000646002518E2252877D100242746FD492F
:101AE000049400E00443761C32780120203A9040B0
:101AF0000842F7D130782A280ED0022230780146E9
:101B00003039092916D804990A2359433039401825
:101B10001443761C0490F1E7189802C804911890B9
:101B2000002904DA012040030443484204900220C3
:101B30000443761C30782E2814D104200443707896
:101B4000761C2A2809D11898761C80C8189009E0BC
:101B50000A214F43303FC719761C3078014630398F
:101B60000929F5D930786C2810D006DC4C281AD019
:101B700068280ED06A2817D104E0742813D07A2878
:101B800012D110E00120400504430CE001210905B9
:101B900001E0032109050C437178814203D1012042
:101BA00000052418761C761C3078119066280BD01E
:101BB00013DC58287DD009DC00287BD04528F6D0DE
:101BC0004628F4D047281AD1A5E118E0632835D07B
:101BD000642870D0652812D19DE170286CD008DC93
:101BE0006728F1D069287BD06E280DD06F2806D1E8
:101BF000BAE073282ED0752871D0782859D01A9A57
:101C0000199990476D1C7EE16002400F022809D0AF
:101C100003280DD00428189801680DD00D60001D10
:101C2000189070E11898EA1701680D604A60F6E7AD
:101C3000189801680D80F2E70D70F0E718986A4671
:101C400001781172001D18900020507202A80090B7
:101C5000012005E0189802C8189000200091C043A8
:101C600061070DD5002101E00199491C0191B9429C
:101C700012DA8142F8DB009A515C0029F4D10BE0C2
:101C8000002101E00199491C01918142FADB019A8E
:101C90000099895C0029F5D1019904981A9B471A8B
:101CA00021463846199A00F097FA019940194518CB
:101CB0000BE04FE02CE113E04EE000980099007833
:101CC000491C00911A9A199990470198401E019059
:101CD000401CF2D1214638461A9B199A10E137E090
:101CE0000A200021009001916002410F022907D0D3
:101CF000189A01CA1892C2179446032908D00AE01C
:101D00001898C01DC108C90005C91891944607E07C
:101D100000B2C2179446042902D140B2C1178C46C2
:101D200000226146944506DA0A460021404291416C
:101D30008C462D2102E0210504D52B216A46117322
:101D4000012103E0E10701D02021F7E7029155E0EE
:101D50000A200AE0102008E0102000900021042052
:101D600004430191082703E008200021019100901D
:101D70006002410F022907D0189A01CA1892002266
:101D80009446032908D008E01898C01DC108C9006E
:101D900005C91891944603E080B2042900D1C0B26D
:101DA00000210291210729D51199702906D0009AA6
:101DB0001021019B4A401A4305D00EE040216A469B
:101DC0001173012108E06146014306D030216A46C3
:101DD00011731199517302210291009A0821019BFC
:101DE0004A401A430AD16146014301D1610705D532
:101DF00030216A46117301217F1E029111995829E1
:101E000004D035A10E910DA90D910DE037A1F9E790
:101E10006146019B009AF5F795FD0E9B8C469B5CF5
:101E20000D9A521E0D92137061460143F0D10D9828
:101E300005A9081A20300190600703D5012000048D
:101E4000844300E001270198874201DD381A00E051
:101E50000020019900904118029809180498401A2E
:101E60000490E00306D421461A9B199A049800F0C6
:101E7000B3F94519002706E003A81A9AC05D19991D
:101E800090476D1C7F1C02988742F5DBE0030CD560
:101E900021461A9B199A049800F09EF9451904E00E
:101EA0001A9A3020199990476D1C0099481E00908D
:101EB0000029F5DC08E00D980D990078491C0D917A
:101EC0001A9A199990476D1C0199481E0190002992
:101ED000F1DC63E109280100303132333435363723
:101EE0003839616263646566000000003031323366
:101EF0003435363738394142434445460000000006
:101F000000F05AF94519761C3078002800D0E2E537
:101F100028461BB0F0BD600700D406271898C01DE6
:101F2000C108C90048680A680831C30FDB07189167
:101F3000190001D09CA108E0210501D59BA104E076
:101F4000E10701D09AA100E09AA1430011985B0833
:101F5000109165280CD006DC452809D046281DD0F4
:101F6000472841D141E0662818D067283CD13CE0A1
:101F70000021112F01DB112000E0781C019100905D
:101F800008A911A8FFF7E0FC139905910021119A07
:101F900015927F1C12980197009150E00120C00714
:101FA00003900120019008A9009711A8FFF7CCFC2D
:101FB000139A149905920022119B0092129815937E
:101FC000059A0192002901D0104602E0791C4018C0
:101FD0000190381A01D5019804E04042401E00905B
:101FE000781C0190C01B029043E0012F00DA01270A
:101FF0000021112F01DD112000E0384601910090F1
:1020000008A911A8FFF7A0FC13990591119A0021C6
:10201000129815920091019721070CD40599B942A5
:1020200001DB019900E00191012904DD159A491EA7
:10203000515C302906D0B84201DA011D05DA0121D0
:10204000029115E00199491EEDE7002805DC009991
:10205000411800910199091A03E0019A411C91422B
:1020600000DD01910099401A401C02900120C00738
:102070000390200706D402990198814202DB0020D8
:10208000C043029000206946C87707AF012103983A
:102090000337C907884224D0022011902B201290C8
:1020A000039800280CDA404203902D20129007E09C
:1020B0000A210398F5F71CFC30317F1E039039701C
:1020C0001199481E11900029F2DC03980028EFD1E5
:1020D000791E129808703078202108404530BF1EC4
:1020E000387006A8C01BC01D039010980078002807
:1020F00000D00120019941180298C01709180398CF
:1021000009180498401A401E0490E00306D42146A2
:102110001A9B199A049800F05FF8451910980078F6
:10212000002803D01A9A199990476D1CE00324D512
:1021300021461A9B199A049800F04EF845191CE0A4
:102140000098002807DB00990598884203DD159860
:10215000405C199901E0199930201A9A904700982B
:102160006D1C401C00900298401E0290002804D173
:102170001A9A2E20199990476D1C0199481E0190BA
:102180000029DDDC05E038781A9A7F1C1999904700
:102190006D1C0399481E03900029F4DC21461A9B0C
:1021A000199A0498ACE600002D0000002B000000F6
:1021B0002000000000000000F8B5044600251E467F
:1021C0001746880404D405E039462020B0476D1C2A
:1021D000641EF9D52846F8BDFFB50446002581B038
:1021E0001E46C80301D5302700E02027880404D507
:1021F00005E038460399B0476D1C641EF9D52846A2
:1022000005B0F0BD0A68531C0B60107070470000E9
:1022100010B50A48C188002908D07D20C00041437C
:102220000748FEF7B9FB0648FEF7C8FB0548417BA7
:10223000002901D10121817610BD00000C01002090
:10224000480500200000002010B5074880780028CD
:1022500002D006A0FFF73EFA0748416907A0FFF742
:1022600039FA002010BD00009400002041542B31A9
:102270003256543D00000000CC00002025640D0AB9
:102280000000000010B53D21F5F775FC401CF5F786
:10229000E7FC0949884201D9022010BD074948617D
:1022A0000749884201D1012100E000210320FDF708
:1022B00045FC002010BD000020BF0200CC00002023
:1022C000FFFF000010B507488078002802D006A064
:1022D000FFF700FA0748C16807A0FFF7FBF90020E5
:1022E00010BD00009400002041542B335633543D60
:1022F00000000000CC00002025640D0A0000000052
:1023000010B53D21F5F737FC401CF5F7A9FC08494D
:10231000884201D9022010BD06490028C86005D0B6
:1023200000210120FDF70AFC002010BD0121F8E783
:1023300020BF0200CC00002010B50748807800289C
:1023400002D006A0FFF7C6F90648016906A0FFF70C
:10235000C1F9002010BD00009400002041542B352D
:1023600056543D00CC00002025640D0A00000000FA
:1023700010B53D21F5F7FFFB401CF5F771FC09494D
:10238000884201D9022010BD0749086107498842E7
:1023900001D1012100E000210220FDF7CFFB002048
:1023A00010BD000020BF0200CC000020FFFF000095
:1023B00010B51048007800280AD10F480078582836
:1023C00015D10E48C078022811D00DA0FFF782F970
:1023D00015A0FFF77FF91D4C2046F6F7D3FE1C48E9
:1023E00004607D20C000F7F77DFB002010BD0320B6
:1023F00010BD00003600002020000020D001002089
:10240000506C65617365207761697420666F722016
:1024100074686520657261736520746F20636F6DE9
:10242000706C6574650D0000436C65617220616CB1
:102430006C2073746F7265642073656E736F7220A5
:10244000646174612E2E2E0D00000000808B020846
:1024500054000020FEB507460026684606808680A8
:102460003D213846F5F787FB0025C01B401CC4B250
:1024700005E0395D79556D1C641CEDB2E4B2384657
:10248000F5F783FBA042F4D87E5501AB6A4619A14B
:1024900038460BF017FC022829D16846008800282E
:1024A00025D069468988002921D0BC281FD8BC299D
:1024B0001DD888421BD8114A1278002A03D0104B2D
:1024C00001221A700DE00F48007858280DD10E48EF
:1024D000C078022809D00DA0FFF7FCF86846818873
:1024E00000880AF007FA0020FEBD0320FEBD02208E
:1024F000FEBD000025642C2564000000360000208D
:102500000000002020000020D001002053746F70D4
:10251000205478206576656E7473207768656E2028
:10252000726561642073656E736F7220646174619B
:102530000D000000F8B506460027684607803D21DB
:102540003046F5F718FB0025801B401CC4B205E09F
:10255000315D71556D1C641CEDB2E4B23046F5F787
:1025600014FBA042F4D8304677556A461EA10BF002
:10257000A9FB012807D168460188002903D02F2034
:102580008001814201D90220F8BD1848046800206A
:10259000174B184A05E0083C9C4200D81446401CE2
:1025A00080B28842F7D314480078002803D0134A39
:1025B000012010700CE012480078582811D1114801
:1025C000C07802280DD010A0FFF784F86846018873
:1025D00020460AF091FA7D20C000F7F783FA002028
:1025E000F8BD0320F8BD0000256C750054000020E4
:1025F000808B020880E902083600002001000020DC
:1026000020000020D001002053746F7020547820E7
:102610006576656E7473207768656E207265616497
:102620002073656E736F7220646174610D00000029
:1026300010B506488078002802D005A0FFF74AF8B8
:10264000054906A0FFF746F8002010BD94000020C1
:1026500041542B41504E3D00B315002025730D0A07
:102660000000000070B505460BF040FA3D212846F9
:10267000F5F781FA04462846F5F787FA611B401AF8
:10268000401E282801D9022070BD0748292105468F
:10269000F5F739FA601CF5F778FA0246611C28460E
:1026A000F5F718FA002070BDB315002010B50BF037
:1026B00045F9002010BD10B53D21F5F75CFA4078D2
:1026C000302801D0022010BD0BF0FAF8002010BD18
:1026D000F8B5204CE078042806D0062804D01EA0C7
:1026E000FEF7F8FF0320F8BD012505266D03360728
:1026F00029463046F7F768FC7D27FF00012805D002
:1027000017E001F06DFF3846F7F7ECF9294630463F
:10271000F7F75AFC0128F4D0FEF7C4F8014614A0DC
:10272000FEF7D8FF062011E001F026FF3846F7F744
:10273000D9F929463046F7F747FC0028F4D0FEF7D0
:10274000B1F8014612A0FEF7C5FF0420E07000209A
:10275000F8BD0000D00100205468652064657669EA
:10276000636520697320627573792E0D0A0000007D
:102770005B25755D456E746572206365727469666C
:102780006963617465206D6F64650D0A0000000067
:102790005B25755D45786974206365727469666947
:1027A00063617465206D6F64650D0A00F8B50746B6
:1027B0000C48F7F755FC0C4D0120A8700BA0FEF754
:1027C00089FF0B4E00241820604380198168384629
:1027D00088471420F7F786F9641C412CF3D30020B6
:1027E000A870F8BDE0050020940000200D0A00004C
:1027F00070E5010810B506488078002802D005A0D1
:10280000FEF768FF064907A0FEF764FF002010BD31
:102810009400002041542B434C49454E543D000048
:10282000DC15002025730D0A0000000070B5054678
:102830000BF05CF93D212846F5F79DF90446284642
:10284000F5F7A3F9611B401A401E802801D9022028
:1028500070BD074881210546F5F755F9601CF5F76D
:1028600094F90246611C2846F5F734F9002070BD42
:10287000DC15002008B50A488078002802D009A09D
:10288000FEF728FF0B48817A0091014620394A8FD4
:102890000379417E08A0FEF71DFF002008BD00005F
:1028A0009400002041542B434C4F434B4C4F473D29
:1028B00000000000EC00002025642C25642C256419
:1028C0002C25640D0A000000B0B588B007463D21F4
:1028D000F5F751F90025C01B401CC4B205E0385D76
:1028E00070556D1C641CEDB2E4B23846F5F74DF935
:1028F000A042F4D80024745505A902A801910090C3
:1029000006AB04AA15A130460BF0DCF9042823D14C
:102910006846037C012B1FD8018BE1200001814216
:1029200002D31148814217D16846027D202A13D86C
:102930000E4843760346203B59876946097A017160
:1029400082720B4804700BA0FEF7C4FE002007F053
:1029500063F8002008B0B0BD0220FBE725642C25F9
:10296000642C25642C256400FFFF0000EC0000208F
:10297000A401002053657420616674657220636150
:102980006C6962726174696F6E2074696D65206F25
:10299000722074616B65206566666563742061668C
:1029A0007465722041545A0D0A00000010B50648A3
:1029B0008078002802D005A0FEF78CFE064907A00B
:1029C000FEF788FE002010BD9400002041542B51DA
:1029D000434F50533D000000A21B002025730D0AF9
:1029E0000000000070B505460BF080F83D21284638
:1029F000F5F7C1F804462846F5F7C7F8611B401AF9
:102A0000401E3F2801D9022070BD074840210546DD
:102A1000F5F779F8601CF5F7B8F80246611C28460E
:102A2000F5F758F8002070BDA21B002010B507482C
:102A30008078002802D006A0FEF74CFE07484179B6
:102A400007A0FEF747FE002010BD00009400002004
:102A500041542B43535154494D453D00EC00002057
:102A600025640D0A0000000010B53D21F5F783F83C
:102A7000401CF5F7F5F8411E0A2901D3022010BDCC
:102A800001494871002010BDEC00002010B5074836
:102A90004178002903D00021417005A002E0012106
:102AA000417008A0FEF716FE002010BD9400002023
:102AB00045786974204465627567206D6F64650DA3
:102AC0000A000000456E74657220446562756720D7
:102AD0006D6F64650D0A000010B506488078002807
:102AE00002D005A0FEF7F6FD064907A0FEF7F2FDAD
:102AF000002010BD9400002041542B444555493D11
:102B000000000000F214002025730D0A00000000F0
:102B100070B505463D21F5F72EF804462846F5F731
:102B200034F8611B401A102812D1601C03F022FAFD
:102B300000280DD010210748F4F7E5FF601CF5F7D9
:102B400024F80246611C0348F4F7C4FF002070BD5E
:102B5000022070BDF214002010B5064880780028CD
:102B600002D005A0FEF7B6FD064907A0FEF7B2FDAC
:102B7000002010BD9400002041542B444E53434686
:102B8000473D00008A15002025730D0A0000000053
:102B900070B505460AF0AAFF3D212846F4F7EBFF81
:102BA00004462846F4F7F1FF611B401A401E28280E
:102BB00001D9022070BD074829210546F4F7A3FF7B
:102BC000601CF4F7E2FF0246611C2846F4F782FF1E
:102BD000002070BD8A15002010B5104880780028AC
:102BE00002D00FA0FEF776FD104C11A0227AE179F9
:102BF000FEF770FDE07900280BD00F480446F4F78B
:102C0000C4FF002805D021460CA0FEF763FD00207C
:102C100010BD0CA0FEF75EFDF9E700009400002057
:102C200041542B424B444E533D000000EC00002029
:102C300025642C25642C00005815002025730D0AEE
:102C4000000000004E554C4C0D0A0000F1B582B05A
:102C50003D210298F4F78FFF00902C210298F4F7A1
:102C60008AFF06462C21401CF4F785FF0446009895
:102C70002C2140783038C5B20098F4F77CFF401C16
:102C8000F4F7EEFFC7B2012D07D82C21009802F00F
:102C900051FF002801D0002F01D00220FEBD2C21C1
:102CA000009802F047FF022810D0002D1FD02C21E1
:102CB000009802F03FFF032819D10298F4F765FF4E
:102CC0000299711A401A401E312803D90CA0FEF750
:102CD00001FDE2E7104832210646F4F714FF601CBC
:102CE000F4F753FF0246611C3046F4F7F3FE0B483D
:102CF000C57107720AA0FEF7EDFC0020FEBD0000C2
:102D00004E4F54453A495020666F726D617420658C
:102D100072726F720D0A000058150020EC0000203E
:102D2000417474656E74696F6E3A54616B652065A9
:102D300066666563742061667465722041545A0D3D
:102D40000A00000010B507488078002802D006A0CD
:102D5000FEF7C0FC07488278417807A0FEF7BAFC6E
:102D6000002010BD9400002041542B444F574E5476
:102D7000453D00000C01002025642C25640D0A004F
:102D800070B506463D21F4F7F6FE0546407830382A
:102D9000C4B2012C0FD82C213046F4F7ECFE0028E9
:102DA00009D02C212846F4F7E6FE401CF4F758FF22
:102DB000C1B2012901D9022070BD0248447081705E
:102DC000002070BD0C010020F6F7E6FE0122134939
:102DD0000220F6F7B7FEF6F7ABFE01211048F6F732
:102DE000A5F905210F48F6F7A1F901210E48F6F7DC
:102DF0009DF90D4801218030F6F798F901210B4823
:102E0000F6F794F9F5F776FF09490120087002F00A
:102E1000BBFF1220F6F7E4F8FEF7ECFC040008080C
:102E20000058020880860208808A02080089020889
:102E300094000020F6F7B0FE012216490220F6F7B2
:102E400081FEF6F775FE01211348F6F76FF90921A7
:102E50001248F6F76BF905211148F6F767F90121D9
:102E60001048F6F763F90F4801218030F6F75EF954
:102E700001210D48F6F75AF902210C48F6F756F9E8
:102E8000F5F738FF02F080FF1220F6F7A9F8FEF7F9
:102E9000B1FC000004000808005D020800580208A8
:102EA00080860208808A02080089020880E90208F8
:102EB00010B507488078002802D006A0FEF70AFC6B
:102EC0000748817907A0FEF705FC002010BD00002F
:102ED0009400002041542B47444E533D0000000015
:102EE000EC00002025640D0A0000000010B53D2113
:102EF000F4F741FE401CF4F7B3FE012801D902208B
:102F000010BD02498871002010BD0000EC000020B7
:102F100010B507488078002802D006A0FEF7DAFB3B
:102F20000748C17B07A0891CFEF7D4FB002010BD19
:102F30009400002041542B4745544C4F473D00001E
:102F40000C01002025640D0A0000000010B5F5F703
:102F5000D9FE002010BD000010B53D21F4F70BFE96
:102F600040780024302809D0012231280CD00A49A9
:102F700032280CD033280CD0022010BDF5F7BAFE51
:102F800005482038047705E00448027102E0CC735C
:102F900000E0CA73002010BD0C0100209400002046
:102FA00010B53D21F4F7E7FD4078302803D03128F3
:102FB00004D0022010BD0BF003F904E00349012006
:102FC000487203490870002010BD000094000020E2
:102FD000A301002010B5064CA078002802D005A05F
:102FE000FEF778FB618906A0FEF774FB002010BD98
:102FF0009400002041542B474E5353543D00000091
:1030000025640D0A0000000010B53D21F4F7B3FD62
:10301000401CF4F725FE80B20146054A0A39914268
:1030200001D3022010BD03494881002010BD0000DB
:103030004F0200009400002010B5064CA078002834
:1030400002D005A0FEF746FB217A05A0FEF742FB61
:10305000002010BD9400002041542B4750533D00E8
:1030600025640D0A0000000010B53D21F4F783FD32
:10307000401CF4F7F5FD012801D9022010BD0249DA
:103080000872002010BD00009400002010B5074811
:103090008078002802D006A0FEF71CFB0748C18FED
:1030A00007A0FEF717FB002010BD000094000020D1
:1030B00041542B475444433D00000000CC00002005
:1030C00025640D0A0000000010B53D21F4F753FD02
:1030D000401CF4F7C5FD80B2044A411E914201D361
:1030E000022010BD0249C887002010BDFFFF00006C
:1030F000CC00002010B507488078002802D006A038
:10310000FEF7E8FA0748C17907A0FEF7E3FA0020C6
:1031100010BD00009400002041542B494E544D4FE7
:10312000443D0000CC00002025630D0A0000000093
:1031300010B53D21F4F71FFD407809493028C871CA
:1031400007D0312805D0322803D0332801D00220FF
:1031500010BD3038C0B2F5F7EBFE002010BD000006
:10316000CC00002010B507488078002802D006A0C7
:10317000FEF7B0FA0748017807A0FEF7ABFA002087
:1031800010BD00009400002041542B494F544D4F76
:10319000443D00000C01002025640D0A00000000E1
:1031A00010B53D21F4F7E7FC401CF4F759FDC0B21F
:1031B000022801D9022010BD01490870002010BD6D
:1031C0000C01002010B5064CA078002802D005A004
:1031D000FEF780FAE17906A0FEF77CFA002010BD28
:1031E0009400002041542B4950545950453D000053
:1031F00025640D0A0000000010B53D21F4F7BBFC6A
:10320000401CF4F72DFDC0B2012803D0022801D0E4
:10321000022010BD0149C871002010BD940000209B
:1032200010B50A488078002802D009A0FEF752FAAB
:103230000A48F4F7AAFC002805D0084908A0FEF7C0
:1032400049FA002010BD08A1F8E700009400002012
:1032500041542B4C444154413D0000002C28002097
:1032600025730D0A000000004E554C4C0000000074
:1032700010B507488078002802D006A0FEF72AFA89
:1032800007A209A10AA0FEF725FA002010BD000040
:103290009400002041542B4D4F44454C3D0000000C
:1032A00076312E322E30000050532D434200000064
:1032B00025732C25730D0A0010B5064CA078002844
:1032C00002D005A0FEF706FAA17906A0FEF702FAE1
:1032D000002010BD9400002041542B4D514F533D10
:1032E0000000000025640D0A0000000010B53D211B
:1032F000F4F741FC401CF4F7B3FCC0B2022801D93A
:10330000022010BD0249887101204871002010BDC3
:103310009400002010B506488078002802D005A04F
:10332000FEF7D8F9054906A0FEF7D4F9002010BD34
:103330009400002041542B4E54503D00621B00204D
:1033400025730D0A0000000070B505460AF0CEFB9B
:103350003D212846F4F70FFC04462846F4F715FCF7
:10336000611B401A401E3F2801D9022070BD07484A
:1033700040210546F4F7C7FB601CF4F706FC024643
:10338000611C2846F4F7A6FB002070BD621B0020DC
:1033900010B506488078002802D005A0FEF79AF9FB
:1033A000064907A0FEF796F9002010BD9400002002
:1033B00041542B4F5441434C543D00000A1C002003
:1033C00025730D0A0000000070B505460AF08EFB5B
:1033D0003D212846F4F7CFFB04462846F4F7D5FBF9
:1033E000611B401A401E2C2801D9022070BD0748DD
:1033F0002C210546F4F787FB601CF4F7C6FB024658
:10340000611C2846F4F766FB002070BD0A1C0020F2
:1034100010B506488078002802D005A0FEF75AF9BA
:10342000074908A0FEF756F9002010BD94000020BF
:1034300041542B4F54415449544C453D0000000029
:10344000921C002025730D0A0000000070B505468F
:103450000AF04CFB3D212846F4F78DFB0446284634
:10346000F4F793FB611B401A401E142801D9022077
:1034700070BD074814210546F4F745FB601CF4F7BE
:1034800084FB0246611C2846F4F724FB002070BD33
:10349000921C002010B506488078002802D005A0B4
:1034A000FEF718F9064907A0FEF714F9002010BD31
:1034B0009400002041542B4F54415645523D00008A
:1034C000A61C002025730D0A0000000070B50546FB
:1034D0000AF00CFB3D212846F4F74DFB0446284634
:1034E000F4F753FB611B401A401E082801D9022043
:1034F00070BD074808210546F4F705FB601CF4F78A
:1035000044FB0246611C2846F4F7E4FA002070BD33
:10351000A61C002010B506488078002802D005A01F
:10352000FEF7D8F8064907A0FEF7D4F8002010BD32
:103530009400002041542B4F54415057443D00000B
:10354000621C002025730D0A0000000070B50546BE
:103550000AF0CCFA3D212846F4F70DFB0446284634
:10356000F4F713FB611B401A401E302801D90220DA
:1035700070BD074830210546F4F7C5FA601CF4F722
:1035800004FB0246611C2846F4F7A4FA002070BD33
:10359000621C002010B506488078002802D005A0E3
:1035A000FEF798F8064907A0FEF794F8002010BD32
:1035B0009400002041542B4F54415345523D00008C
:1035C000E21B002025730D0A0000000070B50546BF
:1035D0000AF08CFA3D212846F4F7CDFA04462C2156
:1035E0002846F4F7C8FA002809D02846F4F7CDFA9F
:1035F000611B401A401E282805D9022070BD09A071
:10360000FEF768F8F9E70F4828210546F4F77BFA3A
:10361000601CF4F7BAFA0246611C2846F4F75AFA1D
:10362000002070BD4E4F54453A53455256414444D4
:103630005220464F524D4154204552524F520D0A8E
:1036400000000000E21B002010B50648807800282A
:1036500002D005A0FEF73EF8074908A0FEF73AF8A9
:10366000002010BD9400002041542B4F5441554E72
:10367000414D453D00000000361C002025730D0A19
:103680000000000070B505460AF030FA3D212846DA
:10369000F4F771FA04462846F4F777FA611B401AEA
:1036A000401E2C2801D9022070BD07482C21054658
:1036B000F4F729FA601CF4F768FA0246611C284600
:1036C000F4F708FA002070BD361C002010B507483A
:1036D0008078002802D006A0FDF7FCFF0648027D96
:1036E000017806A0FDF7F6FF002010BD9400002031
:1036F00041542B50524F3D00EC00002025642C25F6
:10370000640D0A0070B506463D21F4F734FA05460B
:1037100040783038C4B2012C05D0022C03D0032CE1
:1037200001D0042C17D12C213046F4F724FA0028BC
:1037300011D02C212846F4F71EFA401CF4F790FA19
:10374000C0B2022C03D0042C01D0012C05D10028DA
:1037500003D0052801D0022070BD04490C70087503
:1037600003A0FDF7B7FF002070BD0000EC000020B3
:10377000417474656E74696F6E3A54616B6520654F
:1037800066666563742061667465722041545A0DE3
:103790000A00000010B507488078002802D006A073
:1037A000FDF798FF0748018B07A0FDF793FF002066
:1037B00010BD00009400002041542B50524F424550
:1037C0003D000000CC000020253034780D0A0000B8
:1037D00008B53D21F4F7CFF9411C04226846FCF7F7
:1037E000A7FC68460088024940BA0883002008BD4B
:1037F000CC00002010B506488078002802D005A033
:10380000FDF768FF074908A0FDF764FF002010BD21
:103810009400002041542B505542544F5049433D91
:1038200000000000A717002025730D0A000000000B
:1038300070B505460AF05AF93D212846F4F79BF980
:1038400004462846F4F7A1F9611B401A401E80285F
:1038500001D9022070BD074881210546F4F753F9CC
:10386000601CF4F792F90246611C2846F4F732F91D
:10387000002070BDA717002010B5064880780028EA
:1038800002D005A0FDF726FF054906A0FDF722FF9F
:10389000002010BD9400002041542B5057443D009F
:1038A000DE16002025730D0A0000000070B50546E5
:1038B0000AF01CF93D212846F4F75DF90446284634
:1038C000F4F763F9611B401A401EC82801D9022091
:1038D00070BD0748C9210546F4F715F9601CF4F7D7
:1038E00054F90246611C2846F4F7F4F8002070BD34
:1038F000DE16002010B507488078002802D006A008
:10390000FDF7E8FE0748016807A0FDF7E3FE002089
:1039100010BD00009400002041542B50574F5244DA
:103920003D000000CC00002025730D0A00000000BF
:10393000F8B507463D21F4F71EF904463846F4F77A
:1039400024F9E61B801B401E082801D90220F8BD7F
:103950003846F4F71AF9801B1B4D022802D1607813
:1039600030282ED00120287108212868F4F7CBF8E0
:103970003846F4F70AF9821B611C521E2868F4F7D6
:10398000A9F82C682046F4F761F900BA000AE1783A
:1039900000020E4D08432860201DF4F757F900BAC5
:1039A000000AE17900020843094C686001212046C1
:1039B000F5F7BCFB032229462046F5F747FC00201B
:1039C000F8BD0220CFE70000CC000020A8070020AF
:1039D000005D020810B506488078002802D005A0D6
:1039E000FDF778FE064907A0FDF774FE002010BD24
:1039F0009400002041542B5142414E443D000000B0
:103A00002E1B002025730D0A0000000070B505462E
:103A10000AF06CF83D212846F4F7ADF80446284634
:103A2000F4F7B3F8611B401A401E352805D82C2145
:103A3000204602F07FF8012801D0022070BD07481F
:103A400034210546F4F75FF8601CF4F79EF802464F
:103A5000611C2846F4F73EF8002070BD2E1B0020A4
:103A600070B50124052564032D0721462846F6F785
:103A7000ABFA7D26F600012805D014E000F0B0FD79
:103A80003046F6F72FF821462846F6F79DFA01282A
:103A9000F4D0FCF707FF01460AA00EE000F06CFD31
:103AA0003046F6F71FF821462846F6F78DFA00282B
:103AB000F4D0FCF7F7FE014606A0FDF70BFE002050
:103AC00070BD00005B25755D706F776572206F6E4D
:103AD0000D0A00005B25755D706F776572206F665B
:103AE000660D0A0070B5FCF7DDFE01460848FDF7DB
:103AF000F1FD084D0024182060434019416906A0DB
:103B0000FDF7E8FD641C412CF5D3002070BD0000DA
:103B10002C18020870E5010825730D0A000000004A
:103B200010B507488078002802D006A0FDF7D2FD26
:103B30000748817B07A0FDF7CDFD002010BD0000E8
:103B40009400002041542B52454450543D00000045
:103B50000C01002025640D0A0000000010B53D2175
:103B6000F4F709F8401CF4F77BF8C0B2012801D93A
:103B7000022010BD002801D0012100E000210248F0
:103B80008173002010BD00000C01002001F04CFBEF
:103B90001120F5F725FA0A48C07B01280AD1F5F76C
:103BA000FBFF074807492038027F0220F5F7CAFFCC
:103BB000F5F7BEFF6420F5F795FFFDF71BFE00004B
:103BC0000C0100200C000808012070473EB50F488A
:103BD0008078002802D00EA0FDF77CFD0E484179C8
:103BE000032908D0428900920389C2880BA0FDF7FF
:103BF00071FD00203EBD02894489437B6D461CC592
:103C0000037BC28809A0FDF765FDF2E79400002060
:103C100041542B524F433D000C01002025642C25BC
:103C2000642C25642C25640D0A00000025642C25D5
:103C3000642C25642C25642C25642C25640D0A0035
:103C4000F0B58BB0074600246846848304848484DE
:103C50000474047504763D213846F3F78CFF002682
:103C6000C01B401CC5B205E0795DB955761C6D1CC2
:103C7000F6B2EDB23846F3F788FFA842F4D8BC5547
:103C800006A805A909AD08AE0091029007AB04AAE9
:103C90000196039526A138460AF014F8062809D0A3
:103CA00007AB04AA27A13846009601950AF00AF846
:103CB00004283AD16846017C032936D8058C24486B
:103CC000854232D86846828C224882422DD82248CA
:103CD00003290FD16B461E7D012E0BD81B7E012BB5
:103CE00008D841716946898BC18006730581437389
:103CF000428107E041716946898BC180058142811B
:103D000004734473C188002909D07D20C000414359
:103D10001248FCF741FE1148FCF750FE02E00F4844
:103D2000FCF784FE00200BB0F0BD0220FBE7000092
:103D300025642C25642C25642C25642C25642C25D5
:103D40006400000025642C25642C25642C25640067
:103D5000204E0000307500000C01002048050020B6
:103D600010B507488078002802D006A0FDF7B2FC05
:103D70000748418C07A0FDF7ADFC002010BD0000F6
:103D80009400002041542B5258444C3D0000000048
:103D9000CC00002025640D0A0000000010B53D2174
:103DA000F3F7E9FE401CF3F75BFF0249488400206B
:103DB00010BD0000CC00002010B51048807800280D
:103DC00002D00FA0FDF786FC114912A0FDF782FC7E
:103DD0000F4846300446F3F7D8FE002809D00FA15B
:103DE0002046F3F7A7FE002803D121460DA0FDF7DA
:103DF00071FC0EA0FDF76EFC002010BD94000020A9
:103E000041542B53455256414444523D000000005A
:103E10001215002025730D0A000000004E554C4C71
:103E20000000000028257329000000000D0A000092
:103E300070B5054609F05AFE3D212846F3F79BFE72
:103E400004462C212846F3F796FE002809D0284680
:103E5000F3F79BFE611B401A401E452805D902203E
:103E600070BD16A0FDF736FCF9E71C484621054653
:103E7000F3F749FE601CF3F788FE0246611C2846F2
:103E8000F3F728FE284602F08DF801280ED02846C8
:103E900002F088F8022809D0284602F0C1F801286B
:103EA00004D0284602F0BCF8022804D10B48322185
:103EB0004630F3F728FE002070BD00004E4F5445F9
:103EC0003A534552564144445220464F524D415474
:103ED000204552524F520D0A0000000012150020DA
:103EE00010B507488078002802D006A0FDF7F2FB45
:103EF0000748017E07A0FDF7EDFB002010BD000084
:103F00009400002041542B534C4545503D00000087
:103F1000EC00002025640D0A000000000349012088
:103F2000087003490220087000207047320000200A
:103F30002E00002010B507488078002802D006A087
:103F4000FDF7C8FB0648817D06A0FDF7C3FB0020F6
:103F500010BD00009400002041542B534E493D00F9
:103F6000EC00002025640D0A0000000010B53D2182
:103F7000F3F701FE401CF3F773FEC0B2012801D92C
:103F8000022010BD01498875002010BDEC00002002
:103F900010B506488078002802D005A0FDF79AFBEE
:103FA000074908A0FDF796FB002010BD94000020F3
:103FB00041542B535542544F5049433D000000009B
:103FC0002818002025730D0A0000000070B5054672
:103FD00009F08CFD3D212846F3F7CDFD0446284627
:103FE000F3F7D3FD611B401A401E802801D902203F
:103FF00070BD074881210546F3F785FD601CF3F786
:10400000C4FD0246611C2846F3F764FD002070BD24
:104010002818002010B507488078002802D006A094
:10402000FDF758FB0648816806A0FDF753FB00200A
:1040300010BD00009400002041542B5444433D0027
:10404000CC00002025640D0A0000000010B53D21C1
:10405000F3F791FD401CF3F703FE0146044A3C3997
:10406000914201D3022010BD02498860002010BD9A
:10407000C4FFFF00CC00002000B58FB06846FCF7FD
:10408000A3F803A90098FCF7BBF80B488078002838
:1040900002D00AA0FDF71EFB03AB07CB01910290F3
:1040A0000A4908980092411809A0069B079AFDF753
:1040B00011FB00200FB000BD9400002041542B5490
:1040C000494D455354414D503D0000006C070000E0
:1040D00025642D253032642D25303264205425305E
:1040E00032643A253032643A253032640D0A0000D9
:1040F000F8B5002607463D210096F3F73CFD002564
:10410000C01B401CC4B205E0395D79556D1C641CB0
:10411000EDB2E4B23846F3F738FDA042F4D87E554C
:104120006A460AA1384609F0CDFD012801D00220D7
:10413000F8BD07490098884204D93146FCF7C0F819
:104140000020F8BD03A0FDF7C5FAF0E7256C750067
:104150008000926576616C7565206E65656473207C
:10416000746F20626520677265617465722074687F
:10417000616E20313730343036373230300A0D003E
:1041800010B507488078002802D006A0FDF7A2FAF3
:104190000748C27D417D07A0FDF79CFA002010BDB5
:1041A0009400002041542B544C534D4F443D00008B
:1041B000EC00002025642C25640D0A0070B506462D
:1041C0003D21F3F7D8FC044640783038C5B2022DC3
:1041D00011D82C213046F3F7CEFC00280BD02C212F
:1041E0002046F3F7C8FC401CF3F73AFDC1B2002D9E
:1041F00003D0012202E0022070BD00220248427575
:10420000C175002070BD0000EC00002010B506480C
:104210008078002802D005A0FDF75CFA064907A0C7
:10422000FDF758FA002010BD9400002041542B5592
:104230004E414D453D0000005D16002025730D0ADE
:104240000000000070B5054609F050FC3D212846ED
:10425000F3F791FC04462846F3F797FC611B401ADC
:10426000401E802801D9022070BD074881210546E3
:10427000F3F749FC601CF3F788FC0246611C2846F2
:10428000F3F728FC002070BD5D16002010B507482C
:10429000C078042804D006A0FDF71CFA032010BD46
:1042A00009490120C870002010BD0000D001002085
:1042B000546865206465766963652069732062755A
:1042C00073792E0D0A0000009400002010B50648F6
:1042D0008078002802D005A0FDF7FCF9064907A068
:1042E000FDF7F8F9002010BD9400002041542B5533
:1042F0005249313D00000000A918002025730D0A25
:104300000000000070B5054609F0F0FB3D2128468D
:10431000F3F731FC04462846F3F737FC611B401ADB
:10432000401E802801D9022070BD07488121054622
:10433000F3F7E9FB601CF3F728FC0246611C2846F2
:10434000F3F7C8FB002070BDA918002010B506487F
:104350008078002802D005A0FDF7BCF9064907A027
:10436000FDF7B8F9002010BD9400002041542B55F2
:104370005249323D000000002A19002025730D0A21
:104380000000000070B5054609F0B0FB3D2128464D
:10439000F3F7F1FB04462846F3F7F7FB611B401ADD
:1043A000401E802801D9022070BD074881210546A2
:1043B000F3F7A9FB601CF3F7E8FB0246611C2846F3
:1043C000F3F788FB002070BD2A19002010B50648BD
:1043D0008078002802D005A0FDF77CF9064907A0E7
:1043E000FDF778F9002010BD9400002041542B55B2
:1043F0005249333D00000000AB19002025730D0A1F
:104400000000000070B5054609F070FB3D2128460C
:10441000F3F7B1FB04462846F3F7B7FB611B401ADC
:10442000401E802801D9022070BD07488121054621
:10443000F3F769FB601CF3F7A8FB0246611C2846F2
:10444000F3F748FB002070BDAB19002010B50648FB
:104450008078002802D005A0FDF73CF9064907A0A6
:10446000FDF738F9002010BD9400002041542B5571
:104470005249343D000000002C1A002025730D0A1B
:104480000000000070B5054609F030FB3D212846CC
:10449000F3F771FB04462846F3F777FB611B401ADC
:1044A000401E802801D9022070BD074881210546A1
:1044B000F3F729FB601CF3F768FB0246611C2846F2
:1044C000F3F708FB002070BD2C1A002010B5064839
:1044D0008078002802D005A0FDF7FCF8064907A067
:1044E000FDF7F8F8002010BD9400002041542B5532
:1044F0005249353D00000000AD1A002025730D0A19
:104500000000000070B5054609F0F0FA3D2128468C
:10451000F3F731FB04462846F3F737FB611B401ADB
:10452000401E802801D9022070BD07488121054620
:10453000F3F7E9FA601CF3F728FB0246611C2846F2
:10454000F3F7C8FA002070BDAD1A002030B583B073
:104550000446FDF7DDF90546002000900246019073
:1045600021466846F3F7E5FE2846FDF7E7F901998D
:10457000009803B030BD000010B586B01421684625
:10458000F3F7C1FA1348C26A02210A43C262C06A41
:10459000114C08400590042000900120019000205B
:1045A0000391029069462046F5F74CFC0122042154
:1045B0002046F5F716FD0948F5F794FA0022042184
:1045C0002046F5F70EFDAF20C000F5F78BFA06B0D8
:1045D00010BD00000010024000040050140500004F
:1045E00030B587B014216846F3F78DFA1748C26AD0
:1045F00002210A43C262C06A154C0840059004209B
:10460000009001200190002003910290694620460D
:10461000F5F718FC002204212046F5F7E2FC7D2581
:10462000ED002846F5F75EFA012204212046F5F751
:10463000D8FC2846F5F756FA002204212046F5F763
:10464000D0FC2846F5F74EFA07B030BD0010024006
:1046500000040050F0B587B0002004908B200D2599
:104660000290F7F77BFB0024E800104E27460190EC
:1046700001982043C0B200250090777002990098FD
:10468000F7F7CEFC707800280CD06D1CEDB2052D2C
:10469000F3D30498002803D1641CE4B2082CE7D3B8
:1046A00007B0F0BD00983070FAE7000098010020D4
:1046B00010B50E494A8F111A824201D389B203E024
:1046C000E1200001081881B20948824204D107485C
:1046D00020300179074801E07D20C00041430648B1
:1046E000FCF75AF90448FCF769F910BDCC0000202A
:1046F000FFFF000060EA0000F8040020F8B5FE4F5C
:104700000026FE4C3546B100C819F4F7D9FD2268E1
:10471000010E51552368020C691C5A542368020A81
:10472000A91C5A54EA1C2168761C2D1DF6B2885427
:10473000EDB2022EE7D32068F3F727FA00282068AD
:1047400004D0F3F722FA012823D02AE00622EC490C
:10475000F3F7C0F925682846F3F778FA00BA000A9B
:10476000E9780002E74E08433060281DF3F76EFA3F
:1047700000BA000AE9790002084370600121384656
:10478000F4F7D4FC032231463846F4F75FFD0020ED
:1047900006E030212068F3F7EEF9002801D002206E
:1047A0002071D948F4F78CFDD74EE087361D30468E
:1047B000F4F786FDD54DE8713046F4F781FD000C25
:1047C00068813046F4F77CFD000A2872301DF4F74A
:1047D00077FD0002000AA060CB480C30F4F770FDB2
:1047E000010EE171302907D0312905D0322903D0DB
:1047F000332901D03020E071E0793038C0B2F4F7CD
:1048000097FBC1480C30F4F75BFDBC4D0002000E75
:1048100020352870012807D0022805D0032803D0AE
:10482000042801D002202870B7481430F4F748FD5E
:10483000000E0704B4481030F4F742FD80B207437D
:10484000B34E2761B74200D92661AF481030F4F764
:1048500037FD000C6084AC481430F4F731FD0004DF
:10486000000E0704A8481830F4F72AFD80B2074369
:10487000E760B74200D9E660A3481430F4F720FDA2
:104880000002000E0704A0481830F4F719FD000CD0
:1048900007436761B74200D966619B482C30F4F743
:1048A0000FFD208398480C30F4F70AFD0006000E37
:1048B000687101D105206871934E30363046F4F7A7
:1048C000FFFC000AA8713046F4F7FAFC8B4E8E4FBD
:1048D000000C4036307070373846F4F7F1FC0006B3
:1048E000000E00D0012068753846F4F7E9FC000A94
:1048F000E8753846F4F7E4FC000CA8723846F4F783
:10490000DFFC000E287180487430F4F7D9FC000EEB
:1049100000D00120F0737C487430F4F7D1FC7B4F59
:10492000000C787178487430F4F7CAFC000AB8714A
:10493000754F78373846F4F7C3FC000EA875384633
:10494000F4F7BEFC000C68763846F4F7B9FC6087D3
:104950006D483030F4F7B4FC6B4C000E28753434DD
:104960002046F4F7ADFC000C70712046F4F7A8FC6B
:10497000F080241D2046F4F7A3FC000C3081204673
:10498000F4F79EFC7081241D2046F4F799FC000A80
:1049900030732046F4F794FC70733C1D2046F4F706
:1049A0008FFC000C28722046F4F78AFC000EE87198
:1049B0002046F4F785FCB0702046F4F781FC000A2D
:1049C00070705148534E1C3000273C4600900098B0
:1049D000B9000818F4F774FC010E31553119020CB6
:1049E0004A70020A7F1C241D8A70FFB2C870E4B2AC
:1049F000042FECD34748F3F7C8F8002804D146A2A7
:104A000047A14448FCF776FE3F484830002427463B
:104A100000900098A1000818F4F752FCF119020E5A
:104A2000C0314A70020C8A70020A641C3F1DCA70B1
:104A3000E4B20871FFB20A2CEBD33648C130044609
:104A4000F3F7A3F8002804D133A235A12046FCF7E0
:104A500051FE34480024274600900098A100081811
:104A6000F4F72EFC2B49020EC91920310A70020CF2
:104A70004A70020A641C3F1D8A70E4B2C870FFB21B
:104A8000122CEAD3234820300090F3F77EF8002858
:104A900004D121A222A10098FCF72CFE224F002471
:104AA0002646A000C019F4F70BFC1A49020E89191A
:104AB00080310A76020C4A76020A641C361D8A7618
:104AC000E4B2C876F6B20A2CEBD31248983004460A
:104AD000F3F75BF8002804D114A211A12046FCF7DB
:104AE00009FE00242646A000C0192830F4F7E8FB90
:104AF0000849020E891923E0005D0208CC0000205D
:104B000058040020A8070020005802089400002044
:104B100020BF0200F21400204E554C4C0000000053
:104B200025730000005C0208008B020822382E3832
:104B30002E382E38222C22382E382E342E342200B5
:104B400060318A71020CCA71020A641C361D0A7235
:104B5000E4B24872F6B20C2CC5D32878032815D1DC
:104B6000287D012804D0022804D0032809D00DE0B4
:104B7000EAA207E0687D012801D0EFA202E0F4A2DA
:104B800000E0F9A2FEA10098FCF7B4FDFD48002664
:104B9000FD4C374600900098B1000818F4F790FBE0
:104BA000E119FF31020E6131CA72020C0A73020A66
:104BB000761C3F1D4A73F6B28873FFB2202EEAD3EB
:104BC000F2480646F2F7E1FF002804D1F04AECA1D2
:104BD0003046FCF78FFDEB488030002637460090CA
:104BE0000098B1000818F4F76BFBE119FF31020ED1
:104BF000E1310A73020C4A73020A761C3F1D8A7364
:104C0000F6B2C873FFB2322EEAD3E04881300646CE
:104C1000F2F7BBFF002804D1DD4AD9A13046FCF7EA
:104C200069FDDC480026374600900098B10008185E
:104C3000F4F746FBE119020EE0318A72020CCA72E7
:104C4000020A761C3F1D0A73F6B24873FFB2202E8B
:104C5000EBD3CE4881380646F2F797FF002804D1FF
:104C6000CB4AC7A13046FCF745FDCA488030002634
:104C7000374600900098B1000818F4F721FBE319BB
:104C800015214901020E59184A75020C8A75020A4B
:104C9000761C3F1DCA75F6B20876FFB2202EE9D306
:104CA000BD480646F2F771FF002804D1B84AB4A106
:104CB0003046FCF71FFDB348803800263746009089
:104CC0000098B1000818F4F7FBFAE319192149011B
:104CD000020E59188A75020CCA75020A761C3F1D0D
:104CE0000A76F6B24876FFB2202EE9D3AA48813080
:104CF0000646F2F74AFF002804D1A54AA0A1304693
:104D0000FCF7F8FCA5480026374600900098B10053
:104D10000818F4F7D5FAE3191D214901020E5918B4
:104D2000CA75020C0A76020A761C3F1D4A76F6B254
:104D30008876FFB2202EE9D399480646F2F725FF80
:104D4000002804D1924A8EA13046FCF7D3FC934848
:104D500080300026374600900098B1000818F4F71C
:104D6000AFFAE31921214901020E59180A76020C03
:104D70004A76020A761C3F1D8A76F6B2C876FFB2E2
:104D8000202EE9D3864881300646F2F7FEFE002841
:104D900004D17F4A7AA13046FCF7ACFC814800265A
:104DA000374600900098B1000818F4F789FAE31923
:104DB00025214901020E59184A76020C8A76020A08
:104DC000761C3F1DCA76F6B20877FFB2202EE9D3D3
:104DD00075480646F2F7D9FE002804D16C4A68A14E
:104DE0003046FCF787FC6F4880300026374600903D
:104DF0000098B1000818F4F763FAE3192921490172
:104E0000020E59188A76020CCA76020A761C3F1DD9
:104E10000A77F6B24877FFB2202EE9D36248813094
:104E20000646F2F7B2FE002804D1594A54A1304692
:104E3000FCF760FC5D480026374600900098B10002
:104E40000818F4F73DFAE3192D214901020E59180B
:104E5000CA76020C0A77020A761C3F1D4A77F6B220
:104E60008877FFB2202EE9D351480646F2F78DFE2F
:104E7000002804D1464A42A13046FCF73BFC4D488D
:104E80000026374600900098B1000818F4F718FA89
:104E9000E31931214901020E59180A77020C4A77A9
:104EA000020A761C3F1D8A77F6B2C877FFB20D2E34
:104EB000E9D33F4881300646F2F767FE002804D167
:104EC0003DA22FA13046FCF715FC38488030002663
:104ED000374600900098B1000818F4F7F1F9E3198B
:104EE00033214901020E59180A74020C4A74020A4D
:104EF000761C3F1D8A74F6B2C874FFB2102EE9D337
:104F00002B48B5300646F2F740FE002804D1204A6F
:104F10001BA13046FCF7EEFB244867E06D7174740A
:104F2000332E7468696E67737065616B2E636F6D85
:104F30002C313838330000006D7174742E64617444
:104F40006163616B652E636F2C313838330000006C
:104F50006D7174742E6461746163616B652E636F2F
:104F60002C3838383300000062726F6B65722E681F
:104F70006976656D712E636F6D2C313838330000A2
:104F800025730000805A0208F21400205D160020EC
:104F9000184B010800590208A71700208086020854
:104FA000A918002080870208AB1900208088020819
:104FB000AD1A0020808A020830783130303030322B
:104FC000303030303030303030663065313839662E
:104FD0002C30783130303034323030303030303086
:104FE000303039306531383966000000C030002675
:104FF000374600900098B1000818F4F761F97F492E
:10500000020ECB193521490159180A74020C4A7451
:10501000020A761C3F1D8A74F6B2C874FFB2102EC5
:10502000E8D377480446F2F7B0FD002804D1754A6A
:1050300075A12046FCF75EFB744F00242646A000B5
:10504000C019F4F73DF96D49020E8B19372149015A
:1050500059180A74020C4A74020A641C361D8A74B8
:10506000E4B2C874F6B20A2CE9D36548403004466D
:10507000F2F78BFD002804D1624A63A12046FCF7B9
:1050800039FB00242646A000C0192830F4F718F98F
:105090005A49020E8B190721090259180A76020C87
:1050A0004A76020A641C361D8A76E4B2C876F6B2E5
:1050B0000B2CE8D3524868300446F2F766FD00280E
:1050C00004D1504A50A12046FCF714FB0024264688
:1050D000A000C0195430F4F7F3F84849020E8B19B8
:1050E0001D21890159180A71020C4A71020A641CB7
:1050F000361D8A71E4B2C871F6B20B2CE8D3404871
:1051000094300446F2F741FD002804D13D4A3EA107
:105110002046FCF7EFFA3D4F803700242646A000DA
:10512000C019F4F7CDF83549020E8B193B2149011E
:1051300059180A74020C4A74020A641C361D8A74D7
:10514000E4B2C874F6B20C2CE9D32D48C030044642
:10515000F2F71BFD002804D12A4A2BA12046FCF7B8
:10516000C9FA00242646A000C0193030F4F7A8F888
:105170002249020E8B193D21490159180A70020C6F
:105180004A70020A641C361D8A70E4B2C870F6B216
:10519000022CE8D31A48F0300446F2F7F6FC002857
:1051A00004D11BA218A12046FCF7A4FA002426462D
:1051B000A000C0193830F4F783F81049020E8B199B
:1051C0003D21490159180A75020C4A75020A641CEE
:1051D000361D8A75E4B2C875F6B2052CE8D30E48C0
:1051E0000446F2F7D2FC002804D10CA206A1204606
:1051F000FCF780FA0B48007B2877F8BDF2140020FA
:10520000A21B0020184B01082573000080E902084A
:1052100050532D4342000000A61C002076312E3250
:105220002E30000000000808FEB58021FA48F2F791
:105230006AFCF94880218030F2F765FC8021F7484C
:10524000F2F761FCF548C8218030F2F75CFCF348C6
:1052500080218038F2F757FC8021F148F2F753FCA7
:10526000EF4880218030F2F74EFC8021ED48F2F7C4
:105270004AFCEC4880218030F2F745FC8021EA4866
:10528000F2F741FCE84880218030F2F73CFC8021B5
:10529000E648F2F738FCE54880218030F2F733FC2D
:1052A0008021E348F2F72FFCE14880218030F2F7BB
:1052B0002AFC8021DF48F2F726FCDF4AD648D18F4E
:1052C000DE4C01606189237A09041B021943E379EA
:1052D0001943416091688160D1790B0611462031F4
:1052E0000D782D042B434D792B43C360538C1D0443
:1052F00013699EB23543056155691B0C2E02360EAB
:105300001B0636043343D66837023F0E3F023B4349
:1053100043612B04B5B22B438361138BC3620B7DB6
:105320001D060B4620331E78360435438E7936022F
:10533000354305635D79DE882D0435434563956CFF
:105340001026F54185639D896DBAC5634D7D0E7943
:10535000CF7D360635438E7A3F0236043E433543D1
:1053600005676679DD7BA4792D0636043543240272
:10537000254345678C7D497E240609040C43518FE3
:105380000C431146233184674A790C791102214379
:1053900049BA5A780904120211439A78A84C114369
:1053A00000252E46C16710E060190746F2F74EFC53
:1053B00000BA000AF978000208439749B200511870
:1053C0002D1D761CEDB2F6B2C8619D48F2F7DDFBEB
:1053D000A842E9D800252046C1302E46009013E0AF
:1053E00067193846C130F2F731FC00BAC037000AFD
:1053F000397900020843B20087492D1D5118761CE7
:105400008864EDB2F6B20098F2F7BFFBA842E7D885
:105410000025204620302E46009012E060192030F2
:105420000746F2F713FC00BA000AF97800020843B5
:10543000B20079492D1D80318850761CEDB2F6B24C
:105440000098F2F7A2FBA842E8D800252046FF30DA
:105450006C302E46009014E067193846FF306C30EF
:10546000F2F7F4FBFF3700BA6137000AB97B00029C
:105470000843B20069492D1D8850761CEDB2F6B282
:105480000098F2F782FBA842E6D800252046FF30BC
:10549000ED302E46009015E067193846FF30ED30AC
:1054A000F2F7D4FBFF3700BAE137000AF97B0002BC
:1054B0000843B20059492D1D80318850761CEDB249
:1054C000F6B20098F2F761FBA842E5D80025204625
:1054D000EA302E46009013E067193846EA30F2F7BA
:1054E000B5FB00BAE037000A797B00020843B2003E
:1054F0004A492D1D80398850761CEDB2F6B20098CD
:10550000F2F743FBA842E7D800254E482E46201864
:10551000009014E04B4867193818F2F797FB1521F3
:10552000490100BA7918000A097E00020843B20056
:105530003B492D1D8850761CEDB2F6B20098F2F76B
:1055400024FBA842E6D83F480025813020182E468B
:10555000009016E03B48671981303818F2F776FB67
:105560001921490100BA7918000A497E000208434E
:10557000B2002B492D1D80318850761CEDB2F6B259
:105580000098F2F702FBA842E4D800252E482E46E8
:105590002018009014E02C4867193818F2F756FBD1
:1055A0001D21490100BA7918000A897E00020843CA
:1055B000B2001C492D1D8850761CEDB2F6B2009841
:1055C000F2F7E3FAA842E6D800258720C0002018A9
:1055D0002E46009016E087206719C0003818F2F7B1
:1055E00035FB2121490100BA7918000AC97E000261
:1055F0000843B2000B492D1D80318850761CEDB256
:10560000F6B20098F2F7C1FAA842E4D800250F4894
:105610002E462018009030E0B40700203409002006
:105620007C0A00207C0B00207C0C00207C0D0020DC
:105630007C0E00207C0F0020CC0000209400002075
:10564000F2140020B5020000B7030000B904000006
:10565000FE4867193818F2F7F9FA2521490100BA0E
:105660007918000A097F00020843B200F8492D1D8D
:105670008850761CEDB2F6B20098F2F786FAA8428E
:10568000E6D8F2480025813020182E46009016E01A
:10569000EE48671981303818F2F7D8FA2921490104
:1056A00000BA7918000A497F00020843B200E849AD
:1056B0002D1D80318850761CEDB2F6B20098F2F7BD
:1056C00064FAA842E4D80025E2482E46201800904B
:1056D00014E0E04867193818F2F7B8FA2D214901AB
:1056E00000BA7918000A897F00020843B200DA493B
:1056F0002D1D8850761CEDB2F6B20098F2F745FAEF
:10570000A842E6D8D3480025813020182E460090C4
:1057100016E0D048671981303818F2F797FA31212E
:10572000490100BA7918000AC97F00020843B20093
:10573000C9492D1D80318850761CEDB2F6B2009813
:10574000F2F723FAA842E4D80025204698302E46E6
:10575000009012E0671938469830F2F777FA00BAED
:105760008037000AF97E00020843B200BB492D1DB4
:105770008850761CEDB2F6B20098F2F706FAA8420D
:10578000E8D80025204666302E46009013E06719C1
:1057900038466630F2F75AFA00BA6037000A797A6A
:1057A00000020843B200AD492D1D5118761C8862D5
:1057B000EDB2F6B20098F2F7E8F9A842E7D8002572
:1057C0006721090161182E46009115E067206719CD
:1057D00000013818F2F73AFA3321490100BA791872
:1057E000000AC97C000208439C49B20080312D1D8B
:1057F000761C8850EDB2F6B20098F2F7C6F9A842CE
:10580000E4D800256B20000120182E46009017E0F8
:105810006B20671900013818F2F718FA3521490191
:1058200000BA7918000AC97C00020843B2008B490B
:105830002D1D80315118761C0864EDB2F6B2009827
:10584000F2F7A3F9A842E3D800256F2109016118F6
:105850002E46009114E06F20671900013818F2F706
:10586000F5F93721490100BA7918000AC97C00020C
:105870000843B2002D1D7A49761C8850EDB2F6B26D
:105880000098F2F782F9A842E5D80025E320C0008D
:1058900020182E46009016E0E3206719C000381843
:1058A000F2F7D4F90721090200BA7918000AC97E73
:1058B00000020843B2006A492D1D5118761C886207
:1058C000EDB2F6B20098F2F760F9A842E4D80025EC
:1058D00064482E462018009015E062486719381871
:1058E000F2F7B4F91D21890100BA7918000AC979C3
:1058F00000020843B2005A492D1D5118761C486514
:10590000EDB2F6B20098F2F740F9A842E5D80921C5
:105910005548F3F70BFC554D05212846F3F706FCD7
:10592000534E01213046F3F701FC514F01218037DE
:105930003846F3F7FBFB01214E48F3F7F7FB022152
:105940004D48F3F7F3FB20224C494748F3F77EFC20
:105950004A49202280314A48F3F778FC20224949FD
:105960004948F3F773FC4749202280314748F3F751
:105970006DFC4648322246498030F3F767FC4449C3
:1059800041482022C8318030F3F760FC3F48202294
:1059900040498038F3F75AFC3E492022803128469E
:1059A000F3F754FC2A493148202280398030F3F73C
:1059B0004DFC202226493848F3F748FC2449364854
:1059C000202280318030F3F741FC2A4820222249EE
:1059D0008038F3F73BFC2049202280313046F3F732
:1059E00035FC20221D493846F3F730FC1B492022A4
:1059F00080312048F3F72AFC202219491E48F3F78A
:105A000025FC80211648F2F77EF80025772000015A
:105A100020182E46009015E07720671900013818ED
:105A2000F2F714F93B21490100BA7918000AC97C40
:105A300000020843B2000A492D1D8850761CEDB2C1
:105A4000F6B20098F2F7A1F8A84227E0B9040000E6
:105A50007C0C0020BB0500007C0D00207C0E00208B
:105A60007C0F0020440700000058020880860208CE
:105A7000808A02080089020880E90208B407002031
:105A8000005C0208B408002000590208805A02088D
:105A9000B4090020FC0A002080870208BCD8002539
:105AA0003D277F01E0192E46019013E06019C019CF
:105AB0000090F2F7CBF800BA010A00980902C0780A
:105AC000B200014318482D1D1018761C0163EDB279
:105AD000F6B20198F2F759F8A842E7D80025134822
:105AE0002E462018009015E0104867193818F2F774
:105AF000ADF83D21490100BA7918000AC97D0002BC
:105B00000843B20008492D1D5118761C8863EDB278
:105B1000F6B20098F2F739F8A842E5D820220249F7
:105B20000348F3F793FBFEBD7C0F0020B407000091
:105B300000EA0208034610B50020024603E08C424A
:105B400000D1401C521C9C5C002CF8D110BD000000
:105B5000F0B50C4D6E17002812D000230DE0C25C8A
:105B600056400024F7077208FF0F2E467F1EBE43E3
:105B70005640641C082CF5D35B1C8B42EFD3F043DA
:105B8000F0BD00002083B8EDF0B585B03220F3F70A
:105B9000A9FF00F0DBF9F2F7B9FA00222E4BF2F779
:105BA00001FAF2F721FB074605F086FF012102A862
:105BB000F6F7B8FA0398294D0090E868029C00288F
:105BC00003D000210120F9F7B9FF254E2869B04222
:105BD00003D000210220F9F7B1FF6869B04203D079
:105BE00000210320F9F7AAFF1E481F492018884208
:105BF00008D2FAF757FE01461CA0FBF76BFD3220D6
:105C0000F3F770FF3846F2F7C7FA06460D46FAF783
:105C100049FE014632462B461CA0FBF75BFD3220B5
:105C2000F3F760FF0098F2F7B7FA06460F462046F2
:105C3000F2F7B2FA04460D46FAF734FE0146224660
:105C40002B4618A001970096FBF744FD6420F3F75C
:105C500049FF05B0F0BD000000408F40CC0000209F
:105C6000FFFF0000333383BFCDCC04005B25755D9F
:105C70000D0A50532D43422073656E736F7220647A
:105C8000657465637465640D0A0D0A005B25755DB6
:105C9000426174746572793A20252E336620560D60
:105CA0000A0D0A005B25755D494443203A202530E2
:105CB0002E3366206D413B5644433A2025302E3327
:105CC0006620560D0A0D0A0010B50921090209487F
:105CD000F1F719FF0748F1F758FF0649064A40183F
:105CE00006A1FBF707FD0348F1F74FFF0D490880B8
:105CF00010BD00002C280020F21400207B22494D0A
:105D00004549223A222573222C22446F776E6B6C10
:105D1000696E6B5F41636B223A22737563636573CF
:105D200073227D000C0200201CB5092109020B48DA
:105D3000F1F7E9FE0948F1F728FF084908A24018E1
:105D400009A1019200910BA30C4A0D49FBF7D2FC6B
:105D50000248F1F71AFF0B4908801CBD2C280020CF
:105D600050532D4342000000442D424739352D3019
:105D70003033000076312E322E300000F214002035
:105D8000682F02080C020020F8B580212C48F1F79A
:105D9000BAFE2C4918252C4CCD873C20608101226D
:105DA000E126E271760100238E600F46A371022086
:105DB00040373870FF20F530486108462030427681
:105DC000224F4F870F21017108218172C2711C4837
:105DD0001F4A0560217A86600902114341607D21D6
:105DE00089048161510401631A49436701671A49B3
:105DF00081671106C167217800291BD000252E4636
:105E000011E0164847193846F1F720FF00BA000A9A
:105E1000F978000208430A49B20051182D1D761C7A
:105E2000EDB2F6B2C8610D48F1F7AFFEA842E8D86E
:105E300000202070202202490948F3F707FAF8BD34
:105E4000B4070020CC00002094000020FFFF0000D9
:105E500001003C000000080FFFFF0100F2140020C9
:105E60000058020810B5016804460C48816080683B
:105E700000280AD02046F3F7B7F91F20C0062018E3
:105E8000C0090121C001C90644180548844203D352
:105E9000044C2046F3F7A8F9204610BD5801002015
:105EA00080E90208808B0208FEB501681C4DA960DC
:105EB0001C4E29E00830B04224D31B4C2068A86057
:105EC0006846FAF781F9009AA868101A01D5C0430C
:105ED000401C33462168A960A968511A01D5C943FD
:105EE000491C814201D82746084608349C42F1D912
:105EF0001F20C0063818C0090121C001C90640187A
:105F0000803004E00168A960A9680029D2D1B042BC
:105F100004D3054C2046F3F767F92046FEBD000088
:105F20005801002080E90208808B020813B5FF2386
:105F3000012269460448F5F7B3FB034910200968BC
:105F4000086200981CBD00007406002010B50648C9
:105F5000F5F76AFC01460548054A008B5043F1F706
:105F6000C7FC80B210BD0000000002446000F81FB2
:105F7000B80B000070B5054600240BE0F1F750FDAA
:105F80000068295D415C88004840000601D400207B
:105F900070BD641C2846F1F7F8FDA042EED8012040
:105FA00070BD000070B58EB004001BD020780028B2
:105FB00018D019A12046F1F7BDFD002812D12C21DF
:105FC0002046F1F733FE05000CD034216846F1F786
:105FD0009AFD2A1B21466846F1F77CFD00242546E0
:105FE0006E4611E002200EB070BD305D2E2803D049
:105FF00030380A2804D205E06D1CEDB2032D01D91A
:106000000020F0E7641CE4B26846F1F7BEFDA04250
:10601000EBD80120E7E700004E554C4C0000000093
:1060200030B58FB004003AD02078002837D01DA1B9
:106030002046F1F77FFD002831D12C212046F1F7D1
:10604000F5FD05002BD03C216846F1F75CFD2A1BCD
:1060500021466846F1F73EFD6846F1F796FD0023BC
:106060001A466C4611E0A15C3A290CD00D46303D31
:10607000092D09D9313D052D06D94139052903D905
:1060800000200FB030BD5B1C521C8242EBDB072BA3
:1060900003D0022B03DB0320F3E70120F1E702200A
:1060A000EFE700004E554C4C00000000FEB56C4878
:1060B000F3F7D6FF6B486C4C007900266B4D012836
:1060C00011D1E07806280ED0A87F401CC0B2A87776
:1060D0001E2808D163480671AE77FAF7E3FB014644
:1060E00063A0FBF7F7FA2046A1785E4F5F4C20379C
:1060F0002034002902D001290CD017E0E17B0129CE
:1061000014D1A17D002911D10F21217001216174C9
:10611000E6730BE0C178022901D0072906D1A27DE0
:10612000002A03D1594A1278002A04D02673617CD0
:10613000012932D079E007291DD00A222A71227B59
:10614000521CD2B222732B799A42F0D326730729BC
:106150001DD0617A491C6172397801290DD002295C
:106160000ED0032911D00429E1D148212170484AD9
:1061700001211170DBE70622E0E724212170D6E738
:106180002C2121700121434AF3E74021F6E7424ADE
:106190001178491C11705521F0E7A17D00295DD1CE
:1061A000217C0623491CC9B221747A795A438A4258
:1061B0003ED12674394A6674012111702949403153
:1061C0000A79521CD2B20A71042A08D30E71CA7815
:1061D000921CD2B2CA700C2A01D30C22CA700422BB
:1061E00082705E202070887B012821D1B87A002837
:1061F00001D101206075287B002814D16846F9F789
:10620000E3FFBA7A26490098002A07D0154A3C23B2
:106210009268821A78795843101A03E07A793C23FD
:106220005A43801A086301202873A07D002815D1E5
:10623000286E0A21401C28661A4A48435110904291
:1062400003D9084A92688A4206D3064A92685300E4
:10625000984203D98A4201D30120E873FEBD0000B1
:10626000E0050020CC000020D0010020000000202C
:106270005B25755D50617373776F72642074696D0F
:10628000656F75740D0A0D0A00000000A001002062
:10629000B3010020AE010020B8010020B1010020B0
:1062A000200100208051010070B50122094D0646F1
:1062B000140321462846F3F794FE3046F3F712FC08
:1062C000002221462846F3F78CFE6420F3F70AFCEF
:1062D00070BD000000040050F0B5C54A00248FB026
:1062E00091420ADA4B005B08934206D801254A0026
:1062F0006D05EA4205D1002803D0FBF7FBFA0FB089
:10630000F0BD01252D05A94219DA034308D0002963
:1063100010DA0120FBF712FBFBF7F1FA0FB0F0BD2A
:106320000220FBF70BFBFBF7DBFA0122D2075140FF
:106330000FB0F0BD3524E4433622F1F7ABFE0A1569
:10634000AC4B1219D4180A03120BAB49AB4B5618BD
:106350002E403146594011430192321512190B92C9
:106360000022F1F7A9FD019A0446921C1003A44EE5
:10637000000B0D467E44032860D2204673683268C5
:10638000F1F71EFF1CD10B98002815D0F1F7AAFEDB
:1063900004460E469B4A9C4BF1F79CFD0D46074672
:1063A0009A4A9B4B20463146F1F794FD3A462B46DC
:1063B000F1F7DEFC0FB0F0BD716830680FB0F0BDD2
:1063C000944A954B20462946F1F784FD0022934BD1
:1063D000F1F778FD06460F4622462B461046194631
:1063E000F1F778FD32463B46F1F774FD06460B980F
:1063F0000F4600281DD0F1F775FE824A824B0591A9
:106400000490F1F767FD32463B46F1F75BFD22460B
:106410002B46F1F751FD04460D467C4A7C4B05990D
:106420000498F1F757FD22462B46F1F745FD0FB0D2
:10643000F0BD0B46324620462946C4E00123002227
:106440009B072046F1F794FC02460B46204629465E
:10645000F1F7A8FD06460F460B98F1F743FE3246CA
:106460003B460591049010461946F1F733FD09911A
:106470000C906B490198099B421800920C9A19469E
:106480001046F1F727FD024607910A9065490198E9
:106490000B1A6548019303217844079BFBF7CAF95F
:1064A000079B0A9AF1F716FD0E905F480D910421A3
:1064B0007844079B0A9AFBF7BDF9099B0C9AF1F700
:1064C00009FD019B009A1A4300920D9B0E9AF1F769
:1064D0004FFC009A01910C90002A4DDD0022D2431E
:1064E00020462946F1F7D6FD22462B46F1F7F2FC6D
:1064F00000910A900B9800282BD0424A424B0599F4
:106500000498F1F7E7FC07910E90019B0C9A009913
:106510000A98F1F72DFC32463B46F1F7DBFC079B6E
:106520000E9AF1F725FC009B0A9AF1F7CBFC224664
:106530002B46F1F7C1FC04460D46344A344B05990D
:106540000498F1F7C7FC22462B46F1F7B5FC0FB0D3
:10655000F0BD019B0C9A0A98F1F70AFC32463B46C3
:10656000F1F7B8FC009B0A9AF1F7ACFC22462B46E7
:10657000F1F7A8FC0FB0F0BD0B98002827D0214AF6
:10658000214B05990498F1F7A5FC0791009020464E
:106590002946019B0C9AF1F78FFC32463B46F1F7F6
:1065A00099FC079B009AF1F787FC22462B46F1F7EE
:1065B00083FC04460D46154A154B05990498F1F7DE
:1065C00089FC22462B46F1F777FC0FB0F0BD0B4655
:1065D000204629460C9AF1F76FFC32463B46F1F70C
:1065E00079FC22462B46F1F76DFC0FB0F0BD0000A0
:1065F0000000F07F01FCFFFF645F09000000F03F36
:1066000038B40000763C7935EF39EA3D0000E0FE11
:10661000422EE63F555555555555D53F0000E03FB4
:1066200086EBF9FF51B8060044B200008CB0F3F7D6
:1066300027FDF9F785FEF5F749FFF5F733FFF6F784
:1066400027F80122FC49FD48F4F7A6FFFB48F6F7BE
:106650003BF8F5F7FBFFF84901224931F848F4F718
:106660009BFFF748F6F730F8F5F7DAFFF2485930B4
:10667000F5F71CF9F5F7F8F9F5F7EAFE04F090F9EB
:10668000FEF73CF8F2F774FEEE49EF48FAF71CF912
:10669000EE49ED48FAF780F9EB48FAF78FF906F082
:1066A000EDFBE948EA49F038FAF70EF90520F3F76F
:1066B00019FAE548E7497838FAF706F90520F3F7BB
:1066C00011FAE148E4498C38FAF7FEF80520F3F7AF
:1066D00009FADD48E1496438FAF7F6F804F0C6F93A
:1066E0000520F3F7FFF9F5F709FDD748DC495038E5
:1066F000FAF7EAF80520F3F7F5F9D348D9493C3819
:10670000FAF7E2F80520F3F7EDF9F2F7E7FD0520D7
:10671000F3F7E8F9CC48D4492838FAF7D5F805203A
:10672000F3F7E0F9C848D1491438FAF7CDF8052055
:10673000F3F7D8F9F9F744FAFDF78CFF002108A820
:10674000F5F7F0FCFFF720FA07F0D6F8BA4DC84885
:106750001B3D6865686DFFF7A7FB686506F0DAFA10
:1067600006F082F8C348F3F77BFC7D20C000FFF7FA
:106770009BFDC148F3F7B6F9C04800792C46203498
:1067800001281BD07D27FF00012676030520314616
:106790000007F3F719FC012828D059202070B84EC3
:1067A0000027287B0028B74826D004F0E9FD25E023
:1067B000FDF716FF3046F3F795F903E07D26F60066
:1067C00001277F03052039460007F3F7FDFB012869
:1067D000EED059202070F3F7DFF9A8490022091DF7
:1067E0000220F3F7AFF9F3F7A3F9D8E7FDF7F8FEC6
:1067F0003846F3F777F9C9E7F9F78CFA2078582883
:106800000CD07D20C000F3F76DF98B48401DF5F7E3
:1068100065FF572802D1607A401C6072607A0628B2
:1068200019D9207A401CC0B22072032817D0FAF779
:1068300039F8014694A0FAF74DFFF5F707FF7E49B6
:10684000012249317E48F4F7A7FE7D48F5F73CFF69
:106850004F2020706772A07D002802D00AE02772C6
:106860001DE0A97B052902D2E97B002902D0AF7384
:10687000EF7314E0617E042911D861780C2902D3EA
:10688000B27B002A0BD0242902D3B17B012906D088
:106890008449C978022904D0072902D00EE0FAF70A
:1068A0009BFF2278582A09D1002807D17E4A127806
:1068B000002A03D1562222707A4A5771627D002A3B
:1068C0007ED06F4A203A527E012A79D1022977D0B0
:1068D00003297FD007297DD000287BD16548F3F7B5
:1068E000BFFB72480078002805D0F9F7DBFF0146AE
:1068F0006FA0FAF7EFFE05F0DFF801210AA8F5F71F
:1069000011FC6F490A98F1F7B8F9F1F70DFC6D49E0
:1069100008806B490B98F1F7B0F9F1F705FC6A496B
:10692000088057484038C068002803D00021012063
:10693000F9F704F95248403801696448814203D0AC
:1069400000210220F9F7FAF84D48403841695F48C4
:10695000814203D000210320F9F7F0F86846F9F7E7
:1069600033FC009847490290886007F08FF8564939
:1069700002980A885349098806F0C4F9686DFFF740
:1069800071FA68652C49686D513107F0BFF8686588
:106990004648007800281CD04B480088F1F7B6FB29
:1069A00000224B4BF1F7FEFA069046480091008812
:1069B000F1F7ACFB0022464BF1F7F4FA024600E097
:1069C00008E00B46009906980090019141A0FAF763
:1069D00081FE6775A87E00282DD0707900282AD006
:1069E00005F06AF83089002804D07089002806D1A3
:1069F000022105E07189002901D0002874D001210D
:106A000006A8F5F78FFB2E490698F1F736F9F1F74E
:106A10008BFB80B201902A490798F1F72EF9F1F724
:106A200083FB80B2009016484038C06800285ED0D2
:106A30000021012059E0F4E01B0000207406002032
:106A4000F005002079F800087005002010270000EC
:106A50007DF9000861FA0008599F01086DAA010834
:106A6000D1920008259300081122010865F9000859
:106A7000808B0208E0050020B80B00000000080829
:106A80000C010020200100205B25755D52657374A8
:106A900061727420746865206D6F64756C652E2E4C
:106AA0002E0D0A00D0010020A0010020950000203A
:106AB0005B25755D434C4F434B3A0D0A0D0A0000B0
:106AC00000007A44B0000020AC000020FFFF00006E
:106AD00000408F40252E3366206D412C252E3366D5
:106AE00020560D0A0D0A00002CE0F9F727F8CA48D5
:106AF0000169CA48814203D000210220F9F71EF83B
:106B0000C5484169C548814203D000210320F9F7F7
:106B100015F8C3480078002804D0C2A0009A019953
:106B2000FAF7D8FD707903280ED03089002857D0A5
:106B3000C04B01995A888A1A82423EDB0120A8750F
:106B4000598041E003215BE7307B012802D0002817
:106B500008D01BE03089002818D00199884215D24E
:106B6000022006E03089002810D0019988420DD912
:106B70000120A875012068760846F1F7ACFAA865EF
:106B80000098F1F7A8FAE86501206873707B012886
:106B900002D0002808D043E07089002840D0009936
:106BA00088423DD2022006E07089002838D0009942
:106BB000884235D90120E87526E0404282420FDC48
:106BC0000220A87501985880012068760198F1F795
:106BD00082FAA8650098F1F77EFAE86501206873EB
:106BE000708900281CD0934B00999A888A1A824297
:106BF00003DB0120E875084605E0404282420FDCD5
:106C00000220E87500989880012068760198F1F7D5
:106C100062FAA8650098F1F75EFAE86501206873EA
:106C2000AF7685480078012822D18448C1780429AC
:106C30001ED1A17D00291BD18078042808D001280D
:106C400006D015E0FDF7CCFC7D20C000F2F74AFF2E
:106C50000121052049030007F3F7B6F90128F1D017
:106C60000120E874207075490220C87072480770CE
:106C7000687D01280CD17148C178042908D1A17D13
:106C8000002905D101216F7521700222C27029757A
:106C9000E07A012834D16948C178042930D1A17D36
:106CA00000292DD18178042908D0012917D026E0A8
:106CB000FDF796FC7D20C000F2F714FF01210520AE
:106CC00049030007F3F780F90128F1D0592020701B
:106CD00013E0FDF785FC7D20C000F2F703FF0121E2
:106CE000052049030007F3F76FF90128F1D00120CF
:106CF000E874207051490220C870E772AF732F66A4
:106D0000687E002834D04D48C178042930D1A17D57
:106D100000292DD18178042908D0012917D026E037
:106D2000FDF75EFC7D20C000F2F7DCFE01210520AE
:106D300049030007F3F748F90128F1D059202070E2
:106D400013E0FDF74DFC7D20C000F2F7CBFE0121E2
:106D5000052049030007F3F737F90128F1D0012096
:106D6000E874207035490220C8706F76AF732F66C3
:106D7000A078002802D0FFF799F9A770E07D0028DD
:106D800007D02E48C078042803D10120A074022027
:106D9000A073FAF7A5F9207D00281FD03220F2F762
:106DA000A1FE27A0FAF796FC6420F2F79BFE0520CF
:106DB00020210007F3F708F9012806D0052040211B
:106DC0000007F3F701F9012805D11DA0FAF782FCAD
:106DD0003220F2F787FE27750120E07407F0DCFA15
:106DE0001A48007801280CD11448C178042908D128
:106DF000A17D002905D10721C170F8F7B1FB134827
:106E000007702078582800D0CBE4287F0028FBD1D9
:106E10000F48F5F727F9C4E4CC000020FFFF00007D
:106E20009500002025642075412C2564206D560DA9
:106E30000A0D0A00200100209D000020D001002042
:106E400041542B5057524D320D0A0000970000203C
:106E50004103010810B5074A0421117000F010F831
:106E6000054802F05FFC0549082800D00920087099
:106E7000C0B210BDBB01002088F90108BC01002090
:106E800010B5FF210848F0F73EFE08A10648F0F7CC
:106E900045FE104904480860F0F777FE0E49086087
:106EA0000E48007810BD00002D27002041542B51C2
:106EB00053534C4346473D22636163657274222CF1
:106EC000302C226361636572742E70656D220D0A29
:106ED00000000000C8010020CC010020BC010020FF
:106EE00010B5074A0421117000F010F8054802F0AF
:106EF00019FC0549082800D009200870C0B210BD4F
:106F0000BB010020A4F90108BC01002010B5FF213D
:106F10000848F0F7F8FD08A10648F0F7FFFD114911
:106F200004480860F0F731FE0F4908600F48007808
:106F300010BD00002D27002041542B5153534C43CA
:106F400046473D22636C69656E7463657274222CDA
:106F5000302C22636C69656E742E70656D220D0A8B
:106F600000000000C8010020CC010020BC0100206E
:106F700010B5074A0421117000F010F8054802F01E
:106F8000D1FB0549082800D009200870C0B210BD07
:106F9000BB010020C0F90108BC01002010B5FF2191
:106FA0000848F0F7B0FD08A10648F0F7B7FD114911
:106FB00004480860F0F7E9FD0F4908600F480078C1
:106FC00010BD00002D27002041542B5153534C433A
:106FD00046473D22636C69656E746B6579222C307F
:106FE0002C22757365725F6B65792E70656D220D4D
:106FF0000A000000C8010020CC010020BC010020D4
:107000000148007870470000BC010020F8B50C4C26
:107010000221217000F01AF80A4D0B4E192705E0E5
:10702000304602F07FFB082806D02F702078411EE2
:107030002170F5D22878F8BD11202870FAE70000F9
:10704000BB010020BC01002008120208044805A171
:107050000160094911200860084800787047000065
:10706000C801002041542B51434F4150434C4F53D2
:10707000453D300D0A000000CC010020BC0100207D
:107080000148007870470000BC010020F8B50C4CA6
:107090000221217000F01AF80A4D0B4E092705E075
:1070A000304602F03FFB082806D02F702078411EA2
:1070B0002170F5D22878F8BD08202870FAE7000082
:1070C000BB010020BC010020D4100208044805A127
:1070D00001600B491A2008600A48007870470000D8
:1070E000C801002041542B51434F41504346473D76
:1070F00022706470636964222C302C310D0A000008
:10710000CC010020BC01002001480078704700003D
:10711000BC010020F8B50C4C0221217000F01AF8D7
:107120000A4D0B4E092705E0304602F0FBFA08280D
:1071300006D02F702078411E2170F5D22878F8BD36
:1071400008202870FAE70000BB010020BC010020E5
:107150000C110208044805A101600B4919200860C0
:107160000A48007870470000C801002041542B51A4
:10717000434F41504845414445523D302C31323314
:10718000342C310D0A000000CC010020BC0100208D
:107190000148007870470000BC010020F8B50C4C95
:1071A0000421217000F01AF80A4D0B4E0B2705E060
:1071B000304602F0B7FA082806D02F702078411E1A
:1071C0002170F5D22878F8BD0A202870FAE700006F
:1071D000BB010020BC010020F0100208F8B5092115
:1071E00009022148F0F78FFC20482C210746F0F7D0
:1071F000C2FC05461EA11C48F0F790FC1B48463017
:107200000090F0F7C2FC194E174C203E00280CD01D
:107210002C210098F0F7AFFC07462046F0F7B5FCAC
:107220000019BA1B663A009906E00F48F0F7ADFC6A
:10723000AA1B00193946203AF0F74CFC11A10A4864
:10724000F0F76CFC29460848F0F768FC0EA10648E8
:10725000F0F764FC0D4804602046F0F796FC0C49FA
:1072600008600C480078F8BD2C280020121500207A
:1072700041542B51434F41504F50454E3D302C22ED
:1072800000000000220000000D0A0000C8010020DC
:10729000CC010020BC0100200148007870470000AC
:1072A000BC01002010B5074A0021117000F010F851
:1072B000054802F037FA0549082800D0092008706F
:1072C000C0B210BDBB01002028110208BC01002083
:1072D00010B5092109020C48F0F715FC0BA10A486A
:1072E000F0F71CFC0F490848F0F718FC0EA10648FF
:1072F000F0F714FC0D4904480860F0F746FC0C490F
:1073000008600C48007810BD2C28002041542B51F7
:10731000434F41504F5054494F4E3D302C302C304C
:107320002C000000A91800200D0A0000C801002050
:10733000CC010020BC01002001480078704700000B
:10734000BC01002010B5074A0021117000F010F8B0
:10735000054802F0E7F90549082800D0092008701F
:10736000C0B210BDBB01002044110208BC010020C6
:1073700010B5092109020C48F0F7C5FB0BA10A481A
:10738000F0F7CCFB0F490848F0F7C8FB0EA1064800
:10739000F0F7C4FB0D4904480860F0F7F6FB0C4910
:1073A00008600C48007810BD2C28002041542B5157
:1073B000434F41504F5054494F4E3D302C302C31AB
:1073C0002C0000002A1900200D0A0000C80100202E
:1073D000CC010020BC01002001480078704700006B
:1073E000BC01002010B5074A0021117000F010F810
:1073F000054802F097F90549082800D009200870CF
:10740000C0B210BDBB01002060110208BC01002009
:1074100010B5092109020C48F0F775FB0BA10A48C9
:10742000F0F77CFB0F490848F0F778FB0EA10648FF
:10743000F0F774FB0D4904480860F0F7A6FB0C490F
:1074400008600C48007810BD2C28002041542B51B6
:10745000434F41504F5054494F4E3D302C302C3209
:107460002C000000AB1900200D0A0000C80100200C
:10747000CC010020BC0100200148007870470000CA
:10748000BC01002010B5074A0021117000F010F86F
:10749000054802F047F90549082800D0092008707E
:1074A000C0B210BDBB0100207C110208BC0100204D
:1074B00010B5092109020C48F0F725FB0BA10A4879
:1074C000F0F72CFB0F490848F0F728FB0EA10648FF
:1074D000F0F724FB0D4904480860F0F756FB0C490F
:1074E00008600C48007810BD2C28002041542B5116
:1074F000434F41504F5054494F4E3D302C302C3368
:107500002C0000002C1A00200D0A0000C8010020E9
:10751000CC010020BC010020014800787047000029
:10752000BC01002010B5074A0021117000F010F8CE
:10753000054802F0F7F80549082800D0092008702E
:10754000C0B210BDBB01002098110208BC01002090
:1075500010B5092109020C48F0F7D5FA0BA10A4829
:10756000F0F7DCFA0F490848F0F7D8FA0EA1064800
:10757000F0F7D4FA0D4904480860F0F706FB0C490F
:1075800008600C48007810BD2C28002041542B5175
:10759000434F41504F5054494F4E3D302C302C34C6
:1075A0002C000000AD1A00200D0A0000C8010020C8
:1075B000CC010020BC010020F8B50126B6023146FE
:1075C0002048F0F7A0FA2048204C8078012806D106
:1075D000F9F768F901461EA0626BFAF77BF81A48C2
:1075E0002038007D052808D121A1606BF0F7A2FAB0
:1075F000002802D022490120087022A1606BF0F718
:1076000099FA23A1F0F796FA224D040018D00A2126
:10761000F0F70CFB074631460A48F0F774FA3A1BBC
:10762000A11C0848921EF0F755FAF9F73BF90146FC
:10763000044A19A0FAF74EF817202870C0B2F8BD16
:107640001620FAE72C3100200C010020D001002088
:107650005B25755D446562756720646F776E6C6944
:107660006E6B20646174613A25730D0A000000009E
:107670004576656E743A537461747573000000004A
:10768000AC0100202B51434F41505245435600005E
:107690000D0A0000BC0100205B25755D5265636525
:1076A0006976656420646F776E6C696E6B206461C7
:1076B00074613A25730D0A0010B5FFF77DFF172896
:1076C00006D105480078002802D1044805F034FCB2
:1076D0000348007810BD0000AC0100202C310020D0
:1076E000BC01002010B5084902200870002000F0FD
:1076F00011F8064802F016F80549082800D00920BC
:107700000870C0B210BD0000BB010020B411020817
:10771000BC01002010B5092109020A48F0F7F3F96D
:1077200009A10848F0F7FAF90DA10648F0F7F6F9B3
:107730000C4904480860F0F728FA0B4908600B4828
:10774000007810BD2C28002041542B51434F41504C
:1077500053454E443D302C312C322C32353500000F
:107760000D0A0000C8010020CC010020BC0100204F
:1077700010B5084904200870002000F011F80648F0
:1077800001F0D0FF0549082800D009200870C0B2D8
:1077900010BD0000BB010020D0110208BC01002078
:1077A00010B5092109022D48F0F7ADF92C480078F1
:1077B000012808D02B480078012807D02A480078F3
:1077C000012806D009E0FEF7AFFA1AE0FEF77CFACE
:1077D00017E026480078012825D0254800780128A0
:1077E00024D0022825D0032826D0042827D0052815
:1077F00028D0062829D007282AD064282BD004F0C6
:10780000A7F91C4C002020601448F0F7BEF913497A
:107810001A220A5408462160F0F7B7F916490860A1
:107820001648007810BDF9F77DFDEAE7F8F770FE1D
:10783000E7E7F8F7A3FEE4E7F8F7D6FEE1E7F8F7A5
:107840000FFFDEE7F8F746FFDBE7F8F77BFFD8E747
:10785000F8F7B0FFD5E7F8F7E3FFD2E72C280020D0
:10786000AC010020A600002098000020B0010020FC
:10787000B9010020C8010020CC010020BC0100207B
:1078800070B5124D12A1686BF0F754F9144C002832
:1078900001D0242015E013A1686BF0F74BF92025E7
:1078A000002803D00020FFF707FF0CE01048007805
:1078B000012801D01E2004E00E480078012802D0E3
:1078C0001F20207000E02570207870BDD0010020BE
:1078D0002B51434F41504F50454E3A20302C3000F1
:1078E000BC0100202B51434F4150524543560000EC
:1078F000B001002098000020F8B50E480EA10160EC
:1079000011490F2008600320104C114D2070114EBA
:10791000092705E0304601F005FF082806D02F7042
:107920002078411E2170F5D22878F8BD08202870F3
:10793000FAE70000C801002041542B514D54434C3C
:107940004F53453D300D0A00CC010020BB01002003
:10795000BC0100202CFB01080148007870470000A2
:10796000BC01002070B50D480DA10160134919201C
:107970000860134C04202070124D07E0284601F0E7
:10798000D1FE082806D06420F2F7ACF82178481E12
:107990002070F3D20C48007870BD0000C8010020B0
:1079A00041542B514D544346473D227665727369CD
:1079B0006F6E222C302C340D0A000000CC01002008
:1079C000BB010020DCF90108BC01002010B5074A0A
:1079D0000421117000F010F8054801F0A3FE0549DC
:1079E000082800D009200870C0B210BDBB010020DB
:1079F00014FA0108BC01002010B5FF211B48F0F764
:107A000082F81BA11948F0F789F81D491748F0F7CB
:107A100085F81B481BA181300446F0F78BF800283D
:107A200016D11AA11148F0F779F821460F48F0F75E
:107A300075F8174813A10446F0F77CF8002807D121
:107A400012A10A48F0F76AF821460848F0F766F8EC
:107A500010A10648F0F762F80F4904480860F0F7F3
:107A600094F80E4908600E48007810BD2D270020BC
:107A700041542B514D54434F4E4E3D302C2200006B
:107A8000DC1500204E554C4C00000000222C22003A
:107A9000DE160020220D0A00C8010020CC010020C3
:107AA000BC0100200148007870470000BC010020A4
:107AB000F8B57D210025C9002648F0F724F8264EA8
:107AC00026A1706BF0F736F8044625488078012827
:107AD00006D1F8F7E7FE014622A0726BF9F7FAFD2E
:107AE00028A12046F0F726F8002800D0012529A17A
:107AF000706BF0F71FF801272A4E002800D037706E
:107B0000002D0DD05D212046F0F735F8021B2146EF
:107B10000E3110480D3AEFF7DDFF2348077009E0FA
:107B20000A212046F0F727F8021BE11C0948521FE2
:107B3000EFF7D0FFF8F7B6FE0146064A1BA0F9F7AB
:107B4000C9FD3078002802D1024805F0F5F91F4838
:107B50000078F8BD2C310020D0010020222C22001A
:107B60000C0100205B25755D446562756720646FBC
:107B7000776E6C696E6B20646174613A25730D0ACF
:107B8000000000007B22436F6E666967223A225B29
:107B9000000000004576656E743A53746174757325
:107BA00000000000AC0100200A0200205B25755D8A
:107BB000526563656976656420646F776E6C696E83
:107BC0006B20646174613A25730D0A00BC010020CA
:107BD000F8B50E480EA1016011490E20086003207F
:107BE000104C114D2070114E092705E0304601F070
:107BF00099FD082806D02F702078411E2170F5D2FB
:107C00002878F8BD08202870FAE70000C801002095
:107C100041542B514D54444953433D300D0A00000B
:107C2000CC010020BB010020BC01002010FB01089A
:107C30000148007870470000BC01002010B5074AD9
:107C40000421117000F010F8054801F06BFD0549A2
:107C5000082800D009200870C0B210BDBB01002068
:107C6000F8F90108BC010020F8B5FF212248EFF720
:107C70004AFF2248224E00781F4C002812D030467E
:107C800066302C210746EFF776FF05461DA12046FA
:107C9000EFF744FF2046EFF778FF0019AA1B39469B
:107CA000663A11E016482C2120300746EFF763FFB3
:107CB000054614A11048EFF731FF0F48EFF765FFB5
:107CC000AA1B00193946203AEFF704FF11A10A4810
:107CD000EFF724FF29460848EFF720FF0EA10648DA
:107CE000EFF71CFF0D4804602046EFF74EFF0C49EC
:107CF00008600C480078F8BD2D270020B201002054
:107D0000F214002041542B514D544F50454E3D30FC
:107D10002C220000220000000D0A0000C8010020F3
:107D2000CC010020BC01002010B5084904200870D7
:107D3000002000F011F8064801F0F4FC054908287D
:107D400000D009200870C0B210BD0000BB010020A7
:107D500068FA0108BC01002010B5FF211448EFF7B4
:107D6000D2FE14480078022804D0002804D001284C
:107D700004D007E010A102E017A100E01EA10C480A
:107D8000EFF7CCFE24490A48EFF7C8FE23A10848C4
:107D9000EFF7C4FE24A10648EFF7C0FE23490448CC
:107DA0000860EFF7F2FE224908602248007810BD13
:107DB0002D2700209A00002041542B514D5450553E
:107DC000423D302C312C322C302C226368616E6E97
:107DD000656C732F0000000041542B514D545055D9
:107DE000423D302C302C302C302C226368616E6E7A
:107DF000656C732F0000000041542B514D545055B9
:107E0000423D302C312C312C302C226368616E6E57
:107E1000656C732F00000000A71700202F7075629B
:107E20006C69736800000000220D0A00C801002080
:107E3000CC010020BC01002010B5084904200870C6
:107E4000002000F011F8064801F06CFC05490828F4
:107E500000D009200870C0B210BD0000BB01002096
:107E600084FA0108BC01002010B5FF211248EFF789
:107E70004AFE12480078022804D0002804D00128C5
:107E800004D007E00EA102E012A100E016A10A480A
:107E9000EFF744FE19490848EFF740FE18A10648DD
:107EA000EFF73CFE174904480860EFF76EFE1649ED
:107EB00008601648007810BD2D2700209A00002089
:107EC00041542B514D545055423D302C312C322CC5
:107ED000302C220041542B514D545055423D302CF2
:107EE000302C302C302C220041542B514D54505505
:107EF000423D302C312C312C302C2200A717002091
:107F0000220D0A00C8010020CC010020BC01002085
:107F100010B5084904200870002000F011F8064848
:107F200001F000FC0549082800D009200870C0B203
:107F300010BD0000BB010020A0FA0108BC01002018
:107F400010B5FEF703F8FF211248EFF7DCFD1248E9
:107F50000078022804D0002804D0012804D007E0CB
:107F60000EA102E012A100E016A10A48EFF7D6FD2B
:107F700019490848EFF7D2FD18A10648EFF7CEFDE2
:107F8000174904480860EFF700FE164908601648D4
:107F9000007810BD2D2700209A00002041542B515D
:107FA0004D545055423D302C312C322C302C220077
:107FB00041542B514D545055423D302C302C302CD7
:107FC000302C220041542B514D545055423D302C01
:107FD000312C312C302C2200A7170020220D0A0052
:107FE000C8010020CC010020BC01002010B50849C8
:107FF00004200870002000F011F8064801F092FB00
:108000000549082800D009200870C0B210BD000042
:10801000BB010020BCFA0108BC01002010B5FF2103
:108020001248EFF770FD12480078022804D00028AB
:1080300004D0012804D007E00EA102E012A100E064
:1080400016A10A48EFF76AFD19490848EFF766FDDF
:1080500018A10648EFF762FD174904480860EFF7DA
:1080600094FD164908601648007810BD2D270020A1
:108070009A00002041542B514D545055423D302C14
:10808000312C322C302C220041542B514D54505560
:10809000423D302C302C302C302C220041542B51BE
:1080A0004D545055423D302C312C312C302C220077
:1080B000A7170020220D0A00C8010020CC010020D3
:1080C000BC01002010B5084904200870002000F011
:1080D00011F8064801F026FB0549082800D00920C0
:1080E0000870C0B210BD0000BB0100204CFA0108AE
:1080F000BC01002010B5FF211248EFF704FD124823
:108100000078022804D0002804D0012804D007E019
:108110000EA102E012A100E016A10A48EFF7FEFC52
:1081200019490848EFF7FAFC18A10648EFF7F6FCE2
:10813000174904480860EFF728FD164908601648FB
:10814000007810BD2D2700209A00002041542B51AB
:108150004D545055423D302C312C322C302C2200C5
:1081600041542B514D545055423D302C302C302C25
:10817000302C220041542B514D545055423D302C4F
:10818000312C312C302C2200A7170020220D0A00A0
:10819000C8010020CC010020BC01002010B5084916
:1081A00004200870002000F011F8064801F0BAFA27
:1081B0000549082800D009200870C0B210BD000091
:1081C000BB010020D8FA0108BC01002010B509212C
:1081D00009023148EFF797FC3048007D01280CD0A8
:1081E0002F48007801280BD02E48007801280AD0AB
:1081F0002D480078012809D00CE004F025F91DE095
:10820000FDF792FD1AE0FDF75FFD17E027480078C3
:10821000012825D026480078012824D0022825D01E
:10822000032826D0042827D0052828D0062829D0BE
:1082300007282AD064282BD003F08AFC1D4C00208C
:1082400020601548EFF7A1FC13491A220A5408468A
:108250002160EFF79AFC184908601848007810BDB3
:10826000F9F760F8EAE7F8F753F9E7E7F8F786F97E
:10827000E4E7F8F7B9F9E1E7F8F7F2F9DEE7F8F73C
:1082800029FADBE7F8F75EFAD8E7F8F793FAD5E7CB
:10829000F8F7C6FAD2E700002C280020EC000020F6
:1082A000AC010020A600002098000020B0010020B2
:1082B000B9010020C8010020CC010020BC01002031
:1082C00010B5084904200870002000F011F8064895
:1082D00001F028FA0549082800D009200870C0B22A
:1082E00010BD0000BB01002030FA0108BC010020D5
:1082F00010B5FF212048EFF706FC20A11E48EFF73C
:108300000DFC2248224C007D01280ED0032816D0F7
:1083100021461948EFF702FC1E480078022818D0C1
:10832000002818D0012818D01BE01BA11248EFF735
:10833000F5FB21461048EFF7F1FB1AA1E9E71CA174
:108340000D48EFF7EBFB21460B48EFF7E7FB22A1C7
:10835000DFE722A102E023A100E024A10648EFF715
:10836000DDFB244904480860EFF70FFC2249086050
:108370002248007810BD00002D27002041542B51C9
:108380004D545355423D302C312C2200EC0000203E
:10839000281800209A0000206368616E6E656C7377
:1083A0002F0000002F7375627363726962650000AD
:1083B00074622F6D7174742D696E74656772617467
:1083C000696F6E2D7475746F7269616C2F73656E51
:1083D000736F72732F0000002F727800222C320D01
:1083E0000A000000222C300D0A000000222C310D62
:1083F0000A000000C8010020CC010020BC010020C0
:1084000070B52E4C2EA1606BEFF794FB304D002819
:1084100001D00A2006E02FA1606BEFF78BFB00284C
:1084200002D00C20287027E02EA1606BEFF782FBB2
:108430001226002818D130A1606BEFF77BFB0028D3
:1084400012D132A1606BEFF775FB00280CD134A17B
:10845000606BEFF76FFB1426002805D134A1606B29
:10846000EFF768FB002801D02E7005E034A1606BA7
:10847000EFF760FB1E21297035A1606BEFF75AFB07
:10848000002802D00020FFF713FB34A1606BEFF748
:1084900051FB002805D12AA1606BEFF74BFB0028A8
:1084A00001D0182006E031A1606BEFF743FB0028F4
:1084B00001D004202870287870BD0000D001002071
:1084C0002B514D544F50454E3A20302C3000000077
:1084D000BC0100202B514D54434F4E4E3A20302CBE
:1084E000302C30002B514D545355423A20302C3112
:1084F0002C302C32000000002B514D545355423A81
:1085000020302C312C302C31000000002B514D54E8
:108510005355423A20302C312C302C3000000000D2
:108520002B514D545055423A20302C312C30000004
:108530002B514D545055423A20302C302C300000F5
:108540002B514D54444953433A20302C3000000005
:108550002B514D5452454356000000002B514D54B1
:10856000535441543A20302C350000002B514D54C7
:10857000535441540000000010B5074A0421117003
:1085800000F010F8054801F0CDF80549082800D0A2
:1085900009200870C0B210BDBB0100206CF90108B1
:1085A000BC01002010B5FF210848EFF7ACFA08A184
:1085B0000648EFF7B3FA0C4904480860EFF7E5FA0C
:1085C0000A4908600A48007810BD00002D270020E5
:1085D00041542B514D544346473D2273736C222C1A
:1085E000302C312C300D0A00C8010020CC010020B5
:1085F000BC01002010B5074A0421117000F010F8EA
:10860000054801F08FF80549082800D009200870B6
:10861000C0B210BDBB01002034F90108BC0100202C
:1086200010B5FF210D48EFF76EFA0DA10B48EFF7DB
:1086300075FA0A48EFF7A9FA1049084CCA7D0019E3
:108640000FA1F9F757F8104804602046EFF79DFA9C
:108650000E4908600E48007810BD00002D2700204C
:1086600041542B5153534C4346473D227365636C31
:108670006576656C222C302C00000000EC00002098
:1086800025640D0A00000000C8010020CC01002074
:10869000BC01002010B5074A0421117000F010F849
:1086A000054801F03FF80549082800D00920087066
:1086B000C0B210BDBB01002050F90108BC01002070
:1086C00010B5092109020D48EFF71DFA0CA10B485E
:1086D000EFF724FA0948EFF758FA0E49074C8A7D5C
:1086E00000190DA1F9F706F80D4804602046EFF7D0
:1086F0004CFA0C4908600C48007810BD2C2800206A
:1087000041542B5153534C4346473D22736E6922CB
:108710002C302C00EC00002025640D0A0000000025
:10872000C8010020CC010020BC010020F8B50E4893
:108730000EA1016011490E2008600220104C114D5D
:108740002070114E092705E0304600F0EBFF0828A5
:1087500006D02F702078411E2170F5D22878F8BD00
:1087600008202870FAE70000C801002041542B516E
:1087700049434C4F53453D300D0A0000CC010020C9
:10878000BB010020BC010020540D02080148007804
:1087900070470000BC01002010B508490420087093
:1087A000002000F011F8064800F0BCFF0549082839
:1087B00000D009200870C0B210BD0000BB0100202D
:1087C000E40C0208BC01002010B509210902294867
:1087D000EFF799F928480078012808D02748007851
:1087E000012807D026480078012806D009E0FDF7C7
:1087F0009BFA1AE0FDF768FA17E022480078012892
:108800001DD02148007801281CD002281DD0032843
:108810001ED004281FD0052820D0062821D00728E4
:1088200022D0642823D003F093F918491148086036
:10883000EFF7ABF9164908601648007810BDF8F755
:1088400071FDF2E7F7F764FEEFE7F7F797FEECE765
:10885000F7F7CAFEE9E7F7F703FFE6E7F7F73AFFAE
:10886000E3E7F7F76FFFE0E7F7F7A4FFDDE7F7F7D8
:10887000D7FFDAE72C280020AC010020A60000205A
:1088800098000020B0010020B9010020C80100209C
:10889000CC010020BC01002010B5074A0421117052
:1088A00000F010F8054800F03DFF0549082800D009
:1088B00009200870C0B210BDBB010020AC0C02083A
:1088C000BC010020F8B5092109022348EFF71BF984
:1088D00022482C210746EFF74EF9054620A11E48F5
:1088E000EFF71CF91D4846300090EFF74EF91B4E8C
:1088F000194C203E00280CD02C210098EFF73BF9B2
:1089000007462046EFF741F90019BA1B663A00996D
:1089100006E01148EFF739F9AA1B00193946203A49
:10892000EFF7D8F813A10C48EFF7F8F829460A48F2
:10893000EFF7F4F810A10848EFF7F0F80FA1064898
:10894000EFF7ECF80F4804602046EFF71EF90E49E8
:1089500008600E480078F8BD2C2800201215002071
:1089600041542B51494F50454E3D312C302C22540F
:108970004350222C220000002C3000002C300D0A25
:1089800000000000C8010020CC010020BC01002034
:1089900010B5074A0421117000F010F8054800F0E6
:1089A000C1FE0549082800D009200870C0B210BDDA
:1089B000BB0100201C0D0208BC01002010B5FF21E6
:1089C0000A48EFF7A0F80AA10848EFF7A7F80CA1AA
:1089D0000648EFF7A3F80B4904480860EFF7D5F80D
:1089E000094908600948007810BD00002D270020C3
:1089F00041542B514952443D302C31353030000028
:108A00000D0A0000C8010020CC010020BC0100209C
:108A1000F0B50121B3B0002489024948EFF773F89B
:108A20004848494D8078012806D1F7F73BFF0146B9
:108A300046A06A6BF8F74EFE4CA1686BEFF77AF828
:108A4000002800D001243F4801272038007D052858
:108A500007D14AA1686BEFF76DF8002801D04B48A9
:108A60000770204617264A4C00281ED036487B2126
:108A7000406BEFF780F8054633487D21406BEFF7F8
:108A8000D5F8421B29460B312D480C3AEFF722F856
:108A900040480770F7F706FF0146294A3EA0F8F75D
:108AA00019FE3046267033B0F0BD43A1686BEFF776
:108AB00041F805464B21EFF7B9F8421B29466846B5
:108AC000EFF708F83A216846EFF755F805460A210E
:108AD0006846EFF7ABF8421BA91C1948521FEEF786
:108AE000F9FF17481627007830281ED00A2128469B
:108AF000EFF741F8050020D04F21EFF797F8074630
:108B0000012189020E48EEF7FEFF7A1B691C0C4812
:108B1000921EEEF7DFFFF7F7C5FE0146084A1EA0DA
:108B2000F8F7D8FD26702078BDE72770F7F7BAFE72
:108B3000014623A0F8F7CEFDF5E72770F3E7000024
:108B40002C3100200C010020D00100205B25755D38
:108B5000446562756720646F776E6C696E6B206424
:108B60006174613A25730D0A000000007B22436F97
:108B70006E666967223A225B000000004576656EEA
:108B8000743A53746174757300000000AC010020E6
:108B9000BC0100200A0200205B25755D52656365FB
:108BA0006976656420646F776E6C696E6B206461B2
:108BB00074613A25730D0A005149524400000000C7
:108BC0005B25755D4E6F206461746120696E206263
:108BD00075666665720D0A0010B5FFF719FF172854
:108BE00006D105480078002802D1044804F0A4F911
:108BF0000348007810BD0000AC0100202C3100209B
:108C0000BC01002070B50C4C0221217000F01AF854
:108C1000FF260A4DF53607E0284600F083FD0828B8
:108C200006D03046F0F75EFF2178481E2070F3D260
:108C30000348007870BD0000BB010020C80C02088A
:108C4000BC01002010B50924240221463648EEF765
:108C50005AFF36480078012808D0354800780128A6
:108C600007D034480078012806D009E0FDF75CF809
:108C70001AE0FDF729F817E02F480078012837D0CF
:108C80002E480078012836D0022837D0032838D063
:108C9000042839D005283AD006283BD007283CD0F4
:108CA00064283DD002F054FF21461F48EEF72BFF09
:108CB00023A11D48EEF732FF24A11B48EEF72EFF3B
:108CC0001948EEF762FF2249174C0A88001921A1C2
:108CD000F8F710FD20A12046EEF720FF1F480460A2
:108CE0002046EEF752FF1E4908601E48007810BD6E
:108CF000F8F718FBD8E7F7F70BFCD5E7F7F73EFCDA
:108D0000D2E7F7F771FCCFE7F7F7AAFCCCE7F7F764
:108D1000E1FCC9E7F7F716FDC6E7F7F74BFDC3E738
:108D2000F7F77EFDC0E700002C280020AC010020F2
:108D3000A600002098000020B0010020B90100200A
:108D400041542B514953454E443D0000302C000006
:108D50000C020020256400000D0A0000C80100205C
:108D6000CC010020BC01002010B5074A042111707D
:108D700000F010F8054800F0D5FC0549082800D09F
:108D800009200870C0B210BDBB010020000D020810
:108D9000BC01002010B5092109020D48EEF7B3FE11
:108DA0000CA10B48EEF7BAFE0EA10948EEF7B6FE8D
:108DB00002F0CEFE0CA10648EEF7B0FE0B490448C7
:108DC0000860EEF7E2FE0A4908600A48007810BD24
:108DD0002C28002041542B514953454E4445583DC1
:108DE00000000000302C2200220D0A00C8010020E3
:108DF000CC010020BC01002070B5104D10A1686BA3
:108E0000EEF798FE104C002804D00020FFF7E4FE97
:108E1000202010E00DA1686BEEF78CFE002801D039
:108E20000E2008E00BA1686BEEF784FE002801D04D
:108E3000102000E01E202070C0B270BDD0010020C4
:108E40002B514952443A0000BC01002053454E4486
:108E5000204F4B0053454E44204641494C000000F2
:108E6000F8B50E480EA1016011490E2008600320DC
:108E7000104C114D2070114E092705E0304600F0CE
:108E800051FC082806D02F702078411E2170F5D2A1
:108E90002878F8BD08202870FAE70000C8010020F3
:108EA00041542B5149434C4F53453D300D0A00006E
:108EB000CC010020BB010020BC010020A001020861
:108EC0000148007870470000BC01002010B5084937
:108ED00004200870002000F011F8064800F022FC81
:108EE0000549082800D009200870C0B210BD000054
:108EF000BB01002030010208BC01002010B509218F
:108F000009022948EEF7FFFD28480078012808D01B
:108F100027480078012807D026480078012806D085
:108F200009E0FCF701FF1AE0FCF7CEFE17E022484B
:108F3000007801281DD02148007801281CD0022883
:108F40001DD003281ED004281FD0052820D00628B5
:108F500021D0072822D0642823D002F0F9FD184937
:108F600011480860EEF711FE1649086016480078AF
:108F700010BDF8F7D7F9F2E7F7F7CAFAEFE7F7F716
:108F8000FDFAECE7F7F730FBE9E7F7F769FBE6E70F
:108F9000F7F7A0FBE3E7F7F7D5FBE0E7F7F70AFC05
:108FA000DDE7F7F73DFCDAE72C280020AC010020D4
:108FB000A600002098000020B0010020B901002088
:108FC000C8010020CC010020BC01002010B5074AD8
:108FD0000421117000F010F8054800F0A3FB0549CA
:108FE000082800D009200870C0B210BDBB010020C5
:108FF000F8000208BC010020F8B5092109023A482E
:10900000EEF781FD39482C210090EEF7B4FD0646BD
:10901000364C3748203C007D2746334D66370028C4
:1090200017D034A12846EEF779FD3846EEF7ADFDAE
:10903000002839D02C213846EEF79DFD00902846B7
:10904000EEF7A3FD431900983946021B1846663A0D
:1090500031E030A12448EEF761FD3846EEF795FD8A
:1090600000280ED02C213846EEF785FD00901E48D2
:10907000EEF78BFD431900983946021B1846663AF5
:1090800006E01948EEF781FD321B4019203A00999D
:10909000EEF720FD1EA11448EEF740FD31461248C0
:1090A000EEF73CFD21A111E00F48EEF76EFD321BFB
:1090B0004019203A0099EEF70DFD1DA10A48EEF780
:1090C0002DFD31460848EEF729FD1AA10648EEF7B6
:1090D00025FD1A4805602846EEF757FD1849086037
:1090E00018480078F8BD00002C2800201215002038
:1090F000EC00002041542B51494F50454E3D312C3E
:10910000302C225544502053455256494345222C79
:109110002200000041542B51494F50454E3D312C07
:10912000302C22554450222C220000000D0A000051
:10913000222C30002C300D0A00000000C801002055
:10914000CC010020BC01002010B5074A0421117099
:1091500000F010F8054800F0E5FA0549082800D0AD
:1091600009200870C0B210BDBB01002068010208D0
:10917000BC01002010B5FF210D48EEF7C4FC0D48DE
:10918000007D002811D00CA10948EEF7C7FC0DA105
:109190000748EEF7C3FC0C4905480860EEF7F5FCFC
:1091A0000A4908600A48007810BD0AA1ECE70000EF
:1091B0002D270020EC00002041542B514952443D02
:1091C000300000000D0A0000C8010020CC01002082
:1091D000BC01002041542B514952443D302C3135C3
:1091E00030300000F0B50121B3B0002489025848A6
:1091F000EEF789FC5748584D8078012806D1F7F7DB
:1092000051FB014655A06A6BF8F764FA5BA1686BE5
:10921000EEF790FC002800D001244E4E0127203E9E
:10922000307D052826D159A1686BEEF783FC002814
:1092300001D05A480770307D05281BD158A1686BB2
:10924000EEF778FC002806D0F7F72CFB014657A074
:10925000F8F740FA0EE0307D05280BD15848017828
:10926000002902D0012903D004E05648077001E02C
:109270000021017020461726534C00281ED0364886
:109280007B21406BEEF777FC054633487D21406B30
:10929000EEF7CCFC421B29460B312D480C3AEEF779
:1092A00019FC4A480770F7F7FDFA0146284A48A01A
:1092B000F8F710FA3046267033B0F0BD4CA1686B59
:1092C000EEF738FC05464B21EEF7B0FC421B294671
:1092D0006846EEF7FFFB3A216846EEF74CFC054680
:1092E0000A216846EEF7A2FC421BA91C1848521F2F
:1092F000EEF7F0FB16481627007830281ED00A211A
:109300002846EEF738FC050020D04F21EEF78EFC02
:109310000746012189020E48EEF7F5FB7A1B691C0E
:109320000B48921EEEF7D6FBF7F7BCFA0146084A47
:1093300027A0F8F7CFF926702078BDE72770F7F758
:10934000B1FA01462CA0F8F7C5F9F5E72770F3E765
:109350002C3100200C010020D00100205B25755D20
:10936000446562756720646F776E6C696E6B20640C
:109370006174613A25730D0A000000007B22436F7F
:109380006E666967223A225B000000004576656ED2
:10939000743A53746174757300000000AC010020CE
:1093A000436F6E6669726D3D323030005B25755DCE
:1093B000436F6E6669726D2041434B0D0A000000D9
:1093C0000902002008020020BC0100200A0200203F
:1093D0005B25755D526563656976656420646F77AA
:1093E0006E6C696E6B20646174613A25730D0A00BE
:1093F00051495244000000005B25755D4E6F2064AA
:1094000061746120696E206275666665720D0A007E
:1094100010B5FFF7E7FE172806D1054800780028A9
:1094200002D1044803F088FD0348007810BD000015
:10943000AC0100202C310020BC01002010B5074AEF
:109440000421117000F010F8054800F06BF905498F
:10945000082800D009200870C0B210BDBB01002050
:1094600014010208BC010020F8B509242402214699
:109470004C48EEF748FB4C480078012808D04B4890
:109480000078012807D04A480078012806D009E072
:10949000FCF74AFC1AE0FCF717FC17E04548007897
:1094A00001283ED04448007801283DD002283ED013
:1094B00003283FD0042840D0052841D0062842D0B8
:1094C000072843D0642844D002F042FB21463548A7
:1094D000EEF719FB39A13348EEF720FB3AA13148EA
:1094E000EEF71CFB2F48EEF750FB38492D4C0A884D
:1094F000001937A1F8F7FEF837480746EEF745FBA5
:10950000354E663E002827D02C213846EEF733FB37
:1095100005462046EEF739FB0019AA1B3946663A84
:1095200028E0F7F7FFFED1E7F6F7F2FFCEE7F7F70F
:1095300025F8CBE7F7F758F8C8E7F7F791F8C5E74C
:10954000F7F7C8F8C2E7F7F7FDF8BFE7F7F732F922
:10955000BCE7F7F765F9B9E71F482C2146380746FD
:10956000EEF709FB05460F48EEF70FFBAA1B0019A3
:109570003946203AEEF7AEFA18A10A48EEF7CEFACD
:1095800029460848EEF7CAFA15A10648EEF7C6FACA
:10959000144804602046EEF7F8FA134908601348AF
:1095A0000078F8BD2C280020AC010020A600002087
:1095B00098000020B0010020B901002041542B5137
:1095C0004953454E443D0000302C00000C02002061
:1095D00025642C2200000000581500202200000005
:1095E0000D0A0000C8010020CC010020BC010020B1
:1095F00010B5074A0421117000F010F8054800F07A
:1096000091F80549082800D009200870C0B210BDA3
:10961000BB0100204C010208BC01002010B509214B
:1096200009020D48EEF76FFA0CA10B48EEF776FA37
:109630000EA10948EEF772FA02F08AFA0CA1064868
:10964000EEF76CFA0C4904480860EEF79EFA0B49F5
:1096500008600B48007810BD2C28002041542B5185
:109660004953454E4445583D00000000302C22002F
:10967000222C300D0A000000C8010020CC0100207F
:10968000BC01002070B5104D10A1686BEEF752FAC6
:10969000104C002804D00020FFF7BAFE202010E074
:1096A0000DA1686BEEF746FA002801D00E2008E005
:1096B0000BA1686BEEF73EFA002801D0102000E005
:1096C0001E202070C0B270BDD00100202B51495225
:1096D000443A0000BC01002053454E44204F4B004B
:1096E00053454E44204641494C00000010B5094CFA
:1096F00009A0A0620420E0620320E07604E00848AC
:1097000000F010F8082803D0E07E411EE176F6D282
:10971000207F10BDA001002041540D0A0000000070
:1097200088EB0108F8B505461E4F002038861E4913
:10973000786BEEF7E8F93C46303CA08DA16A82B226
:109740001A48F2F717F8F0F753FC064618488079E4
:10975000012804D1A86826280FD042280DD0F0F7A0
:1097600047FCA989801B8842F9D32968786BEEF7FA
:10977000E1F900280AD0082011E0F0F739FC811B3C
:10978000AA890C4810188142F7D3EEE76968786B14
:10979000EEF7D0F9002801D0092000E0042020775E
:1097A000C0B2F8BDD001002014050000F005002073
:1097B000EC000020B80B000070B5094C09A0A062B5
:1097C0000620E062E076094D04E02846FFF7AAFF94
:1097D000082803D0E17E481EE076F6D2207F70BDD7
:1097E000A0010020415445300D0A0000A4EB0108FF
:1097F000F0B52E4891B0406B2DA1EEF79BF92E4CA1
:10980000050019D014216846EEF77DF92BA16846B2
:10981000EEF784F9294600A8112208310230EEF74C
:1098200059F96846EFF7EEFD254D2649A8600A78FC
:109830000021012A03D008E00620207732E0224AE6
:109840001378002B01D0E8601170204F0126387882
:1098500000280DD005A8F6F7B7FC0599A868091AE5
:1098600061620021F6F72CFD6670A670002038704A
:1098700017481849408F884214D015482030407E40
:1098800001280FD1207900280CD105A9A868F6F786
:10989000B7FC06983C2148430599401880B2FAF776
:1098A00007FF2671207F11B0F0BD0000D00100201D
:1098B0002B43434C4B000000A0010020323000003D
:1098C000200100209C000020100000203800002013
:1098D000CC000020FFFF0000F8B50F4C0FA1A162E3
:1098E0000A21E16207461049002088600320E076E3
:1098F0000E4D092605E02846FFF714FF082806D07C
:109900002677E07E411EE176F5D2207FF8BD38460D
:10991000FFF76EFF2077F8E7A001002041542B43AA
:10992000434C4B3F0D0A000020010020BCEC010815
:10993000F0B52E4891B0406B2DA1EEF7FBF82E4C00
:10994000050019D014216846EEF7DDF82BA1684612
:10995000EEF7E4F8294600A8112208310230EEF7AC
:10996000B9F86846EFF74EFD254D2649A8600A78FC
:109970000021012A03D008E00620207732E0224AA5
:109980001378002B01D0E8601170204F0126387841
:1099900000280DD005A8F6F717FC0599A868091A44
:1099A00061620021F6F78CFC6670A67000203870AA
:1099B00017481849408F884214D015482030407EFF
:1099C00001280FD1207900280CD105A9A868F6F745
:1099D00017FC06983C2148430599401880B2FAF7D5
:1099E00067FE2671207F11B0F0BD0000D00100207D
:1099F0002B43434C4B000000A001002032300000FC
:109A0000200100209C0000201000002038000020D1
:109A1000CC000020FFFF0000F8B50F4C0FA1A162A1
:109A20000A21E16207461049002088600320E076A1
:109A30000E4D092605E02846FFF774FE082806D0DB
:109A40002677E07E411EE176F5D2207FF8BD3846CC
:109A5000FFF76EFF2077F8E7A001002041542B4369
:109A6000434C4B3F0D0A000020010020A0EC0108F0
:109A7000F1B5274C84B027A0A0620820E062002640
:109A80002748FFF74FFE08283FD12746009630377A
:109A900001963A21786BEEF7C9F802902C21786B89
:109AA000EEF769F80146029800250F1A7F1E0CE0B8
:109AB000EEF76BF869464018154930314A6BE91DDD
:109AC000525C18A1F7F716FE6D1CAF426846EFDC3A
:109AD000EEF7C6F8C0B2632817D16672049800F09A
:109AE00023F80F4DA83D04E02846FFF71BFE082889
:109AF00003D0E17E481EE076F6D201206072049821
:109B000000F012F82846FFF70DFE207F05B0F0BDEB
:109B1000A001002041542B4353510D0A00000000C6
:109B20002CED01082563000010B5C8210748EDF7AA
:109B3000EAFF074C07A1627A0448F7F7DBFD034808
:109B4000A062EEF722F8E062207F10BD981E002090
:109B5000A001002041542B4346554E3D25640D0A7B
:109B600000000000F8B5002400F028F80F4E0E4D5C
:109B7000374630370E48F0F773FA641CE4B22846D3
:109B8000FFF7D0FD08280BD0FF202D30EFF7AAFFFC
:109B900008A0796BF7F79EFD322CEBD3307FF8BD30
:109BA00008203077FAE70000C0EB0108A001002090
:109BB000E005002025730D0A0000000010B5C82143
:109BC0000948EDF7A0FF09A10748EDF7A7FF0AA193
:109BD0000548EDF7A3FF094C0348A062EDF7D5FF58
:109BE000E062207F10BD0000981E002041542B43EE
:109BF000474154543F0000000D0A0000A00100201E
:109C00000148007F70470000A001002070B5094C9A
:109C10000221E17600F012F8074D04E02846FFF734
:109C200081FD082803D0E17E481EE076F6D2207F31
:109C300070BD0000A0010020D8EC010810B5C821BB
:109C40000748EDF760FF074A07A10548F7F752FDFF
:109C50000D4C0348A062EDF798FFE062207F10BD35
:109C6000981E0020B315002041542B434744434F16
:109C70004E543D312C22495056345636222C222542
:109C800073220D0A00000000A001002070B5124EE2
:109C900012A1706BEDF74EFF044612A1706BEDF749
:109CA00049FF054611A1706BEDF744FF01463046B0
:109CB0003038002C01D021220277002D01D0222241
:109CC0000277002901D0232202772C430C4301D1D3
:109CD00009210177007F70BDD0010020424739354E
:109CE0002D4D3100424739352D4D3200424739352F
:109CF0002D4D3300F8B50D4C074609250CA0E56243
:109D0000A0620320E0760D4E05E03046FFF70AFD25
:109D1000082806D02577E07E411EE176F5D2207F27
:109D2000F8BD3846FFF7B2FF2077F8E7A001002022
:109D300041542B43474D4D0D0A00000030EC010803
:109D4000F8B5184D18A0A8620920E8620320E8764B
:109D5000184C04E02046FFF7E5FC082805D0E97E12
:109D6000491EE976F6D2287FF8BD0E4814214C3002
:109D70000646EDF7C8FE0B4F0A213037786BEDF73A
:109D8000FAFE04464F21786BEDF7F5FE002CEAD081
:109D90000028E8D0021B611C3046521FEDF7DEFEA2
:109DA000E1E70000A001002041542B4347534E0D32
:109DB0000A000000DCEB0108F8B5184D18A0A862F5
:109DC0000920E8620320E876184C04E02046FFF7FB
:109DD000A9FC082805D0E97E491EE976F6D2287F3D
:109DE000F8BD0E48142138300646EDF78CFE0B4FB7
:109DF0000A213037786BEDF7BEFE04464F21786BB1
:109E0000EDF7B9FE002CEAD00028E8D0021B611C57
:109E10003046521FEDF7A2FEE1E70000A00100204E
:109E200041542B43494D490D0A000000F8EB01084D
:109E300070B500F019F80320094C0A4DE0760926A8
:109E400005E02846FFF76EFC082806D02677E17E5D
:109E5000481EE076F5D2207F70BD08202077FAE713
:109E6000A001002010ED010810B5C8210D48EDF744
:109E70004AFE0DA10B48EDF751FE0F490948EDF7D9
:109E80004DFE0CA10748EDF749FE0CA10548EDF782
:109E900045FE0B4C0348A062EDF777FEE062207FA1
:109EA00010BD0000981E002041542B434F50533DDD
:109EB000312C322C22000000A21B00200D0A0000D1
:109EC000A0010020FEB51E4C1EA0A0620820E0628A
:109ED00002202646E07630362CE01D48FFF722FCB3
:109EE000082827D10020009001903A21706BEDF7EF
:109EF0009DFE07462C21706BEDF73DFE0025C71B2C
:109F00007F1E0AE0EDF741FE69464018726BE91DBD
:109F1000525C10A1F7F7EEFB6D1CAF426846F1DC16
:109F2000EDF79EFEC0B270701F2801D8002805D141
:109F30001A202077E07E411EE176CED2207FFEBD42
:109F4000A001002041542B4353510D0A0000000092
:109F50002CED01082563000010B50448F6F766FDF6
:109F60000348817D002900D1017010BDE404002068
:109F7000200000200148007F70470000A001002061
:109F800070B5094C0221E17600F012F8074D04E0AB
:109F90002846FFF7C7FB082803D0E17E481EE0767D
:109FA000F6D2207F70BD0000A001002068EC0108FF
:109FB00010B5C8210848EDF7A6FD084808A10278A9
:109FC0000548F7F797FB0D4C0348A062EDF7DDFD60
:109FD000E062207F10BD0000981E00200C010020D0
:109FE00041542B514346473D22696F746F706D6F2A
:109FF0006465222C25642C310D0A0000A00100208C
:10A00000092070470148007F70470000A001002030
:10A0100070B5094C0221E17600F012F8074D04E01A
:10A020002846FFF77FFB082803D0E17E481EE07634
:10A03000F6D2207F70BD0000A00100204CEC01088A
:10A0400010B5C8210748EDF75EFD074A07A105488E
:10A05000F7F750FB0C4C0348A062EDF796FDE06269
:10A06000207F10BD981E00202E1B002041542B5134
:10A070004346473D2262616E64222C3078462C258F
:10A08000732C310D0A000000A0010020FEB5464CE3
:10A090006E21606BEDF7CAFD07462C214348EDF7B2
:10A0A000C5FD01902E21606BFBF744FD032801DB09
:10A0B000012500E000253A21606BFBF73BFD0328FA
:10A0C00001DD012000E00020374C394E303C002FEC
:10A0D0005AD00199002957D0054355D02C21384634
:10A0E000EDF749FD05460A21EDF745FD02902F48A1
:10A0F000322146300090EDF706FD0098EDF745FD62
:10A100002A4F0299203FC3194A1B1846A91C6630E2
:10A11000121FEDF7DFFC0198EDF737FD05460098BB
:10A12000EDF733FDC0192A4666300199EDF7D2FCF0
:10A13000F6F7B8FB01461FA0009AF7F7CBFAFBF73A
:10A1400073F8A57A002D0BD096211F48EDF7DBFCA4
:10A150002A461EA11C48F7F7CDFA1B4803F058FD0C
:10A1600096211948EDF7CFFC13A11748009AF7F78D
:10A17000C1FA154803F04CFD082020770020A0729A
:10A1800000203070207FFEBDF6F78CFB014618A042
:10A19000F7F7A0FA3078012802D1A07A401CA0720B
:10A1A00009202077ECE70000D001002012150020E4
:10A1B000110000205B25755D446F6D61696E20495B
:10A1C000503A25730D0A000060210020446F6D6134
:10A1D000696E206E616D65207265736F6C75746950
:10A1E0006F6E206661696C65642A25640D0A000043
:10A1F0005B25755D446F6D61696E206E616D6520D4
:10A200007265736F6C7574696F6E206661696C65D9
:10A21000640D0A0070B500F019F80420094C0A4DCD
:10A22000E076092605E02846FFF77CFA082806D0E4
:10A230002677E17E481EE076F5D2207F70BD0820AB
:10A240002077FAE7A0010020F0ED010870B5C821E1
:10A250001648EDF758FC16482C210646EDF7E6FCAB
:10A26000124D04001AD013A12846EDF757FC15A192
:10A270002846EDF753FC2846EDF787FC0C494019BA
:10A280002039621A3146203AEDF724FC0DA1284608
:10A29000EDF744FC0CA12846EDF740FC0B4C28469A
:10A2A000A562EDF772FCE062207F70BD981E002071
:10A2B0001215002041542B5149444E534749503DFB
:10A2C000312C0000220000000D0A0000A001002037
:10A2D000F8B50D49082509780C4C022912D000F078
:10A2E00019F80320E0760A4E092705E03046FFF70B
:10A2F00019FA082806D02777E07E411EE176F5D2CC
:10A30000207FF8BD2577FBE79B000020A0010020FF
:10A31000B8ED010810B5C8210B48EDF7F4FB0BA10F
:10A320000948EDF7FBFB0D490748EDF7F7FB0CA1DA
:10A330000548EDF7F3FB0B4C0348A062EDF725FC55
:10A34000E062207F10BD0000981E002041542B5178
:10A3500049444E534346473D312C00008A150020A6
:10A360000D0A0000A001002070B50B4C0BA1A162EA
:10A370000921E1620521E17600F018F80A4D04E0B8
:10A380002846FFF7CFF9082803D0E17E481EE07683
:10A39000F6D2207F70BD0000A001002041542B5157
:10A3A0004750530D0A000000F4EC010810B5C82115
:10A3B0000748EDF7A8FB07A10548EDF7AFFB084CF0
:10A3C0000348A062EDF7E1FBE062207F10BD0000D2
:10A3D000981E002041542B514750533D310D0A0027
:10A3E000A0010020F0B58BB00020029003900490F3
:10A3F0002F4C059006900790089009902DA1606B56
:10A40000EDF798FB2746303F00284DD02C21606B9C
:10A41000EDF7B1FB05462C21401CEDF7ACFB0446E3
:10A420002C21401CEDF7A7FB064602A8EDF7ADFB7B
:10A4300002A94018621B691C521EEDF74BFB06A8CF
:10A44000EDF7A3FB06A94018321B611C521EEDF765
:10A4500041FB02A8FAF77AF8194CE161A06106A85D
:10A46000FAF774F861622062F6F71CFA0146626A34
:10A47000206A0090019213A0E369A269F7F72AF914
:10A4800096211848EDF73FFB616A206A0191009020
:10A4900015A11448E369A269F7F72CF9114803F0F4
:10A4A000B7FB387F0BB0F0BD07203877F9E7000025
:10A4B000D00100202B514750534C4F430000000067
:10A4C000200100205B25755D6C617469747564659D
:10A4D0003A25662C6C6F6E6769747564653A2566FB
:10A4E0000D0A0000602100206C6174697475646558
:10A4F0003A25662C6C6F6E6769747564653A2566DB
:10A5000000000000F8B507460D4C0EA0A062102018
:10A51000E0620320E076104D092605E02846FFF7AB
:10A5200001F9082806D02677E07E411EE176F5D2B3
:10A53000207FF8BD3846FFF755FF2077F8E7000089
:10A54000A001002041542B514750534C4F433D3202
:10A550002C300D0A000000000CEE010870B5094C0B
:10A560000421E17600F012F8074D04E02846FFF7D9
:10A57000D9F8082803D0E17E481EE076F6D2207F85
:10A5800070BD0000A001002028EE010810B5C82110
:10A590000748EDF7B8FA07A10548EDF7BFFA094CEF
:10A5A0000348A062EDF7F1FAE062207F10BD0000E1
:10A5B000981E002041542B51475053454E440D0ADC
:10A5C00000000000A00100200148007F704700004B
:10A5D000A001002070B5094C0221E17600F012F8CC
:10A5E000074D04E02846FFF79DF8082803D0E17ED8
:10A5F000481EE076F6D2207F70BD0000A00100204A
:10A600009CED010810B5C8210748EDF77CFA07A1B9
:10A610000548EDF783FA094C0348A062EDF7B5FA57
:10A62000E062207F10BD0000981E002041542B5195
:10A63000494143543D310D0A00000000A0010020B3
:10A640000148007F70470000A001002070B5094C50
:10A650000A21E17600F012F8074D04E02846FFF7E2
:10A6600061F8082803D0E17E481EE076F6D2207F0C
:10A6700070BD0000A001002014EC010810B5C82135
:10A680000A48EDF740FA0A48007D00280BD009A1DE
:10A690000648EDF743FA0E4C0448A062EDF775FA50
:10A6A000E062207F10BD0BA1F2E70000981E0020A1
:10A6B000EC00002041542B51494346473D22646140
:10A6C0007461666F726D6174222C302C300D0A003B
:10A6D000A001002041542B51494346473D2264616B
:10A6E0007461666F726D6174222C312C300D0A001A
:10A6F0000148007F70470000A001002070B5094CA0
:10A700000321E17600F012F8074D04E02846FFF738
:10A7100009F8082803D0E17E481EE076F6D2207FB3
:10A7200070BD0000A001002064ED010810B5C82133
:10A730000F48EDF7E8F911480EA10446EDF7FAF9D4
:10A7400001000F480CD002780EA10948F6F7D2FF9D
:10A75000134C0748A062EDF718FAE062207F10BDA5
:10A76000027823460FA10248F6F7C4FFF0E7000085
:10A77000981E00204E554C4C00000000B3150020E0
:10A780009B00002041542B5149435347503D312CED
:10A7900025642C22222C22222C22222C310D0A006C
:10A7A000A001002041542B5149435347503D312CC7
:10A7B00025642C222573222C22222C22222C310DBE
:10A7C0000A0000000148007F70470000A00100203F
:10A7D00070B5094C0421E17600F012F8074D04E051
:10A7E0002846FEF79FFF082803D0E17E481EE0764A
:10A7F000F6D2207F70BD0000A001002080ED01088E
:10A8000010B5C8210748EDF77EF907A10548EDF717
:10A8100085F9094C0348A062EDF7B7F9E062207FA3
:10A8200010BD0000981E002041542B514944454161
:10A8300043543D310D0A0000A001002070B500F026
:10A8400019F80320094C0A4DE076092605E0284650
:10A85000FEF768FF082806D02677E17E481EE076DE
:10A86000F5D2207F70BD08202077FAE7A0010020F4
:10A87000D4ED010810B5C8210B48EDF744F90BA140
:10A880000948EDF74BF90C490748EDF747F90BA1DB
:10A890000548EDF743F90A4C0348A062EDF775F956
:10A8A000E062207F10BD0000981E002041542B5113
:10A8B0004E54503D312C0000621B00200D0A000058
:10A8C000A001002070B594B050216846EDF71BF947
:10A8D000124C13A1606BEDF72DF92646303E00288F
:10A8E00018D03A21606BEDF746F905464F21606BB1
:10A8F000EDF79CF9421BA91C6846921FEDF7EAF898
:10A90000F5F7D0FF01466A4608A0F6F7E3FE307F70
:10A9100014B070BD09203077F2E70000D0010020AC
:10A920002B514E57494E464F000000005B25755D88
:10A930004E6574776F726B20496E666F726D6174CD
:10A94000696F6E3A25730D0A00000000F8B50746DE
:10A950000D4C0EA0A0620C20E0620320E0760F4DAB
:10A96000092605E02846FEF7DDFE082806D02677F2
:10A97000E07E411EE176F5D2207FF8BD3846FFF734
:10A98000A1FF2077F8E70000A001002041542B51DF
:10A990004E57494E464F0D0A0000000048ED010891
:10A9A000F8B52B4D2868040C87B203F06FF9294BDA
:10A9B00002461881462128482E1D5981462F2ED047
:10A9C00014040C430821EDF79EF8EFF7E5F8224652
:10A9D00029460220EFF7B6F8012231460220EFF7B0
:10A9E000B1F8EFF7A5F809211C48EEF79FFB052108
:10A9F0001B48EEF79BFB01211A48EEF797FB19481D
:10AA000001218030EEF792FB01211748EEF78EFB13
:10AA1000EEF770F9FBF7B8F9FAF706FC14E0944288
:10AA200015D014040C430821EDF76DF8EFF7B4F8D6
:10AA3000224629460220EFF785F8012231460220FE
:10AA4000EFF780F8EFF774F81220EEF7C9FAF8BDC7
:10AA500000000808A0000020A61C002000580208E2
:10AA600080860208808A02080089020810B505491C
:10AA70000548F5F791FF0448F5F7A0FF03480121C9
:10AA8000017610BD005C26050C050020200000208A
:10AA900010B500F00FF80548FEF744FE04490828F9
:10AAA00000D009200870C0B210BD000060FC010891
:10AAB000BC01002010B5092109021C48EDF723F85C
:10AAC0001BA11A48EDF72AF81D491848EDF726F89A
:10AAD0001B481CA12C300446EDF72CF8002817D198
:10AAE0001AA11248EDF71AF821461048EDF716F8AA
:10AAF000134814A158300446EDF71CF8002807D17C
:10AB000012A10A48EDF70AF821460848EDF706F8C1
:10AB10000FA10648EDF702F80E4904480860EDF76A
:10AB200034F80D4908600D48007810BD2C2800202D
:10AB300041542B514D54434F4E4E3D302C2200007A
:10AB40000A1C00204E554C4C00000000222C220014
:10AB5000220D0A00C8010020CC010020BC01002009
:10AB600010B500F00FF80548FEF7DCFD0449082891
:10AB700000D009200870C0B210BD000044FC0108DC
:10AB8000BC01002070B5092109021848ECF7BBFF91
:10AB900017482C210646ECF7EEFF054615A1134891
:10ABA000ECF7BCFF1148ECF7F0FF104C6F210319D4
:10ABB00014480901281A421A31461846ECF78AFF50
:10ABC00011A12046ECF7AAFF29462046ECF7A6FF84
:10ABD0000EA12046ECF7A2FF0D4804602046ECF7DA
:10ABE000D4FF0C4908600C48007870BD2C28002068
:10ABF000E21B002041542B514D544F50454E3D30E7
:10AC00002C220000F2140020220000000D0A000097
:10AC1000C8010020CC010020BC01002010B500F0CC
:10AC20000FF80548FEF77EFD0449082800D00920EA
:10AC30000870C0B210BD00007CFC0108BC010020FF
:10AC400010B5092109021948ECF75DFF18A1174852
:10AC5000ECF764FF1B48154C0178002907D0012947
:10AC600007D0022903D0032915D0042905D116A144
:10AC700000E01BA10D48ECF751FF22A10B48ECF7B7
:10AC80004DFF214804602046ECF77FFF1F49086014
:10AC90001F48007810BD0548ECF777FF1D490019E3
:10ACA0000A881DA1F6F726FDE7E700002C28002002
:10ACB00041542B514D545055423D302C302C302CAA
:10ACC000302C22000300002076312F646576696302
:10ACD00065732F6D652F74656C656D657472790091
:10ACE00076312F646576696365732F6D652F6174A6
:10ACF00074726962757465732F72657175657374AA
:10AD00002F310000220D0A00C8010020CC010020D4
:10AD1000BC0100207C00002076322F66772F726500
:10AD200071756573742F312F6368756E6B2F256491
:10AD30000000000010B5002000F00EF80448FEF7F7
:10AD4000F1FC0449082800D009200870C0B210BDE9
:10AD500098FC0108BC01002070B5092109021A48BD
:10AD6000ECF7D1FE1948184C0078002808D00128CB
:10AD700009D002280AD003280BD0042811D012E0F1
:10AD8000F5F770FB0FE0F5F753FB0CE0F5F7A2FBCE
:10AD900009E00D48ECF7F9FE00190DA1F6F7AAFC41
:10ADA00001E0F5F761FD0C4D002028600648ECF746
:10ADB000ECFE1A22225420462C60ECF7E6FE0749EE
:10ADC00008600748007870BD2C2800200300002090
:10ADD0003130323800000000C8010020CC010020D2
:10ADE000BC01002070B56848407E00286DD067A186
:10ADF0006848ECF79FFE002867D1674C7D262078D5
:10AE0000F6007510012805D160A16448ECF792FEA8
:10AE1000002805D02078022858D0032871D076E089
:10AE20000020FCF7BBF908284FD13046EEF75AFE58
:10AE30000020FCF76FF9082847D12C462846EEF78A
:10AE400051FE0020FCF72EFA08283ED12046EEF7EE
:10AE500049FE52484DA18130ECF76CFE002821D10B
:10AE6000FCF770FA08281DD12046EEF73BFE47A1FB
:10AE70004B48ECF75FFE002814D1FCF7B3FA082822
:10AE800010D12046EEF72EFE454840A18130ECF768
:10AE900051FE002806D1FCF7F5FA082802D1204619
:10AEA000EEF720FE0020FCF71DFC08280DD12046FF
:10AEB000EEF718FE0020FCF75BFC082805D12046C1
:10AEC000EEF710FE0020FCF7A1F870BD207D0528EC
:10AED000FBD10020FEF77AF80828F6D13046EEF7CD
:10AEE00001FE0020FEF7AAFA0828EED10020FDF7A7
:10AEF000EDFF2846EEF7F6FD0020FDF7B1FF70BD2F
:10AF0000FFE722A12748ECF715FE00281CD0207887
:10AF10000428F4D1207D0528F1D10020FDF7BCFCE8
:10AF20000828ECD13046EEF7DDFD0020FDF76AFE83
:10AF30000828E4D10020FDF72FFC2846EEF7D2FDCB
:10AF40000020FDF7F3FBDAE70020FCF777FE082886
:10AF5000D5D13046EEF7C6FD0020FCF737FD0828B6
:10AF6000CDD12846EEF7BEFD0020FDF73FF80828BA
:10AF7000C5D10020FDF712F92846EEF7B3FD0020F9
:10AF8000FCF7BAFCBBE70000A00100204E554C4C7A
:10AF90000000000012150020EC000020A91800207D
:10AFA000AB190020A7170020F8B58C4C8CA1606B62
:10AFB000ECF7C0FD8E4D002801D00A2030E08DA1B5
:10AFC000606BECF7B7FD002801D00C2028E08DA1C4
:10AFD000606BECF7AFFD1226002818D18EA1606BD4
:10AFE000ECF7A8FD002812D190A1606BECF7A2FD50
:10AFF00000280CD192A1606BECF79CFD1426002870
:10B0000005D193A1606BECF795FD002801D02E705F
:10B0100007E093A1606BECF78DFD002801D01820AC
:10B02000287093A1606BECF785FD002867D09348EA
:10B03000007801285FD192480078924E01284FD1C4
:10B0400091A1606B2FE092A1ECF7A6FD00280CD037
:10B0500091A13846ECF7A0FD002812D091A1384606
:10B06000ECF79AFD002813D01BE087A10020ECF735
:10B07000B9FDECF7F5FD8E490860814900200870A4
:10B080000FE081A10020ECF7ADFD0146894806E004
:10B090007DA10020ECF7A6FD014686480F38ECF7AD
:10B0A00089FD79A10020ECF79DFD0700CBD1377019
:10B0B0007F48006800280AD07F480090ECF765FDC3
:10B0C00002467C480099ECF77EFD002818D07BA052
:10B0D000F6F700FB814903200870814901200870C0
:10B0E0003078012826D07FA0F6F7F4FA6420EEF736
:10B0F000F9FC1A20287061480078032858D05FE0D6
:10B100006D4814300090ECF740FD02466948009904
:10B110000F38ECF758FD002804D07848076001206C
:10B120003070DDE76D49032008706D48062101701D
:10B130003770D5E772A0F6F7CDFAFF272D373846DE
:10B14000EEF7D0FC5B4976A0F6F7C4FA3846EEF786
:10B15000C9FC584978A00F39F6F7BCFA3846EEF723
:10B16000C1FC534E31687AA0F6F7B4FA3846EEF7D0
:10B17000B9FC30687B490860F6F736FAF6F786FACC
:10B1800001210020F6F7FCF8F6F76AFAFF26F536FB
:10B190003046EEF7A7FCF6F779FA01210804F6F736
:10B1A000EFF8F6F75DFA3046EEF79CFC1B20A1E7BE
:10B1B0006D480178012903D11B21297000210170FC
:10B1C0006AA1606BECF7B6FC002804D01B20287045
:10B1D0006A49012008702878F8BD0000D0010020DD
:10B1E0002B514D544F50454E3A20302C300000002A
:10B1F000BC0100202B514D54434F4E4E3A20302C71
:10B20000302C30002B514D545355423A20302C31C4
:10B210002C302C32000000002B514D545355423A33
:10B2200020302C312C302C31000000002B514D549B
:10B230005355423A20302C312C302C300000000085
:10B240002B514D545055423A20302C312C300000B7
:10B250002B514D545055423A20302C302C300000A8
:10B260002B514D54444953433A20302C30000000B8
:10B270002B514D545245435600000000030000205E
:10B2800008000020090000207B7D2C223A000000ED
:10B2900066775F73697A650066775F7469746C6559
:10B2A0000000000066775F76657273696F6E00005C
:10B2B0008000002019270020921C0020496E636F37
:10B2C0006E73697374656E74206669726D776172EE
:10B2D00065207469746C650D0A000000B8010020D7
:10B2E000B9010020436F6E73697374656E742066D4
:10B2F00069726D776172650D0A00000050000020D0
:10B30000496E636F6E73697374656E7420666972DB
:10B310006D776172652076657273696F6E0D0A00D4
:10B320007365727665725F66775F7469746C6520A9
:10B3300025730D0A000000007365727665725F6602
:10B34000775F76657273696F6E2025730D0A000052
:10B350007365727665725F66775F73697A652025BB
:10B36000640D0A0084000020020000202B514D547F
:10B37000535441543A20302C31000000B6010020D3
:10B38000F0B5F74D044628789DB000287ED0042102
:10B39000A06AECF7B8FB0120189000201990F14842
:10B3A000C078022872D1F04E307858286ED1002033
:10B3B0002870EE49EE48F5F7EFFAED48F5F7FEFA9A
:10B3C000EC4900200AAA4B6A1B68850053514B6A5E
:10B3D0001B1D4B62401C0228F5DBE648E54D803022
:10B3E000006B0290E3488030406B4C3584460A99EC
:10B3F000614561D8029881425ED300295CD0287DE6
:10B400000028A06A77D0ECF7C0FBA16ADA4B40189D
:10B410001A46103AD9A1F6F76DF90CA90A98F4F773
:10B42000EFFE0B98010C80B20190D24800912C30B5
:10B43000078B002F72D0380A02286FD80846ECF725
:10B440004AFEDB49ECF756FC0146384601F046F867
:10B45000074603910198ECF759FE0022D54BECF713
:10B46000A1FD029001910098ECF750FE0022D14B13
:10B47000ECF798FD05910090A06AECF786FBA16AB5
:10B48000029A401803990897099100E0CBE20199CC
:10B4900006920791009A04920C9F0D9B0F9A0E99A9
:10B4A000029300920191C449119A03975218C3A1C3
:10B4B000109BF6F71FF95DE0AE48426ACB498A421D
:10B4C00002D3002018902EE10A9A02998A4204D3EE
:10B4D000624502D80120189091E700210AAA436A28
:10B4E0001B688F00D351436A1B1D4362491C02290C
:10B4F000F5DB7CE7FFE7ECF748FBA16A0B9A401805
:10B50000BBA1F6F7F7F8A06AECF73FFBA16A0A9A2D
:10B510004018B7A1F6F7EEF82CE0FFE70198ECF73A
:10B52000F5FD0022A34BECF73DFD07460191009885
:10B53000ECF7ECFD00229F4BECF734FD00910290FC
:10B54000A06AECF722FBA16A009A401801990791C2
:10B550000299059204910F9906970E9A00910C9FFB
:10B560000D9B01A98CC19449119A109B5218A2A15C
:10B57000F6F7C0F82878022801D0042802D1287DE7
:10B58000002805D0A06AECF700FBA085794FC1E048
:10B59000A06AECF7FAFAC003000CF6E700200AA94B
:10B5A0007A6A12688300CA507A6A121D7A62401C55
:10B5B0000228F5DB6F480A998030026B91427CD3F8
:10B5C000406B814279D8287D00284FD008460CA9CD
:10B5D000F4F716FE0B99080C009088B201906548AC
:10B5E0002C30008B0290002853D0000A022850D83B
:10B5F0000098ECF770FD6E49ECF77CFB0146029871
:10B6000000F06CFF049003910198ECF77FFD00229D
:10B61000684BECF7C7FC029001910098ECF776FDBF
:10B620000022644BECF7BEFC05910090A06AECF799
:10B63000ACFAA16A401884460499039808910990CD
:10B640000299019807900098049006910F980E991E
:10B6500000900C9B0D9A01A80EC057481199109BA1
:10B660000A1870A16046F6F745F843E0A06AECF7C7
:10B670008CFAA16A0B9A40185DA1F6F73BF8A06A14
:10B68000ECF783FAA16A0A9A401859A1F6F732F842
:10B6900030E00198ECF73AFD0022464BECF782FCD3
:10B6A000049001910098ECF731FD0022414BECF73A
:10B6B00079FC00910290A06A00E027E0ECF765FABF
:10B6C000A16A0D9A40180199079184460498069042
:10B6D00000990298059104900F980E9900900C9B88
:10B6E00001A80EC034481199109B0A1859A1604650
:10B6F000F6F700F82878022801D0042802D1287D26
:10B70000002829D0A06AECF740FAA085796A37486A
:10B71000814208D2A06AECF738FA01463F200001C6
:10B72000814200D83AE7287D00280CD054A1A06AB5
:10B73000ECF7F4F9287802280FD004280DD0A06A7D
:10B74000ECF723FAA0850B4F796A2848814205D38C
:10B75000F5F7A8F8014695E0A7E0ACE0BBE00000F3
:10B7600018000020D00100202000002088130000D5
:10B770005C050020A0000020021500207B22494D1E
:10B780004549223A222573222C22494D5349223A17
:10B79000222573222C224D6573736167655F54798E
:10B7A0007065223A22446174616C6F67222C00003C
:10B7B00000007A4400408F406C0700002225642F6F
:10B7C000253032642F2530326420253032643A250A
:10B7D0003032643A25303264223A5B252E33662CAF
:10B7E000252E33662C252E32665D000080E9020886
:10B7F000252E3878000000002225642F2530326481
:10B800002F2530326420253032643A253032643AB4
:10B8100025303264223A5B252E33662C252E336682
:10B820005D0000002C2225642F253032642F253046
:10B83000326420253032643A253032643A25303281
:10B8400064223A5B252E33662C252E33662C252E5A
:10B8500032665D002C2225642F253032642F25307E
:10B86000326420253032643A253032643A25303251
:10B8700064223A5B252E33662C252E33665D00004C
:10B880007D00000075A0F5F725FF7D48F5F7CEF89F
:10B890007C49002008702878012812D0022812D094
:10B8A000032812D0042812D013E0A06AECF76DF937
:10B8B000C003000C29E7A06AECF767F9C003000C8D
:10B8C00040E7242004E02C2002E0402000E0482053
:10B8D000307001201990786AB8626B48436B026B34
:10B8E00029E002C8B8628A4201D88B4227D2674950
:10B8F000884220D3F4F7D6FF014658A0F5F7EAFEB8
:10B900005F48F5F793F85F49002008702878012810
:10B9100006D0022806D0032806D0042806D007E067
:10B92000242004E02C2002E0402000E04820307079
:10B930000120199003E05549B86A8842D1D318987C
:10B9400000280BD06FD02878514C012863D00228F2
:10B9500065D003286AD0042871D076E04848F5F70E
:10B9600065F8484900200870F4F79CFF014649A09B
:10B97000F5F7B0FE0027A06AECF707F9A16A0022EC
:10B9800040184B49F5F7B6FE7F1CFFB2082FF2D3E3
:10B990002878022801D0042802D1287D00280DD063
:10B9A000A06AECF7F2F8A085287801280CD00228CC
:10B9B0000ED0032810D0042817D049E0A06AECF775
:10B9C000E4F8C003000CEEE70020FBF78BFE0FE06D
:10B9D0000020FDF733FD0BE00020FCF773FB082887
:10B9E00006D10020FCF7DAFB02E00020FDF70AF99F
:10B9F0002878012806D0022806D0032806D004287B
:10BA000006D025E0242004E02C2002E0402000E0C5
:10BA1000482030701CE00020FBF764FE12E000209C
:10BA2000FDF70CFD0EE016E000E008E00020FCF75A
:10BA300049FB082809D10020FCF7B0FB02E00020F8
:10BA4000FDF7E0F8082800D07C621998002802D0A1
:10BA50001849002008701DB0F0BD00005B25755D21
:10BA600073656E64207265747269657665206461C1
:10BA7000746120636F6D706C657465640D0D0A00F0
:10BA80005C0500200C0000202001002080E9020855
:10BA9000808B02085B25755D4E6F206461746120A8
:10BAA0007265747269657665640D0D0A00000000A8
:10BAB000F0B70108A001002070B5224D6869002888
:10BAC00006D001210320F4F739F81420EEF70AF824
:10BAD0002869002806D001210220F4F72FF814204D
:10BAE000EEF700F8184CE868A04206D0012108469D
:10BAF000F4F724F81420EDF7F5FF2969E868884287
:10BB000000D20846A04200D100206969814202D9D2
:10BB1000A14200D0084600246421EBF7E9FE054667
:10BB20000DE06420EDF7DEFF64212046EBF7E0FE38
:10BB3000002902D10548EEF793FA641CA4B2A5428D
:10BB4000EFD870BDCC000020FFFF0000E005002012
:10BB5000F0B5F44EBFB0317DF348F44D3990002973
:10BB600020D0F3A00690F4A00590F7A10A91F8A1C7
:10BB70008C46FBA10191FFA10791314620314B7901
:10BB8000FF49EFA00A784978F3A4F8A7032B7DD0EA
:10BB9000012A7CD0022A7BD00446012979D00229CF
:10BBA00078D01BE1E148EBF7F0FF40196622F5A1E0
:10BBB000F5F7A0FDDC4F0024103F07E0EBF7E5FFB1
:10BBC00040193A5DEFA1F5F795FD641CD648103891
:10BBD000EBF7DBFFA042D548F0D8EBF7D6FF4019D2
:10BBE0006622E8A1F5F786FD002408E0EBF7CDFF1B
:10BBF00039190A7C4019E3A1F5F77CFD641C3998DA
:10BC0000EBF7C3FFA042C948F0D8EBF7BEFFC74C23
:10BC100046220019DCA1F5F76DFD02F037F8054664
:10BC20002046EBF7B2FF00192A46D7A1F5F762FDCF
:10BC30002046EBF7AAFFD24D00192A8AD4A1F5F7C6
:10BC400059FD2046EBF7A1FF0019EA79CEA1F5F7DF
:10BC500051FD2046EBF799FF0019AA7CCAA1F5F720
:10BC600049FD2046EBF791FF0019EA7CC6A1F5F7E4
:10BC700041FD052001210007EEF7A6F90746204601
:10BC8000EBF783FF00193A46BFA104E09DE0CBE04B
:10BC9000CCE0CDE0CEE0F5F72DFD2046EBF775FFCB
:10BCA0000019AA79B8A1F5F725FD2046EBF76DFF3D
:10BCB00000192A78B4A1F5F71DFD2046EBF765FFC2
:10BCC00000196A78B0A1F5F715FD2046EBF75DFF86
:10BCD0009449001920390A8BADA1F5F70BFD00221C
:10BCE000AD4BE969A869ECF7F5F8ECF731FA0746CE
:10BCF0002046EBF74AFF00193A46A8A1F5F7FAFCEF
:10BD00000022A54B696A286AECF7E4F8ECF720FA00
:10BD100007462046EBF739FF00193A469FA1F5F791
:10BD2000E9FC2046EBF731FF00199CA1EA68F5F722
:10BD3000E1FC2046EBF729FF0019AA8A94A1F5F748
:10BD4000D9FC2046EBF721FF0019EA8A90A1F5F70C
:10BD5000D1FC2046EBF719FF001990A1AA68F5F76E
:10BD6000C9FC707E01282ED1747A002528E0641E5B
:10BD700000D520348B49A0004118896C0391894972
:10BD80008039401807686948EBF7FFFE67493A0CAD
:10BD900040187FA1F5F7AEFC6448EBF7F6FE634967
:10BDA000BAB240187AA1F5F7A5FC6048EBF7EDFEB2
:10BDB0005E49039A401879A1F5F79CFC6D1CEDB221
:10BDC000B07AA842D3D83FB0F0BD012A02D0022AEF
:10BDD00026D00446012902D0022923D0074668480C
:10BDE00022A9C068F4F70CFA02A8F4F7EDF92DA91E
:10BDF0000298F4F705FA4D48EBF7C7FE80B23B9086
:10BE000048482038028B6848002A7DD0110A022950
:10BE10007AD8120A10D0012977D0022976D01BE2F5
:10BE2000019CD7E7079FDAE7069CB6E6059CB4E6D7
:10BE30000A9FD4E76746D2E70088ECF767F900224B
:10BE40005A4BECF7AFF8029003910520012100074F
:10BE5000EEF7BAF80690334855492038008B096848
:10BE600000F03CFB0490534805910068ECF794F90E
:10BE70003A904F4807910068ECF78EF93C90179183
:10BE80002A48EBF782FE239A25994019844620928E
:10BE90001E91229B24984849279A21931F9051185C
:10BEA00026981C9136491D90086A496A1B911A9080
:10BEB00033492E9A8869C969199118902D9B2F983A
:10BEC00030991490139115923B49329A31981693F8
:10BED000511812901191394810970F9440780E9094
:10BEE000029803990C900D912548069980790A9043
:10BEF00004980B91089005990A4809912038008B05
:10BF0000069007993A9802E046E160E0D0E005919A
:10BF100004903C980290044A179929A0039100903C
:10BF2000103A51E0EC000020021500202C280020DF
:10BF30004944435F494E43004944435F44454300FD
:10BF40004E554C4C000000005644435F494E4300A0
:10BF50005644435F444543004944435F4C4F5700B8
:10BF60004944435F48494748000000005644435F46
:10BF70004C4F57005644435F484947480000000073
:10BF80002001002025630000252E327800000000EB
:10BF9000252E34780000000080842E41252E38782C
:10BFA00000000000800C0808AE00002000408F4018
:10BFB000B4000020B80000206C070000D001002071
:10BFC00050532D4342000000F249399BE0E00088C5
:10BFD000ECF79CF80022F04BEBF7E4FF02900391A2
:10BFE000052001210007EDF7EFFF0690EB48EC4933
:10BFF000008B096800F072FA0490EA480591006825
:10C00000ECF7CAF83A90E64807910068ECF7C4F8F4
:10C010003C901791E448EBF7B8FD239A2599401915
:10C02000844620921E91229B2498E049279A2193CE
:10C030001F90511826981C91DD491D90086A496A85
:10C040001B911A90DA492E9A8869C969199118903A
:10C050002D9B2F983099149013911592D349329AB1
:10C0600031985118169312901191D24810970F944D
:10C0700040780E90029803990C900D91CC48069947
:10C0800080790A9004980B91059908900991C3480A
:10C090000799008B06903A98059104903C9802907D
:10C0A00017990391C4480090C44AC549399B6FE071
:10C0B0000088ECF72BF80022B74BEBF773FF0290E8
:10C0C0000391052001210007EDF77EFF0690B3489C
:10C0D000B349008B096800F001FA0490B14805915A
:10C0E0000068ECF759F83A90AD4807910068ECF712
:10C0F00053F83C901791AC48EBF747FD239A2599EC
:10C100004019844620921E91229B2498A749279A81
:10C1100021931F90511826981C91A5491D90086ADB
:10C12000496A1B911A90A2492E9A8869C969199186
:10C1300018902D9B2F9830991490139115929B492C
:10C14000329A31985118169312901191994810977C
:10C150000F9440780E90029803990C900D9194489A
:10C16000069980790A9004980B9105990890099195
:10C170008A480799008B06903A98059104903C985C
:10C180001799029003918C488C4A8E49399B0090F4
:10C190006046F5F7AFFA5FE00088EBF7B7FF0022E3
:10C1A0007D4BEBF7FFFE0290039105200121000774
:10C1B000EDF70AFF06907B480068EBF7EDFF04906F
:10C1C000774805910068EBF7E7FF1E9013917648DA
:10C1D000EBF7DBFC4019844625992498229B239A8F
:10C1E0001D931C921A917149279A1B90511818910E
:10C1F00026986F491990086A496A17916C491690F8
:10C200008869C969159114902E9A2F982D9B3099A1
:10C210000F9111926549329A1090511831981293EA
:10C220000E900D9163480C970B9440780A900399F7
:10C230000298089009915E480699807907910690C6
:10C240001E98029013995C48039100905B4A5E49E6
:10C250006046399BF5F74EFA707E01287ED1307822
:10C26000747AB77A012804D1142F02DB1427002630
:10C2700001E000267EE0641E00D52034A000534972
:10C2800001904018806C0CA9F3F7BAFF4F49019850
:10C29000803940180068010C80B202903F4800913C
:10C2A000008B0190002838D0000A022835D80846B3
:10C2B000EBF711FF4649EBF71DFD0146019800F031
:10C2C0000DF9049005910298EBF720FF0022324B04
:10C2D000EBF768FE029003910098EBF717FF00223E
:10C2E0002D4BEBF75FFE009001912F48EBF74DFCD3
:10C2F000401984460D9A0F980E9908900C9B09A836
:10C300000EC0119A29491098511806910790721C75
:10C3100030A16046F5F7EEF92AE00298EBF7F6FE59
:10C3200000221D4BEBF73EFE029003910098EBF7C5
:10C33000EDFE0022184BEBF735FE009001911A48F4
:10C34000EBF723FC401984460F980E9906900C9B3E
:10C350000D9A07A80EC01549119A00E00DE051187A
:10C36000109804910590721C28A16046F5F7C2F957
:10C37000761CF6B2BE4200DA7DE731A10A48EBF73F
:10C38000CDFB0948EBF701FC3B99401A2D49088089
:10C3900019E50000902B020800408F40CC000020DF
:10C3A000B4000020B80000202C2800206C070000FA
:10C3B00020010020D0010020C0BF0108F21400209D
:10C3C000502A020804290208D02C0208800C080810
:10C3D00000007A442C222564223A5B252E33662CF9
:10C3E000252E33662C252E32662C2225642D2530F1
:10C3F00032642D2530326454253032643A2530328F
:10C40000643A253032645A225D0000002C222564F3
:10C41000223A5B252E33662C252E33662C2225648A
:10C420002D253032642D2530326454253032643A63
:10C43000253032643A253032645A225D0000000013
:10C440007D0000000C020020F0B509218BB009022C
:10C450001948EBF758FB19480088EBF757FE002204
:10C46000174BEBF79FFD064616480F460068EBF7A3
:10C4700093FE044614480D460068EBF78DFE0B460C
:10C4800012490246086A496A099110490890886968
:10C49000C969069007910E480E49407800940490AF
:10C4A00001ACE0C40448F5F725F90348EBF76DFB50
:10C4B000094908800BB0F0BD2C280020AE000020F8
:10C4C00000408F40B8000020B40000202001002070
:10C4D000D0010020E82D02080C020020F8B5024629
:10C4E0000020130A81270C46FF05061F0146D2B221
:10C4F000002B31D0C04D012B44D0022B71D1BC4256
:10C500007EDD012A59D0BD4F022A6BD0032A6AD0A2
:10C51000042A69D0BA4E052A67D0062A71D0072AA4
:10C5200070D0082A6FD0092A6ED00A2A6DD00B2A43
:10C530006CD00C2A64D100222B4610461146EBF732
:10C540003FFE204677D8EBF727FE0022AD4BEBF7F6
:10C55000B3FC0022AC4BC6E0BC4251DD1046642166
:10C560004843EBF7D3FD3246EBF794FD05460E4604
:10C570002046EBF711FE0022A24BEBF79DFC334661
:10C580002A46B0E0BC423BDD012A20D0022A2DD051
:10C590009E4E032A3BD0042A43D0052A4CD0062ABB
:10C5A00054D0072A5CD0082A64D0092A6CD00A2A01
:10C5B0007BD00B2A7AD00C2A22D12046EBF7ECFD57
:10C5C0000022904BEBF778FC0022914B8BE0204649
:10C5D000EBF7E2FD00228B4BEBF76EFC8D4A8E4BA6
:10C5E00081E00DE082E087E090E099E02046EBF703
:10C5F000D3FD0022834BEBF75FFC3246EBF74AFD9D
:10C60000F8BD93E09CE0A5E0AEE0B7E0D0E02046C6
:10C61000EBF7C2FD00227B4BEBF74EFC32467F4B23
:10C6200061E02046EBF7B8FD0022764BEBF744FCC7
:10C6300000227B4B57E0D5E02046EBF7ADFD002212
:10C64000704BEBF739FC0022764B4CE02046EBF7C1
:10C65000A3FD00226B4BEBF72FFC0022724B42E054
:10C660002046EBF799FD0022664BEBF725FC0022F4
:10C670006E4B38E02046EBF78FFD0022614BEBF765
:10C680001BFC32466A4B2EE000222B461046114618
:10C69000EBF796FD20460AD8EBF77EFD0022594BBA
:10C6A000EBF70AFC3246634B1DE009E012E0EBF7C2
:10C6B00073FD00222B46EBF7FFFB32465E4B12E088
:10C6C0002046EBF769FD00224E4BEBF7F5FB00220D
:10C6D0005A4B08E02046EBF75FFD0022494BEBF791
:10C6E000EBFB0022564BEBF7F5FB89E72046EBF717
:10C6F00053FD0022434B56E02046EBF74DFD002250
:10C70000404BEBF7D9FB00224E4BECE72046EBF712
:10C7100043FD00223B4BEBF7CFFB00224A4BE2E705
:10C720002046EBF739FD0022364B5FE02046EBF761
:10C7300033FD0022334BEBF7BFFB0022434BD2E724
:10C740002046EBF729FD00222E4BEBF7B5FB00222C
:10C750003F4BC8E72046EBF71FFD0022294BEBF7C4
:10C76000ABFB00223B4BBEE72046EBF715FD00225A
:10C77000244BEBF7A1FB0022374BB4E700222B46FA
:10C7800010461146EBF71CFD204608D8EBF704FDD8
:10C7900000221C4BEBF790FB0022304BA3E7EBF79A
:10C7A000FBFC00222B46EBF787FB00223B469AE777
:10C7B00000222B4610461146EBF702FD204608D812
:10C7C000EBF7EAFC00220F4BEBF776FB0022244B41
:10C7D00089E7EBF7E1FC00222B46EBF76DFB00222B
:10C7E000204B80E7EBF7D8FC00222B46EBF764FBED
:10C7F0000022334677E7000000002840000029406F
:10C8000000405F400000104000405FC09A99999935
:10C8100000001940333333333333A33F9999B93F81
:10C820000000C43F0000E43F0000044000000E4050
:10C83000999979BF999989BF9999893F0000D43F07
:10C840000000094000C0324000404F400070674087
:10C8500000406F400088734000888340000029C07A
:10C86000000039C00000394010B51248F4F732FF1B
:10C8700011480078012806D0022806D0032806D0E7
:10C88000042806D008E00DA004E00EA002E00FA0EE
:10C8900000E010A0F4F71EFF07484C38007901288B
:10C8A00002D10EA0F4F716FF012149021048EBF760
:10C8B0002AF910BD90270208EC000020434F415098
:10C8C0000D0A00005544500D0A0000004D5154540B
:10C8D0000D0A00005443500D0A00000064726167A5
:10C8E000696E6F5F363630315F6F74610D0A00001C
:10C8F000601F0020F0B5574AC00199B08018089019
:10C90000C8015449544F80314018544C099099E063
:10C91000014653A0F4F7DEFE00200BA9089A126826
:10C920008300CA50089A401C121D08920228F5DBA9
:10C930000DA90B98F3F764FC0C98000C0A900C9866
:10C9400085B20B98002877D096214448EBF7DBF8A6
:10C950002846EBF7DBFB0022434BEBF723FB0546B6
:10C960000E460A98EBF7D2FB00223F4BEBF71AFB7F
:10C9700004AA63C20DAE0FCE019203900291129AE7
:10C9800000933AA13548643A119BF4F7B3FE3D8B0E
:10C99000002D46D0280A022843D8290A04D00128AD
:10C9A00016D0022828D03CE00A98EBF794FB3D49CA
:10C9B000EBF7A0F901462846FFF790FD05460E4625
:10C9C0002648EBF7E2F800192A46334636A126E05E
:10C9D0000A98EBF780FB3349EBF78CF901462846C0
:10C9E000FFF77CFD05460E461C48EBF7CEF8001914
:10C9F0002A46334631A112E00A98EBF76CFB29492D
:10CA0000EBF778F901462846FFF768FD05460E4624
:10CA10001248EBF7BAF800192A4633462BA1F4F76F
:10CA200069FE0E48EBF7B1F8001930A1F4F762FE89
:10CA30000A492FA0F4F74EFE2EA0F4F74BFE00207B
:10CA40000B900C9009990898884200D260E7012069
:10CA500019B0F0BD008B0208CC000020B81D0020EA
:10CA6000253058200000000000408F4025642F250D
:10CA7000642F256420253032643A253032643A250B
:10CA8000303264206964635F696E7075743D252E71
:10CA90003366207664635F696E7075743D252E334E
:10CAA0006600000000007A442077617465725F645C
:10CAB0006565703A252E33660000000020707265AF
:10CAC00073737572653A252E3366000020646966BB
:10CAD000666572656E7469616C5F7072657373759B
:10CAE00072653A3A252E3366000000000D00000002
:10CAF000257300000A0D0000F0B59BB00F4601241D
:10CB00000890A6E0214656A0F4F7E4FD554A564B9E
:10CB100000200BA9089D2D6886008D51089D2D1DB4
:10CB20000895954200D30893401C0228F2DB0DA91A
:10CB30000B98F3F765FB0C98000C09900C9885B2E4
:10CB40000B9800287DD096214848EAF7DCFF28465C
:10CB5000EBF7DCFA0022464BEBF724FA05460E46CB
:10CB60000998EBF7D3FA0022414BEBF71BFA0A4680
:10CB700004A965C10DAE0FCE019203900291129AE5
:10CB800000933CA13948643A119BF4F7B3FD474840
:10CB9000058B002D49D0280A022846D8290A04D03E
:10CBA000012817D002282AD03FE00998EBF793FA22
:10CBB0003F49EBF79FF801462846FFF78FFC0546F3
:10CBC0000E462A48EAF7E1FF2849334640182A462C
:10CBD00038A128E00998EBF77EFA3549EBF78AF897
:10CBE00001462846FFF77AFC05460E461F48EAF73D
:10CBF000CCFF1E492A464018334633A113E009985A
:10CC0000EBF769FA2A49EBF775F801462846FFF772
:10CC100065FC05460E461548EAF7B7FF13492A4654
:10CC2000401833462CA1F4F765FD1048EAF7ADFF34
:10CC30000E49401830A1F4F75DFD0C492FA0F4F720
:10CC400049FD2FA0F4F746FD0020641C0B90A4B210
:10CC50000C90BC4200D855E701201BB0F0BD00008D
:10CC60002564200080E90208808B0208B81D00209E
:10CC700000408F4025642F25642F25642025303205
:10CC8000643A253032643A25303264206964635F47
:10CC9000696E7075743D252E3366207664635F6916
:10CCA0006E7075743D252E3366000000CC000020A8
:10CCB00000007A442077617465725F646565703A3C
:10CCC000252E336600000000207072657373757244
:10CCD000653A252E336600002064696666657265D4
:10CCE0006E7469616C5F70726573737572653A3AE0
:10CCF000252E3366000000000D00000025730000A3
:10CD00000A0D0000024B1860080410435860704779
:10CD10006C00002010B5204C2069002804DAF3F7DD
:10CD2000C1FD01461DA02EE02069400004D5F3F7A7
:10CD3000B9FD014621A026E02069800004D5F3F763
:10CD4000B1FD014626A01EE02069C00004D5F3F71E
:10CD5000A9FD01462DA016E02069000104D5F3F7D6
:10CD6000A1FD014631A00EE02069400104D5F3F792
:10CD700099FD014634A006E02069800105D5F3F74E
:10CD800091FD014637A0F4F7A5FC20690121C905F2
:10CD90000843206110BD0000401002405B25755D16
:10CDA0007265626F6F74206572726F723A4C6F7742
:10CDB0002D706F776572210D0A0000005B25755D8F
:10CDC0007265626F6F74206572726F723A57696E26
:10CDD000646F77207761746368646F67210D0A0060
:10CDE0005B25755D7265626F6F74206572726F721C
:10CDF0003A496E646570656E64656E74207761741F
:10CE00006368646F67210D0A000000005B25755D93
:10CE10007265626F6F74206572726F723A536F66DB
:10CE20007477617265210D0A000000005B25755D55
:10CE30007265626F6F74206572726F723A504F52F2
:10CE40002F504452210D0A005B25755D7265626F9B
:10CE50006F74206572726F723A4E525354210D0AEC
:10CE6000000000005B25755D7265626F6F74206560
:10CE700072726F723A424F52210D0A0030B587B07C
:10CE800014216846EAF73FFE1C48C26A01210A43A2
:10CE9000C262C06A0C03084000940590002005257A
:10CEA00001912D07029069462846ECF7CBFF00223E
:10CEB00021462846EDF795F8FF202D30ECF712FEBD
:10CEC000012221462846EDF78CF8C820ECF70AFE2F
:10CED0000B490CA0F4F7FEFB3220ECF703FE002216
:10CEE00021462846EDF77DF8C820ECF7FBFD01222E
:10CEF00021462846EDF775F807B030BD0010024016
:10CF0000F214002041542B4E414D4525730D0A006B
:10CF100070B500240546264606E0285D0D2801D0A0
:10CF20000A2800D12E55641C2846EAF72EFEA0429E
:10CF3000F3D8284670BD0000F1B5FF488EB00078E8
:10CF4000FE4C264625462C3E203501280AD03421A9
:10CF50006846EAF7D8FD0E98EAF717FE32287DD921
:10CF60003227E4E2F6A10E98EAF7E4FD002876D035
:10CF7000DC21F448EAF7C7FDF3A10E98EAF7DAFDE1
:10CF800007460A21EAF7F7FDC21B39460E31ED4884
:10CF9000103AEAF79FFDEB484621FC300746EAF7D6
:10CFA000B2FDE848EAF7F1FD0246E6493846EAF7FD
:10CFB00091FDDC21E348EAF7A6FDE7A10E98EAF728
:10CFC000B9FD07460A21EAF7D6FDC21B39460C31E6
:10CFD000DC480E3AEAF77EFDE34881210746EAF78E
:10CFE00092FDD848EAF7D1FD0246D6493846EAF71D
:10CFF00071FDDC21D348EAF786FDDCA10E98EAF743
:10D0000099FD07460A21EAF7B6FDC21B39460B31E6
:10D01000CC480D3AEAF75EFDD348812181300746BE
:10D02000EAF771FDC748EAF7B0FD0246C549384640
:10D03000EAF750FDDC21C348EAF765FDCEA10E9862
:10D04000EAF778FD07460A21EAF795FDC21B394643
:10D050000931BC480B3AEAF73DFD01E063E221E209
:10D06000C848C9210746EAF74EFDB648EAF78DFDE4
:10D070000246B4493846EAF72DFDDC21B148EAF70B
:10D0800042FDC1A10E98EAF755FD07460A21EAF7CD
:10D0900072FDC21B39460E31AA48103AEAF71AFD52
:10D0A000B8488121C9300746EAF72DFDA548EAF7BF
:10D0B0006CFD0246A3493846EAF70CFDDC21A14885
:10D0C000EAF721FDB4A10E98EAF734FD07460A21DC
:10D0D000EAF751FDC21B39460E319A48103AEAF779
:10D0E000F9FCB14881210746EAF70DFD9548EAF7BA
:10D0F0004CFD024693493846EAF7ECFCDC219148A6
:10D10000EAF701FDA9A10E98EAF714FD07460A21E6
:10D11000EAF731FDC21B394609318A480B3AEAF772
:10D12000D9FC8848EAF79CFDA060DC218548EAF735
:10D13000EAFCA1A10E98EAF7FDFC07460A21EAF7EE
:10D140001AFDC21B394609317E480B3AEAF7C2FC88
:10D150008548292129380746EAF7D5FC7948EAF7B6
:10D1600014FD024677493846EAF7B4FCDC217548DD
:10D17000EAF7C9FC93A10E98EAF7DCFC07460A21FE
:10D18000EAF7F9FCC21B394609316E480B3AEAF757
:10D19000A1FC6C490878303828708878DC21303858
:10D1A00028756848EAF7AFFC89A10E98EAF7C2FC37
:10D1B00007460A21EAF7DFFCC21B39460D316148F8
:10D1C0000F3AEAF787FC5F48EAF74AFD6871DC210D
:10D1D0005C48EAF798FC82A10E98EAF7ABFC074698
:10D1E0000A21EAF7C8FCC21B39460B3155480D3AF3
:10D1F000EAF770FC5348EAF733FDE8712C215148F7
:10D20000EAF7B9FC2C21EAF7B6FC401CEAF728FD46
:10D210002872DC214B48EAF776FC74A10E98EAF7F5
:10D2200089FC07460A21EAF7A6FCC21B39460A31E7
:10D2300044480C3AEAF74EFC4248EAF711FDA8715F
:10D24000DC214048EAF75FFC6BA10E98EAF772FC1C
:10D2500007460A21EAF78FFCC21B39460C313948D0
:10D260000E3AEAF737FC3748EAF7FAFC002800D014
:10D27000012068752C213348EAF77DFC2C21EAF760
:10D280007AFC401CEAF7ECFCE875DC212D48EAF753
:10D290003AFC5DA10E98EAF74DFC05460A21EAF733
:10D2A0006AFC421B29460A3126480C3AEAF712FC6E
:10D2B0002448EAF7D5FC57490870DC212148EAF7F1
:10D2C00022FC55A10E98EAF735FC05460A21EAF73B
:10D2D00052FC421B29460C311A480E3AEAF7FAFB77
:10D2E0001848EAF7BDFC50490870DC211548EAF7F8
:10D2F0000AFC4EA10E98EAF71DFC05460A21EAF742
:10D300003AFC421B29460A310E480C3AEAF7E2FB86
:10D310000C48EAF7A5FCE087DC210A48EAF7F3FBB2
:10D3200045A10E98EAF706FC04460A21EAF723FC19
:10D33000021B21460B3185E00A020020CC000020B0
:10D340000A0000001614002041542B534552564148
:10D35000444452223A22000041542B434C49454E4A
:10D3600054223A2200000000DC15002041542B55C5
:10D370004E414D45223A220041542B505744223A07
:10D3800022000000DE16002041542B505542544F1D
:10D39000504943223A22000041542B535542544FE6
:10D3A000504943223A2200002818002041542B54AF
:10D3B0004443223A2200000041542B41504E223A6D
:10D3C0002200000041542B50524F223A220000000C
:10D3D00041542B43535154494D45223A22000000F9
:10D3E00041542B424B444E53223A220041542B4786
:10D3F000444E53223A22000041542B544C534D4F7B
:10D4000044223A220000000041542B4D514F532238
:10D410003A2200009A00002041542B4950545950A0
:10D4200045223A22000000009B00002041542B4777
:10D43000544443223A22000041542B474E53535444
:10D44000223A2200E8480D3AEAF744FBE648EAF7B8
:10D4500007FCE6490880DC21E348EAF754FBE4A135
:10D460000E98EAF767FB04460A21EAF784FB021BE1
:10D4700021460931DC480B3AEAF72CFBDA48EAF797
:10D48000EFFBDE490870F7F7CFFEDDA1D648EAF7DB
:10D4900051FB00282BD0F3F705FA0146D9A0F4F789
:10D4A00019F9ACE00024E54D17E0285D3B282AD0AF
:10D4B000E248EAF76AFB401EA04202D1285D5D28DF
:10D4C00021D0285D7B2806D07D2804D0DC4A7179E4
:10D4D0005054491C7171641CA4B2D848EAF755FB3A
:10D4E000A042E2D8B078002801D0F7F79DFE0020D6
:10D4F000B070D449F070087001218902CF48EAF772
:10D5000002FB0FB0F0BD0127F770CD48EBF74CFBE5
:10D51000002801D1B770B771FF21C948EAF7F3FAC3
:10D5200000207071D7E70E98EAF72FFBC7B20E986C
:10D53000FFF7EEFC3A4668460E99F2F7F9FD0E98B1
:10D54000EAF723FB6946C0050978000E08297DD05B
:10D5500008DCBD4A0B00F4F710F9081315272E4C10
:10D5600013546113322972D006DC092970D01329B3
:10D570006FD0312904D1F0E0F8296BD0F9296AD0B5
:10D58000B2A01DE10428BCD169464878897800041E
:10D59000090208436946C978B44A084301463C3940
:10D5A0009142AED8A060FBE00228AAD1684641783B
:10D5B000AF480170F4E00628A3D1684640780028FF
:10D5C00001D0012600E00026694648880B79E12752
:10D5D00040BA49793F01B84201D39042E3D12029B2
:10D5E000E1D86E7660872B71A972A249002008707D
:10D5F000D6E0022885D168464078FF2881D1F4F72B
:10D6000007F904280CD16846C07803282BD830309D
:10D61000E0713038C0B2EBF78BFCC1E0042822D0B7
:10D620000528B0D169468878C97800040902084302
:10D630006946097908439049884200D908466946F5
:10D640004978012913D0022919D005E024E0AAE085
:10D650002CE080E0B7E0BEE0032994D16061904205
:10D6600015D1012114E06846408840BAE7E7E06040
:10D67000002802D0002101200BE00121FBE72061FE
:10D68000904201D1012100E00021022001E00021AF
:10D690000320F2F753FA83E0032886D168468178A5
:10D6A00042780802104340BA208379E0734F744CEB
:10D6B000082834D00A289DD168464578032D99D191
:10D6C0000379012B00D91CE7C279012AFBD84088D5
:10D6D00046BA684681794079090201436846008963
:10D6E00049BA40BAB942EED8664FB842EBD8657134
:10D6F000E6802373218162736081F7F795FD60797D
:10D70000002824D0E188002921D07D20C000414399
:10D710005D48F3F741F95C48F3F750F9F1E66846E4
:10D720004278022AFAD8408843BA6846808841BACB
:10D730006846C088B94240BAF0D8524DA842EDD8E8
:10D740006271E38021816081F7F76EFDDAE74E4870
:10D75000F3F76CF9D5E602281CD00928DED16D4616
:10D76000681CEAF773FA00BA040A684600792402D2
:10D770000443681DF461EAF769FA00BA010A6846D1
:10D78000007A0902014331628C4200D934620120DF
:10D790007070B6E668464078411E1D29BED8687193
:10D7A000F7F742FDADE60228B8D168464078002878
:10D7B000B4D1364C2046EBF7E5FC3548046035A083
:10D7C000F3F788FF9DE60228A8D168464078012833
:10D7D000A4D1394906E00228A0D168464078012842
:10D7E0009CD1364908708CE6161400209E0000205B
:10D7F00041542B475053223A220000009C00002045
:10D8000041545A005B25755D5265736574207468D8
:10D81000652064657669636520616674657220724F
:10D820006563656976696E672074686520646F77E3
:10D830006E6C696E6B2E2E2E0D0A00002C310020AE
:10D84000AE1C00200A020020FFFF0000446F776E2C
:10D8500073747265616D20706172616D657465725B
:10D86000206572726F720D0A00000000C3FFFF0096
:10D870009A000020A401002020BF0200204E0000DA
:10D880000C0100203075000048050020808B020844
:10D8900054000020436C65617220616C6C207374CD
:10D8A0006F7265642073656E736F7220646174615A
:10D8B0002E2E2E0D00000000980000209700002062
:10D8C000F8B50B4800214172ECF766F9094F0024C6
:10D8D000084EC837A500A819ECF716F9E819ECF7B7
:10D8E00013F9641CE4B2202CF4D3ECF721F9F8BD51
:10D8F000EC000020000C080810B50E4900200E4A6C
:10D90000487283009B189B6C002B0BD0401CC0B24C
:10D910002028F6D3002083009C18A36CE46CA3425B
:10D9200002D3401C487210BD401CC0B22028F2D364
:10D9300010BD0000EC000020800C0808F0B53B484A
:10D940003B4F447A95B00025202C00D30024A10041
:10D95000C819866C002E60D03548803808180068D9
:10D96000011400B20590314803912038018B0091D9
:10D9700000292CD0080A022829D80398EAF7A0FB2E
:10D980002C49EAF7B7F901460098FEF7A7FD029087
:10D9900004910598EAF7A6FB0022274BEAF702FB61
:10D9A000009001910398EAF79DFB0022224BEAF7D1
:10D9B000F9FA0246049B029804901C48059320380B
:10D9C000008B02900B461DA0F3F784FE14E005982F
:10D9D000EAF788FB0022184BEAF7E4FA009001917D
:10D9E0000398EAF77FFB0022134BEAF7DBFA0246C3
:10D9F0000B4619A0F3F76EFE06A93046F2F700FCBD
:10DA000006AB07CB0191029017480B9900920918B9
:10DA100016A0099B0A9AF3F75DFE641C6D1CEDB21B
:10DA2000E4B2202D90D315B0F0BD0000EC00002032
:10DA3000800C080800007A4400408F407B252E337C
:10DA400066206D412C252E336620562C25303478E7
:10DA50002C252E32660000007B252E3366206D417A
:10DA60002C252E33662056006C0700002C25642FD1
:10DA7000253032642F2530326420253032643A2537
:10DA80003032643A253032647D0D0A0070B5154C91
:10DA9000607A202801D30020607212484C38018A35
:10DAA00080890D040543ECF777F8607A0E49800011
:10DAB00041182A460220ECF745F8ECF739F8ECF764
:10DAC0006BF80848084934308268607AC8318000B1
:10DAD00041180220ECF736F8ECF72AF8607A401C7F
:10DAE000607270BDEC000020000C080810B5002129
:10DAF0000A4604E0202B01D04354491C521C835C8D
:10DB0000002BF7D10022425410BD0000F3B581B0C4
:10DB100006460025EFF3108472B6ECF7C5F80E4FF9
:10DB20000DE00298A900425831460220ECF79EF819
:10DB300000280CD084F3108808A0F3F7CBFDBE4278
:10DB4000EFD3ECF785F884F310883046FEBD6D1CEA
:10DB5000361D022DF3D1F4E780E902086572726F79
:10DB60007220696E20466C61736820577269746513
:10DB7000206F7065726174696F6E0A0D000000009D
:10DB8000F0B5FFB082B00121490201A8E9F7BBFF5F
:10DB900000252C4601AF1B4E13E07F2C0DD87019C9
:10DBA0000090EAF753F800BA010A00980902C07819
:10DBB0000143A00039507F2C08D02D1D641CADB24C
:10DBC000A4B21048E9F7E1FFA842E6D80E4C207F46
:10DBD00013280CD80D4D400240190421EBF7A6FA8A
:10DBE000207F80224002401901A9EBF72FFB207F04
:10DBF000401CC0B22077142801D1002020777FB0CC
:10DC000002B0F0BD601F0020EC000020005E0208A2
:10DC100070B504461848C07B01282CD11748E9F795
:10DC2000B4FF05462046E9F7B0FF2818FF25FF3569
:10DC3000AE1CA84205D9FFF7A3FF31460F48E9F70C
:10DC400062FF0F48E9F7A1FFA84214D80B48E9F793
:10DC50009CFF0A49224640180AA1F3F74BFD0A4CE3
:10DC6000E079002807D0FFF78BFF31460348E9F73A
:10DC70004AFF0020E07170BD0C010020601F0020F1
:10DC8000D962010825730000A00100201CB5002105
:10DC900000910AA06B46019107E002781446303CDF
:10DCA000092C02D85A54491CC9B20278401C002AD7
:10DCB000F3D11846E9F7D4FF80B21CBD76312E327D
:10DCC0002E3000000FB410B504AA039900F004F838
:10DCD00010BC08BC04B01847F7B5FFB091B00D46B2
:10DCE0000646E9F752FF0790002009900490287833
:10DCF0006D1C002870D0252832D10022082311463F
:10DD0000042428786D1C372840D014DC32283DD0FC
:10DD100008DC00287ED0252822D0302836D03128B3
:10DD200043D133E0332831D034282FD035282DD0BB
:10DD300036283AD12AE064282FD008DC382825D0AC
:10DD4000392823D0442826D058282ED145E06828E9
:10DD500011D06C2817D0752821D0782825D13CE027
:10DD6000079900297EDD3178814235D10798401E20
:10DD7000761C0790BBE72878682801D02143C0E7CC
:10DD800019436D1CBDE701200143BAE70A277A4316
:10DD90001218303AB5E701200143032003E00123C4
:10DDA0000320DB0219430A230493079B002B59DD50
:10DDB00003289CD15C48521E824200D90246521C64
:10DDC000052000030143029200200EAA01910C924B
:10DDD0000D900146029A77E0A4E00123DB020320C4
:10DDE00019431023E0E73478412C17D00DDC22468C
:10DDF0002B3A1300F3F7C1FC0F506A4B6A6A3E3EA0
:10DE00003E3E3E3E3E3E3E3E6A00612C1AD015DC50
:10DE1000224600E081E0423A042A57D8049A0A2AAE
:10DE200054DD0523019A1B039A430192049AD317E8
:10DE3000E9F7B8FDE20F3623DB4312E02246623AEF
:10DE4000042A43D8049A0A2A40DD0523019A1B03B9
:10DE50009A430192049AD317E9F7A4FDE20F5623DF
:10DE6000DB4300E056E00027FF43E3187A41C01887
:10DE700051411BE00523019A1B039A430192049A26
:10DE8000D317E9F78FFDE20F2F23DB43E9E7019A70
:10DE9000920401D401220D92019AD20416D50123D5
:10DEA000019A1B039A435B001A4301920C9A147067
:10DEB0000C9A521C0C92079A521E0792002A05DDFA
:10DEC000029A521E761C0292002A8CD101994904B2
:10DED00028D40C9900220A700D99002900D04042E4
:10DEE0000199C90703D092990A6810600CE0019962
:10DEF000490703D592990A68108005E0019909073E
:10DF0000F1D592990A681070091D09989291401CE8
:10DF10000990ECE60998002801D10020C0437FB0A9
:10DF200014B0F0BD0998FAE7FF010000FEB575488E
:10DF3000007805273F07002811D020213846ECF74C
:10DF400043F8012805D040213846ECF73DF8012878
:10DF500005D13220EBF7C6FD6BA0F3F7BBFB6D4894
:10DF6000ECF77EF8FDF7A8FD6B486C4E00780028B2
:10DF70000CD06B4831460068E9F7BCFE0090694858
:10DF800031460068E9F7B6FE019003E001216846DA
:10DF9000EEF7C8F8644D009868610198A8613146B1
:10DFA0000098E9F76AFEEAF7BFF82C468034A082B1
:10DFB00031460198E9F761FEEAF7B6F8E082012000
:10DFC000EBF7F2F90520EBF78DFD05273F0702215E
:10DFD0003846EBF7F9FFA07410213846EBF7F4FF51
:10DFE000E0740020EBF7E0F92746543FF86800287A
:10DFF00003D000210120F1F7A1FD4C48396981428D
:10E0000003D000210220F1F799FD48487969814247
:10E0100003D000210320F1F791FD43486C30407993
:10E02000022802D0287800280FD131460098E9F75D
:10E0300024FEEAF779F8608031460198E9F71DFE81
:10E04000EAF772F8A080012028703948394E00782C
:10E0500020703078607038480078A071F7F776FF4C
:10E060002082E881EAF752F80022344BE9F79AFF60
:10E0700007460D46F2F716FC01463A462B4630A0FD
:10E08000F3F728FBF2F70EFC0146A27C31A0F3F770
:10E0900021FBF2F707FC0146E27C32A0F3F71AFB02
:10E0A000052001210007EBF78FFF0546F2F7FAFB89
:10E0B00001462A462FA0F3F70DFB0098EAF76CF80B
:10E0C00007460D46F2F7EEFB01463A462B462EA0D8
:10E0D000F3F700FB0198EAF75FF807460D46F2F701
:10E0E000E1FB01463A462B462EA0F3F7F3FA3348FC
:10E0F00011494078E071002008700D4908703070B7
:10E10000FEBD00003300002041542B5057524D32C9
:10E110000D0A0000E00500200D00002000007A44F8
:10E12000580000205C000020A0000020FFFF00003D
:10E1300016000020170000202300002000408F4020
:10E140005B25755D4241543A25302E336620560DCD
:10E150000A0000005B25755D494E313A25640D0AC1
:10E16000000000005B25755D494E323A25640D0ABA
:10E17000000000005B25755D4750494F5F455854CE
:10E18000493A25640D0A00005B25755D4944435FEB
:10E19000496E7075743A25302E3366206D410D0A34
:10E1A000000000005B25755D5644435F496E707545
:10E1B000743A25302E336620560D0A00D001002017
:10E1C000FEB55148EBF74CFFFDF776FC012101A8A5
:10E1D000EDF7A8FF4D4D019868610298A8610120F4
:10E1E000EBF7E2F80520EBF77DFC052002210007A4
:10E1F000EBF7EAFE002800D0012000900520102156
:10E200000007EBF7E1FE002801D0012600E0002620
:10E210000020EBF7C9F83D4C2C34E068002803D00F
:10E2200000210120F1F78AFC394F2069B84203D060
:10E2300000210220F1F782FC6069B84203D000217E
:10E240000320F1F77BFC3148304C6C30407980344E
:10E2500002280ED12F4F01983946E9F70EFDE9F754
:10E2600063FF608039460298E9F707FDE9F75CFF34
:10E27000A080F7F76BFE2082E881E9F747FF0022D4
:10E28000254BE9F78FFE05460C46F2F70BFB0146DE
:10E290002A46234621A0F3F71DFAF2F703FB0146B5
:10E2A00023A0009AF3F716FAF2F7FCFA0146324679
:10E2B00023A0F3F70FFA052001210007EBF784FEF6
:10E2C0000446F2F7EFFA0146224621A0F3F702FADC
:10E2D0000198E9F761FF04460D46F2F7E3FA0146BB
:10E2E00022462B461FA0F3F7F5F90298E9F754FFF1
:10E2F00004460D46F2F7D6FA014622462B4620A0E8
:10E30000F3F7E8F9FEBD0000E0050020A0000020C2
:10E31000FFFF000000007A4400408F405B25755DE0
:10E320004241543A25302E336620560D0A00000033
:10E330005B25755D494E313A25640D0A00000000E9
:10E340005B25755D494E323A25640D0A00000000D8
:10E350005B25755D4750494F5F455854493A2564E0
:10E360000D0A00005B25755D4944435F496E707579
:10E37000743A25302E3366206D410D0A00000000EE
:10E380005B25755D5644435F496E7075743A253060
:10E390002E336620560D0A00F0B55A4C87B0A07C8B
:10E3A000012863D10025A574A07B012601285FD038
:10E3B00002285BD1A6755448E5750676A820EAF7D1
:10E3C0000FFE5248F2F732FB50481438F2F72EFB9A
:10E3D0004E486430F2F72AFB4C487830F2F726FBBF
:10E3E0004A488C30F2F722FB4848A030F2F71EFB77
:10E3F0004648B430F2F71AFB5E2020702046EEF754
:10E400006DF9434F3878002812D0404841492830F0
:10E41000F2F75AFA3D4840492830F2F7BDFA012296
:10E4200051033E48EBF7DDFD38482830F2F7C6FAD5
:10E430002575E67400216846EDF774FE0021084654
:10E44000F1F77CFB0020EAF773FD387800280BD049
:10E450003220EBF747FB32A0F3F73CF96420EBF7EF
:10E4600041FB32A0F3F736F93D70A57307B0F0BD5C
:10E47000A57314216846E9F746FB2E48C16A31436B
:10E48000C162C06A0127C0073F03C00F0097059013
:10E4900005206946019602950007EBF7D3FC05209D
:10E4A000002239460007EBF79CFDC820EBF71AFB6A
:10E4B0000520012239460007EBF793FD1E4913485A
:10E4C000F2F76AFA1148F2F779FAE574A07D0028AC
:10E4D000CCD11A48C0780428C8D10C481438F2F7B7
:10E4E000A5FA0948203881687D20C00041430748CB
:10E4F0001438F2F751FA05481438F2F75FFAE67269
:10E50000B4E7000020000020EC000020940400206C
:10E51000A6010020D5F80008881300000004005070
:10E5200041542B5057524D320D0A0000534C454573
:10E53000500D0A000010024060EA0000D0010020E7
:10E54000C4170208CC170208D8170208FC170208E3
:10E5500010180208EC1702081F1C1F1E1F1E1F1F89
:10E560001E1F1E1F1F1D1F1E1F1E1F1F1E1F1E1FC3
:10E57000F41D02080600000071320108C93B0108C1
:10E58000C93B01082C240208EC1F0208010000000E
:10E59000C93B0108C93B01088D3B0108BC1F0208AB
:10E5A000E41D020805000000D92A0108112B01080A
:10E5B000C93B0108501C0208381E02080600000072
:10E5C000E13E0108C93B01081D3F0108CC260208B5
:10E5D000D01D020806000000C93B0108C93B010824
:10E5E0008D2A01086C270208101D02080600000091
:10E5F000F538010831390108C93B0108A421020896
:10E60000181B020805000000C93B0108C93B0108AE
:10E61000C92D010880250208681E020804000000B8
:10E62000C93B0108C93B0108352E0108F82602083C
:10E630005C1E020809000000B93D0108313E0108D6
:10E64000C93B0108A0260208601F0208070000005D
:10E65000F52701082D280108C93B0108A81C02085C
:10E66000541D0208060000000D4201084542010841
:10E67000C93B0108A82202081C1D02080400000072
:10E6800079380108AD380108C93B01087821020832
:10E69000301C020809000000F53701083138010874
:10E6A000C93B01088C2002083C1C0208090000003C
:10E6B000913F0108CD3F0108C93B0108BC20020879
:10E6C000201C020804000000154001084D4001080C
:10E6D000C93B010838250208201E0208040000007A
:10E6E0003126010865260108C93B0108001E020801
:10E6F000041F020805000000C522010801230108CB
:10E70000C93B010894240208B41F02080400000059
:10E710003923010871230108C93B010804250208B7
:10E72000AC1F0208050000004922010885220108EB
:10E73000C93B0108CC240208301D02080600000075
:10E7400095370108D1370108C93B0108AC230208FD
:10E75000281E020804000000CD3601080537010814
:10E76000C93B0108441A0208EC1D0208050000001C
:10E77000613D01089D3D0108C93B0108D422020802
:10E78000301E020804000000C93B0108B72601083A
:10E79000AD26010818200208F41B0208060000003C
:10E7A00021320108C93B0108C93B0108F01F0208DA
:10E7B000901D02080F000000C93B0108A12F0108AD
:10E7C000C93B01082C270208AC1D02080700000005
:10E7D000592B0108912B0108C93B0108702402083C
:10E7E0006C1D0208080000002D2A0108692A010892
:10E7F000C93B01080C1A0208901E0208060000001E
:10E80000D92B01084D2C0108C93B010888190208C1
:10E81000881E020805000000B12E0108ED2E010837
:10E82000C93B0108C4190208E01C020807000000E7
:10E8300081410108BD410108C93B0108E4190208F2
:10E840009C1E020805000000B9320108ED320108E3
:10E85000C93B0108841F0208DC1D020804000000F7
:10E86000353F01086D3F0108C93B0108002302083C
:10E87000781D020807000000C5310108F9310108C0
:10E88000C93B0108D01B0208101B0208070000004A
:10E89000CD42010805430108C93B0108EC1A0208F2
:10E8A000441B0208070000004D430108854301088E
:10E8B000C93B0108201B0208701B0208070000006A
:10E8C000CD43010805440108C93B01084C1B02085F
:10E8D0009C1B0208070000004D4401088544010804
:10E8E000C93B0108781B0208C81B0208070000008A
:10E8F000CD44010805450108C93B0108A41B0208D5
:10E90000EC1C020807000000F53001083131010855
:10E91000C93B0108881A0208B81D02080B00000054
:10E9200075280108C9280108C93B01083C230208D1
:10E93000C41D020807000000112F0108592F01080B
:10E940004D2F0108F0250208441E02080A000000AD
:10E9500079400108F1400108C93B01081021020873
:10E96000A41D020804000000C93B0108C93B0108BE
:10E97000AD270108D0250208841D02080900000007
:10E98000452D0108812D0108C93B01081426020804
:10E99000E41F020804000000C93B0108C93B01084C
:10E9A000613A010844220208781F020806000000AC
:10E9B000D52F010809300108C93B0108D81E0208FB
:10E9C000C41E020804000000393001086930010843
:10E9D000C93B0108A41E0208281C0208050000000B
:10E9E0008D300108C9300108C93B01086C230208B9
:10E9F000D41C020808000000D53901080D3A0108AE
:10EA0000C93B0108EC200208F81C020809000000BC
:10EA100065310108A1310108C93B01080C1F02083A
:10EA2000481C020804000000CD3B0108413C0108DD
:10EA3000C93B0108D82302080C1C0208070000008B
:10EA4000C93B010855240108C93B0108EC1802081C
:10EA5000001C020808000000C93B01083525010818
:10EA6000C93B0108BC180208141C02080900000078
:10EA7000C93B0108C93B0108B12301082C19020850
:10EA80006C1F020808000000213B01085D3B0108E3
:10EA9000C93B010840200208541E0208060000007D
:10EAA0001533010849330108C93B01085024020805
:10EAB000CC1E020808000000AD290108E529010864
:10EAC000C93B0108D0210208041D02080A00000009
:10EAD000C93B0108C93B0108D1260108F4210208FD
:10EAE0003C1D020808000000C93B0108C93B0108A1
:10EAF0008D4201086C190208701E02080700000010
:10EB000095350108CD350108C93B0108702602087A
:10EB1000541F02080700000091330108C93301089F
:10EB2000C93B0108781C0208601D020809000000AA
:10EB30004936010885360108C93B010874220208DC
:10EB4000241D020807000000153501084D35010895
:10EB5000C93B010844210208481D020809000000C1
:10EB6000113401084D340108C93B0108182202087C
:10EB70007C1E02080700000095340108CD3401080E
:10EB8000C93B010800240208F82802080000000020
:10EB9000000000002C010000ED96010801A0010812
:10EBA00001A00108F8280208FC2802080100000062
:10EBB0002C010000B997010801A0010801A001087B
:10EBC000E8280208FC280208020000002C010000CE
:10EBD000659B0108BD9B010801A00108F8280208F7
:10EBE000FC280208040000002C01000001A001081C
:10EBF00001A00108419D0108F8280208FC2802082C
:10EC0000030000002C01000001A0010801A0010880
:10EC1000B99D0108F8280208FC2802080500000038
:10EC2000F40100004DA601087DA6010841A60108D7
:10EC3000F8280208FC280208060000002C01000049
:10EC4000F59C010801A001088D9C0108F828020824
:10EC5000FC28020807000000F401000011A00108D0
:10EC600041A0010805A00108F8280208FC280208B4
:10EC700008000000F4010000819F0108B19F010815
:10EC8000759F0108F8280208FC2802080900000006
:10EC9000D0070000719A0108299B010801A0010812
:10ECA000F8280208FC2802080A0000002C010000D5
:10ECB000199A010801A0010831990108F8280208F1
:10ECC000FC2802080B0000002C010000D998010864
:10ECD00001A00108F1970108F8280208FC280208A1
:10ECE0000C0000002C0100000D9C01083D9C010857
:10ECF000019C0108F8280208FC2802080D00000009
:10ED00002C01000069A30108ADA3010801A00108BE
:10ED1000F8280208FC2802080E0000002C01000060
:10ED2000319E0108699E010801A00108F828020827
:10ED3000FC2802080F0000002C01000001A00108BF
:10ED400001A00108C59E0108F8280208FC28020855
:10ED5000100000002C0100004DA9010801A00108CD
:10ED6000C5A80108F8280208FC28020811000000C4
:10ED7000F4010000FDA601082DA70108F1A6010875
:10ED8000F8280208FC28020812000000F401000024
:10ED9000D1A7010801A80108C5A70108F8280208A1
:10EDA000FC28020813000000F4010000D5A50108AA
:10EDB00005A60108C9A50108F8280208FC280208D0
:10EDC000140000002C010000D1A2010815A30108C5
:10EDD00001A00108F8280208FC280208150000001C
:10EDE000D00700003DA8010875A8010801A001088E
:10EDF000F8280208FC28020816000000D0070000CE
:10EE000015A201084DA201088DA00108F8280208EA
:10EE1000FC28020817000000E803000005A501080F
:10EE200001A00108E5A30108F8280208FC2802084F
:10EE300018000000F40100005DA501088DA501087F
:10EE400001A00108F8280208FC28020819000000A7
:10EE5000F40100008D700108CD7001088170010877
:10EE6000F8280208FC2802081A000000F40100003B
:10EE70009D710108DD71010891710108F8280208EF
:10EE8000FC2802081B000000F401000015710108B5
:10EE90005571010809710108F8280208FC280208C8
:10EEA0001C000000F4010000A5720108D1720108E5
:10EEB00099720108F8280208FC2802081D000000C9
:10EEC000F4010000457301087173010839730108EA
:10EED000F8280208FC2802081E000000F4010000C7
:10EEE000E573010811740108D9730108F8280208B4
:10EEF000FC2802081F000000F401000085740108CE
:10EF0000B174010879740108F8280208FC28020885
:10EF100020000000F401000025750108517501086A
:10EF200019750108F4280208FC28020821000000D5
:10EF3000F4010000E57601081577010801A0010839
:10EF4000F8280208FC28020822000000E80300005C
:10EF500071770108A177010801A00108F8280208CB
:10EF6000FC28020823000000F4010000B976010823
:10EF700001A00108B9750108F8280208FC28020858
:10EF800024000000F40100000D7001084D7001081C
:10EF900001700108000000000000000025000000D2
:10EFA000000000008178010801A0010801A001080B
:10EFB000D8280208FC28020826000000DC05000012
:10EFC000CD8F0108F98F010801A00108F42802087B
:10EFD000FC28020827000000E80300003D94010817
:10EFE0006994010801A00108F8280208FC28020819
:10EFF00028000000E8030000CD8E0108FD8E010806
:10F0000001A00108F8280208FC28020829000000D5
:10F01000E8030000F19501081D96010801A0010810
:10F02000F8280208FC2802082A000000E803000073
:10F03000499101087591010801A00108F82802080A
:10F04000FC2802082B000000F401000011940108C4
:10F0500001A00108E5910108F8280208FC2802082F
:10F060002C000000F4010000618E0108C18E01082F
:10F0700001A0010800000000000000002D000000B9
:10F08000000000008596010801A0010801A0010808
:10F09000F8280208FC2802082E0000002C010000BD
:10F0A000F58501082186010801A00108F828020859
:10F0B000FC2802082F0000002C01000095860108A2
:10F0C000C186010801A00108F8280208FC280208EE
:10F0D000300000002C01000079850108A585010899
:10F0E00001A00108F8280208FC28020831000000ED
:10F0F0002C010000556E0108816E010801A0010875
:10F10000F8280208FC280208320000002C01000048
:10F11000E16E01080D6F010801A00108F82802083E
:10F12000FC280208330000002C010000716F010868
:10F130009D6F010801A00108F8280208FC280208B8
:10F1400034000000C800000001A001086579010832
:10F1500001A00108F8280208FC2802083500000078
:10F16000B00400003D7C0108697C010801A0010891
:10F17000F8280208FC28020836000000F40100000C
:10F18000CD790108F979010801A00108F8280208E1
:10F19000FC28020837000000F4010000C1820108C9
:10F1A000F182010801A00108F4280208FC280208E5
:10F1B00038000000F4010000C5800108F580010856
:10F1C00001A00108F4280208FC2802083900000008
:10F1D000F4010000297D0108597D010801A0010802
:10F1E000F4280208FC2802083A000000F40100009C
:10F1F000397E0108697E010801A00108F42802088F
:10F20000FC2802083B000000F4010000117F010807
:10F21000417F010801A00108F4280208FC28020827
:10F220003C000000F4010000ED7F01081D80010892
:10F2300001A00108F8280208FC2802083D0000008F
:10F24000E80300009D810108CD81010801A00108AB
:10F25000F8280208FC2802083E000000F401000023
:10F26000A57A0108B17A010801A00108F82802086E
:10F27000FC2802083F000000F4010000D17B0108D7
:10F28000317C010801A00108F8280208FC280208C6
:10F2900040000000F4010000F978010859790108E4
:10F2A00001A0010800000000000000004100000073
:10F2B000000000000184010801A0010801A001086C
:10F2C000D8280208FC28020842000000DC050000E3
:10F2D00099880108C588010801A00108F4280208DE
:10F2E000FC28020843000000E8030000058C010828
:10F2F000458C010801A00108F8280208FC28020832
:10F3000044000000E803000099870108C98701084C
:10F3100001A00108F8280208FC28020845000000A6
:10F32000E8030000698D0108958D010801A001081E
:10F33000F8280208FC28020846000000E803000044
:10F3400091890108BD89010801A00108F828020877
:10F35000FC28020847000000F4010000D98B0108D6
:10F3600001A00108118A0108F8280208FC280208F7
:10F3700048000000A00F00002D8701088D870108BC
:10F3800001A001080000000000000000490000008A
:10F3900000000000F98D010801A0010801A001088A
:10F3A000F8280208FC2802084A000000E8030000D0
:10F3B00061AB010885AB010801A00108F82802082B
:10F3C000FC2802084B000000F401000091AA01088B
:10F3D000B5AA010801A00108F4280208FC280208C7
:10F3E0004C0000002C0100001DAC010841AC0108DC
:10F3F00001A00108F8280208FC2802084D000000BE
:10F400002C01000035AD010859AD010801A001082B
:10F4100000000000000000004E000000000000009E
:10F42000A9AF010801A0010801A00108F8280208FD
:10F4300000000000000000002C010000ED96010813
:10F4400001A0010801A00108F8280208FC28020810
:10F45000010000002C010000B997010801A001087B
:10F4600001A00108E8280208FC28020802000000A8
:10F470002C010000659B0108BD9B010801A001084B
:10F48000F8280208FC280208040000002C010000F3
:10F4900001A0010801A00108419D0108F828020807
:10F4A000FC280208030000002C01000001A0010854
:10F4B00001A00108B99D0108F8280208FC280208EB
:10F4C00005000000F40100004DA601087DA601081A
:10F4D00041A60108F8280208FC28020806000000DE
:10F4E0002C010000F59C010801A001088D9C010879
:10F4F000F8280208FC28020807000000F4010000B8
:10F5000011A0010841A0010805A00108F82802087F
:10F51000FC28020808000000F4010000819F010897
:10F52000B19F0108759F0108F8280208FC2802080D
:10F5300009000000D0070000719A0108299B01080A
:10F5400001A00108F8280208FC2802080A000000AF
:10F550002C010000199A010801A001083199010845
:10F56000F8280208FC2802080B0000002C0100000B
:10F57000D998010801A00108F1970108F8280208AC
:10F58000FC2802080C0000002C0100000D9C010862
:10F590003D9C0108019C0108F8280208FC2802088B
:10F5A0000D0000002C01000069A30108ADA30108B3
:10F5B00001A00108F8280208FC2802080E0000003B
:10F5C0002C010000319E0108699E010801A001087C
:10F5D000F8280208FC2802080F0000002C01000097
:10F5E00001A0010801A00108C59E0108F828020831
:10F5F000FC280208100000002C0100004DA90108A1
:10F6000001A00108C5A80108F8280208FC28020882
:10F6100011000000F4010000FDA601082DA701085B
:10F62000F1A60108F8280208FC28020812000000D0
:10F63000F4010000D1A7010801A80108C5A701082D
:10F64000F8280208FC28020813000000F40100005A
:10F65000D5A5010805A60108C9A50108F8280208D2
:10F66000FC280208140000002C010000D1A20108AF
:10F6700015A3010801A00108F8280208FC280208C7
:10F6800015000000D00700003DA8010875A801087A
:10F6900001A00108F8280208FC2802081600000052
:10F6A000D007000015A201084DA201088DA0010895
:10F6B000F8280208FC28020817000000E8030000F0
:10F6C00005A5010801A00108E5A30108F828020822
:10F6D000FC28020818000000F40100005DA50108E4
:10F6E0008DA5010801A00108F8280208FC280208DD
:10F6F00019000000F40100008D700108CD700108B0
:10F7000081700108F8280208FC2802081A0000008D
:10F71000F40100009D710108DD710108917101087B
:10F72000F8280208FC2802081B000000F401000071
:10F73000157101085571010809710108F8280208BE
:10F74000FC2802081C000000F4010000A57201085A
:10F75000D172010899720108F8280208FC280208F1
:10F760001D000000F40100004573010871730108D9
:10F7700039730108F8280208FC2802081E0000005E
:10F78000F4010000E573010811740108D973010840
:10F79000F8280208FC2802081F000000F4010000FD
:10F7A00085740108B174010879740108F828020809
:10F7B000FC28020820000000F40100002575010863
:10F7C0005175010819750108F4280208FC2802087F
:10F7D00021000000F4010000E5760108157701081A
:10F7E00001A00108F8280208FC28020822000000F5
:10F7F000E803000071770108A177010801A0010862
:10F80000F8280208FC28020823000000F401000088
:10F81000B976010801A00108B9750108F8280208A5
:10F82000FC28020824000000F40100000D7001080B
:10F830004D70010801700108000000000000000088
:10F8400025000000000000008178010801A00108E7
:10F8500001A00108D8280208FC28020826000000A0
:10F86000DC050000CD8F0108F98F010801A0010817
:10F87000F4280208FC28020827000000E803000022
:10F880003D9401086994010801A00108F8280208C4
:10F89000FC28020828000000E8030000CD8E0108C3
:10F8A000FD8E010801A00108F8280208FC280208C2
:10F8B00029000000E8030000F19501081D960108E9
:10F8C00001A00108F8280208FC2802082A0000000C
:10F8D000E8030000499101087591010801A00108A1
:10F8E000F8280208FC2802082B000000F4010000A0
:10F8F0001194010801A00108E5910108F828020807
:10F90000FC2802082C000000F4010000618E0108B0
:10F91000C18E010801A001080000000000000000E5
:10F920002D000000000000008596010801A00108DC
:10F9300001A00108F8280208FC2802082E00000097
:10F940002C010000F58501082186010801A00108AD
:10F95000F8280208FC2802082F0000002C010000F3
:10F9600095860108C186010801A00108F82802084F
:10F97000FC280208300000002C01000079850108F5
:10F98000A585010801A00108F8280208FC28020842
:10F99000310000002C010000556E0108816E010845
:10F9A00001A00108F8280208FC2802083200000023
:10F9B0002C010000E16E01080D6F010801A0010893
:10F9C000F8280208FC280208330000002C0100007F
:10F9D000716F01089D6F010801A00108F828020855
:10F9E000FC28020834000000C800000001A0010843
:10F9F0006579010801A00108F8280208FC2802081E
:10FA000035000000B00400003D7C0108697C01085D
:10FA100001A00108F8280208FC28020836000000AE
:10FA2000F4010000CD790108F979010801A001086D
:10FA3000F8280208FC28020837000000F401000042
:10FA4000C1820108F182010801A00108F42802081E
:10FA5000FC28020838000000F4010000C5800108FD
:10FA6000F580010801A00108F4280208FC2802081A
:10FA700039000000F4010000297D0108597D0108CA
:10FA800001A00108F4280208FC2802083A0000003E
:10FA9000F4010000397E0108697E010801A0010817
:10FAA000F4280208FC2802083B000000F4010000D2
:10FAB000117F0108417F010801A00108F428020814
:10FAC000FC2802083C000000F4010000ED7F010862
:10FAD0001D80010801A00108F8280208FC2802087E
:10FAE0003D000000E80300009D810108CD81010870
:10FAF00001A00108F8280208FC2802083E000000C6
:10FB0000F4010000A57A0108B17A010801A00108FA
:10FB1000F8280208FC2802083F000000F401000059
:10FB2000D17B0108317C010801A00108F8280208F6
:10FB3000FC28020840000000F4010000F9780108E8
:10FB40005979010801A00108000000000000000030
:10FB500041000000000000000184010801A001082C
:10FB600001A00108D8280208FC2802084200000071
:10FB7000DC05000099880108C588010801A001087A
:10FB8000F4280208FC28020843000000E8030000F3
:10FB9000058C0108458C010801A00108F82802081D
:10FBA000FC28020844000000E803000099870108CF
:10FBB000C987010801A00108F8280208FC280208EA
:10FBC00045000000E8030000698D0108958D0108DB
:10FBD00001A00108F8280208FC28020846000000DD
:10FBE000E803000091890108BD89010801A001080E
:10FBF000F8280208FC28020847000000F401000071
:10FC0000D98B010801A00108118A0108F82802080F
:10FC1000FC28020848000000A00F00002D87010802
:10FC20008D87010801A0010800000000000000000D
:10FC30004900000000000000F98D010801A0010842
:10FC400001A00108F8280208FC2802084A00000068
:10FC5000E803000061AB010885AB010801A00108C1
:10FC6000F8280208FC2802084B000000F4010000FC
:10FC700091AA0108B5AA010801A00108F428020808
:10FC8000FC2802084C0000002C0100001DAC0108FB
:10FC900041AC010801A00108F8280208FC2802086C
:10FCA0004D0000002C01000035AD010859AD0108E0
:10FCB00001A0010800000000000000004E0000004C
:10FCC00000000000A9AF010801A0010801A001087F
:10FCD000F828020800000000000000002C010000CD
:10FCE000ED96010801A0010801A00108F82802080A
:10FCF000FC280208010000002C010000B99701084F
:10FD000001A0010801A00108E8280208FC28020857
:10FD1000020000002C010000659B0108BD9B01084A
:10FD200001A00108F8280208FC28020804000000CD
:10FD30002C01000001A0010801A00108419D01085B
:10FD4000F8280208FC280208030000002C0100002B
:10FD500001A0010801A00108B99D0108F8280208C6
:10FD6000FC28020805000000F40100004DA601086F
:10FD70007DA6010841A60108F8280208FC2802080F
:10FD8000060000002C010000F59C010801A00108FC
:10FD90008D9C0108F8280208FC28020807000000D2
:10FDA000F401000011A0010841A0010805A001080C
:10FDB000F8280208FC28020808000000F4010000EE
:10FDC000819F0108B19F0108759F0108F82802086A
:10FDD000FC28020809000000D0070000719A010801
:10FDE000299B010801A00108F8280208FC28020844
:10FDF0000A0000002C010000199A010801A0010866
:10FE000031990108F8280208FC2802080B000000BC
:10FE10002C010000D998010801A00108F197010800
:10FE2000F8280208FC2802080C0000002C01000041
:10FE30000D9C01083D9C0108019C0108F82802085E
:10FE4000FC2802080D0000002C01000069A3010835
:10FE5000ADA3010801A00108F8280208FC28020847
:10FE60000E0000002C010000319E0108699E01086F
:10FE700001A00108F8280208FC2802080F00000071
:10FE80002C01000001A0010801A00108C59E010885
:10FE9000F8280208FC280208100000002C010000CD
:10FEA0004DA9010801A00108C5A80108F828020809
:10FEB000FC28020811000000F4010000FDA6010862
:10FEC0002DA70108F1A60108F8280208FC2802085D
:10FED00012000000F4010000D1A7010801A80108E8
:10FEE000C5A70108F8280208FC2802081300000032
:10FEF000F4010000D5A5010805A60108C9A501085F
:10FF0000F8280208FC280208140000002C01000058
:10FF1000D1A2010815A3010801A00108F8280208D0
:10FF2000FC28020815000000D00700003DA80108C9
:10FF300075A8010801A00108F8280208FC28020899
:10FF400016000000D007000015A201084DA201080C
:10FF50008DA00108F8280208FC28020817000000FC
:10FF6000E803000005A5010801A00108E5A30108B8
:10FF7000F8280208FC28020818000000F40100001C
:10FF80005DA501088DA5010801A00108F828020857
:10FF9000FC28020819000000F40100008D7001081F
:10FFA000CD70010881700108F8280208FC280208B9
:10FFB0001A000000F40100009D710108DD710108C4
:10FFC00091710108F8280208FC2802081B000000B3
:10FFD000F40100001571010855710108097101084B
:10FFE000F8280208FC2802081C000000F4010000A8
:10FFF000A5720108D172010899720108F828020857
:020000040802F0
:10000000FC2802081D000000F401000045730108EF
:100010007173010839730108F8280208FC280208E6
:100020001E000000F4010000E573010811740108CE
:10003000D9730108F8280208FC2802081F000000F4
:10004000F401000085740108B17401087974010895
:10005000F8280208FC28020820000000F401000033
:10006000257501085175010819750108F428020861
:10007000FC28020821000000F4010000E5760108D8
:100080001577010801A00108F8280208FC280208D9
:1000900022000000E803000071770108A177010841
:1000A00001A00108F8280208FC280208230000002B
:1000B000F4010000B976010801A00108B975010832
:1000C000F8280208FC28020824000000F4010000BF
:1000D0000D7001084D70010801700108000000005A
:1000E00000000000250000000000000081780108E9
:1000F00001A0010801A00108D8280208FC28020874
:1001000026000000DC050000CD8F0108F98F0108F2
:1001100001A00108F4280208FC28020827000000BA
:10012000E80300003D9401086994010801A001085A
:10013000F8280208FC28020828000000E803000054
:10014000CD8E0108FD8E010801A00108F8280208E3
:10015000FC28020829000000E8030000F1950108CE
:100160001D96010801A00108F8280208FC280208D1
:100170002A000000E8030000499101087591010878
:1001800001A00108F8280208FC2802082B00000042
:10019000F40100001194010801A00108E591010893
:1001A000F8280208FC2802082C000000F4010000D6
:1001B000618E0108C18E010801A001080000000045
:1001C000000000002D0000000000000085960108DE
:1001D00001A0010801A00108F8280208FC28020873
:1001E0002E0000002C010000F58501082186010881
:1001F00001A00108F8280208FC2802082F000000CE
:100200002C01000095860108C186010801A00108A3
:10021000F8280208FC280208300000002C01000029
:1002200079850108A585010801A00108F8280208C0
:10023000FC280208310000002C010000556E010866
:10024000816E010801A00108F8280208FC280208B4
:10025000320000002C010000E16E01080D6F010862
:1002600001A00108F8280208FC2802083300000059
:100270002C010000716F01089D6F010801A00108A9
:10028000F8280208FC28020834000000C80000001A
:1002900001A001086579010801A00108F8280208F9
:1002A000FC28020835000000B00400003D7C010875
:1002B000697C010801A00108F8280208FC2802084E
:1002C00036000000F4010000CD790108F979010839
:1002D00001A00108F8280208FC28020837000000E5
:1002E000F4010000C1820108F182010801A00108A7
:1002F000F4280208FC28020838000000F40100007D
:10030000C5800108F580010801A00108F428020851
:10031000FC28020839000000F4010000297D0108D2
:10032000597D010801A00108F4280208FC280208F0
:100330003A000000F4010000397E0108697E0108DE
:1003400001A00108F4280208FC2802083B00000074
:10035000F4010000117F0108417F010801A001089C
:10036000F4280208FC2802083C000000F401000008
:10037000ED7F01081D80010801A00108F82802088E
:10038000FC2802083D000000E80300009D810108F0
:10039000CD81010801A00108F8280208FC28020804
:1003A0003E000000F4010000A57A0108B17A0108BE
:1003B00001A00108F8280208FC2802083F000000FC
:1003C000F4010000D17B0108317C010801A0010883
:1003D000F8280208FC28020840000000F401000090
:1003E000F97801085979010801A00108000000000E
:1003F000000000004100000000000000018401082E
:1004000001A0010801A00108D8280208FC28020860
:1004100042000000DC05000099880108C588010839
:1004200001A00108F4280208FC280208430000008B
:10043000E8030000058C0108458C010801A00108B3
:10044000F8280208FC28020844000000E803000025
:1004500099870108C987010801A00108F828020846
:10046000FC28020845000000E8030000698D01082F
:10047000958D010801A00108F8280208FC2802084F
:1004800046000000E803000091890108BD890108C9
:1004900001A00108F8280208FC2802084700000013
:1004A000F4010000D98B010801A00108118A01089C
:1004B000F8280208FC28020848000000A00F0000ED
:1004C0002D8701088D87010801A0010800000000A8
:1004D000000000004900000000000000F98D010844
:1004E00001A0010801A00108F8280208FC28020860
:1004F0004A000000E803000061AB010885AB010879
:1005000001A00108F8280208FC2802084B0000009E
:10051000F401000091AA0108B5AA010801A0010890
:10052000F4280208FC2802084C0000002C010000FE
:100530001DAC010841AC010801A00108F82802081F
:10054000FC2802084D0000002C01000035AD010818
:1005500059AD010801A001080000000000000000E2
:100560004E00000000000000A9AF010801A0010832
:1005700001A00108F82802080000000000000000A7
:100580002C010000ED96010801A0010801A001085E
:10059000F8280208FC280208010000002C010000D5
:1005A000B997010801A0010801A00108E828020884
:1005B000FC280208020000002C010000659B0108D5
:1005C000BD9B010801A00108F8280208FC280208C8
:1005D000040000002C01000001A0010801A0010896
:1005E000419D0108F8280208FC28020803000000C9
:1005F0002C01000001A0010801A00108B99D01081B
:10060000F8280208FC28020805000000F401000098
:100610004DA601087DA6010841A60108F828020898
:10062000FC280208060000002C010000F59C0108CF
:1006300001A001088D9C0108F8280208FC28020886
:1006400007000000F401000011A0010841A001080A
:1006500005A00108F8280208FC280208080000008C
:10066000F4010000819F0108B19F0108759F0108F6
:10067000F8280208FC28020809000000D007000042
:10068000719A0108299B010801A00108F8280208B5
:10069000FC2802080A0000002C010000199A010839
:1006A00001A0010831990108F8280208FC28020875
:1006B0000B0000002C010000D998010801A00108DE
:1006C000F1970108F8280208FC2802080C00000035
:1006D0002C0100000D9C01083D9C0108019C0108B3
:1006E000F8280208FC2802080D0000002C01000078
:1006F00069A30108ADA3010801A00108F8280208B8
:10070000FC2802080E0000002C010000319E0108A8
:10071000699E010801A00108F8280208FC280208C7
:100720000F0000002C01000001A0010801A0010839
:10073000C59E0108F8280208FC28020810000000E5
:100740002C0100004DA9010801A00108C5A801085D
:10075000F8280208FC28020811000000F40100003B
:10076000FDA601082DA70108F1A60108F828020836
:10077000FC28020812000000F4010000D1A70108C3
:1007800001A80108C5A70108F8280208FC280208EA
:1007900013000000F4010000D5A5010805A601081A
:1007A000C9A50108F8280208FC2802081400000066
:1007B0002C010000D1A2010815A3010801A0010825
:1007C000F8280208FC28020815000000D0070000E5
:1007D0003DA8010875A8010801A00108F828020831
:1007E000FC28020816000000D007000015A201082E
:1007F0004DA201088DA00108F8280208FC28020873
:1008000017000000E803000005A5010801A0010889
:10081000E5A30108F8280208FC28020818000000D7
:10082000F40100005DA501088DA5010801A00108E3
:10083000F8280208FC28020819000000F401000052
:100840008D700108CD70010881700108F828020838
:10085000FC2802081A000000F40100009D71010844
:10086000DD71010891710108F8280208FC280208CE
:100870001B000000F401000015710108557101080A
:1008800009710108F8280208FC2802081C00000071
:10089000F4010000A5720108D172010899720108E3
:1008A000F8280208FC2802081D000000F4010000DE
:1008B000457301087173010839730108F8280208AB
:1008C000FC2802081E000000F4010000E573010886
:1008D00011740108D9730108F8280208FC280208DD
:1008E0001F000000F401000085740108B1740108C4
:1008F00079740108F8280208FC280208200000008A
:10090000F4010000257501085175010819750108E9
:10091000F4280208FC28020821000000F40100006D
:10092000E57601081577010801A00108F8280208FA
:10093000FC28020822000000E8030000717701088B
:10094000A177010801A00108F8280208FC28020884
:1009500023000000F4010000B976010801A001089D
:10096000B9750108F8280208FC28020824000000D4
:10097000F40100000D7001084D70010801700108BC
:100980000000000000000000250000000000000042
:100990008178010801A0010801A00108D8280208F7
:1009A000FC28020826000000DC050000CD8F0108AD
:1009B000F98F010801A00108F4280208FC280208A8
:1009C00027000000E80300003D9401086994010835
:1009D00001A00108F8280208FC28020828000000ED
:1009E000E8030000CD8E0108FD8E010801A001087A
:1009F000F8280208FC28020829000000E80300008B
:100A0000F19501081D96010801A00108F8280208C7
:100A1000FC2802082A000000E803000049910108B0
:100A20007591010801A00108F8280208FC280208B5
:100A30002B000000F40100001194010801A001083E
:100A4000E5910108F8280208FC2802082C000000A3
:100A5000F4010000618E0108C18E010801A00108A7
:100A600000000000000000002D0000000000000059
:100A70008596010801A0010801A00108F8280208D4
:100A8000FC2802082E0000002C010000F58501085A
:100A90002186010801A00108F8280208FC280208A4
:100AA0002F0000002C01000095860108C186010876
:100AB00001A00108F8280208FC2802083000000004
:100AC0002C01000079850108A585010801A0010815
:100AD000F8280208FC280208310000002C01000060
:100AE000556E0108816E010801A00108F82802086E
:100AF000FC280208320000002C010000E16E010811
:100B00000D6F010801A00108F8280208FC2802085E
:100B1000330000002C010000716F01089D6F010877
:100B200001A00108F8280208FC280208340000008F
:100B3000C800000001A001086579010801A00108B2
:100B4000F8280208FC28020835000000B004000064
:100B50003D7C0108697C010801A00108F828020811
:100B6000FC28020836000000F4010000CD790108DD
:100B7000F979010801A00108F8280208FC280208F8
:100B800037000000F4010000C1820108F182010871
:100B900001A00108F4280208FC280208380000001F
:100BA000F4010000C5800108F580010801A00108DA
:100BB000F4280208FC28020839000000F4010000B3
:100BC000297D0108597D010801A00108F4280208C7
:100BD000FC2802083A000000F4010000397E0108F8
:100BE000697E010801A00108F4280208FC28020817
:100BF0003B000000F4010000117F0108417F010863
:100C000001A00108F4280208FC2802083C000000AA
:100C1000F4010000ED7F01081D80010801A001081A
:100C2000F8280208FC2802083D000000E803000044
:100C30009D810108CD81010801A00108F828020862
:100C4000FC2802083E000000F4010000A57A01081B
:100C5000B17A010801A00108F8280208FC2802085E
:100C60003F000000F4010000D17B0108317C010845
:100C700001A00108F8280208FC2802084000000032
:100C8000F4010000F97801085979010801A0010870
:100C90000000000000000000410000000000000013
:100CA0000184010801A0010801A00108D828020858
:100CB000FC28020842000000DC05000099880108B9
:100CC000C588010801A00108F4280208FC280208D0
:100CD00043000000E8030000058C0108458C010872
:100CE00001A00108F8280208FC28020844000000BE
:100CF000E803000099870108C987010801A00108DD
:100D0000F8280208FC28020845000000E80300005B
:100D1000698D0108958D010801A00108F8280208D5
:100D2000FC28020846000000E80300009189010841
:100D3000BD89010801A00108F8280208FC28020862
:100D400047000000F4010000D98B010801A0010850
:100D5000118A0108F8280208FC280208480000004F
:100D6000A00F00002D8701088D87010801A0010850
:100D7000000000000000000049000000000000002A
:100D8000F98D010801A0010801A00108F828020856
:100D9000FC2802084A000000E803000061AB0108DB
:100DA00085AB010801A00108F8280208FC28020808
:100DB0004B000000F401000091AA0108B5AA010847
:100DC00001A00108F4280208FC2802084C000000D9
:100DD0002C0100001DAC010841AC010801A0010874
:100DE000F8280208FC2802084D0000002C01000031
:100DF00035AD010859AD010801A00108000000004F
:100E0000000000004E00000000000000A9AF010833
:100E100001A0010801A00108F82802080000000054
:100E2000000000002C010000ED96010801A001085F
:100E300001A00108F8280208FC28020801000000AF
:100E40002C010000B997010801A0010801A00108C8
:100E5000E8280208FC280208020000002C0100001B
:100E6000659B0108BD9B010801A00108F828020844
:100E7000FC280208040000002C01000001A0010869
:100E800001A00108419D0108F8280208FC28020879
:100E9000030000002C01000001A0010801A00108CE
:100EA000B99D0108F8280208FC2802080500000086
:100EB000F40100004DA601087DA6010841A6010825
:100EC000F8280208FC280208060000002C01000097
:100ED000F59C010801A001088D9C0108F828020872
:100EE000FC28020807000000F401000011A001081E
:100EF00041A0010805A00108F8280208FC28020802
:100F000008000000F4010000819F0108B19F010862
:100F1000759F0108F8280208FC2802080900000053
:100F2000D0070000719A0108299B010801A001085F
:100F3000F8280208FC2802080A0000002C01000022
:100F4000199A010801A0010831990108F82802083E
:100F5000FC2802080B0000002C010000D9980108B1
:100F600001A00108F1970108F8280208FC280208EE
:100F70000C0000002C0100000D9C01083D9C0108A4
:100F8000019C0108F8280208FC2802080D00000056
:100F90002C01000069A30108ADA3010801A001080C
:100FA000F8280208FC2802080E0000002C010000AE
:100FB000319E0108699E010801A00108F828020875
:100FC000FC2802080F0000002C01000001A001080D
:100FD00001A00108C59E0108F8280208FC280208A3
:100FE000100000002C0100004DA9010801A001081B
:100FF000C5A80108F8280208FC2802081100000012
:10100000F4010000FDA601082DA70108F1A60108C2
:10101000F8280208FC28020812000000F401000071
:10102000D1A7010801A80108C5A70108F8280208EE
:10103000FC28020813000000F4010000D5A50108F7
:1010400005A60108C9A50108F8280208FC2802081D
:10105000140000002C010000D1A2010815A3010812
:1010600001A00108F8280208FC2802081500000069
:10107000D00700003DA8010875A8010801A00108DB
:10108000F8280208FC28020816000000D00700001B
:1010900015A201084DA201088DA00108F828020838
:1010A000FC28020817000000E803000005A501085D
:1010B00001A00108E5A30108F8280208FC2802089D
:1010C00018000000F40100005DA501088DA50108CD
:1010D00001A00108F8280208FC28020819000000F5
:1010E000F40100008D700108CD70010881700108C5
:1010F000F8280208FC2802081A000000F401000089
:101100009D710108DD71010891710108F82802083C
:10111000FC2802081B000000F40100001571010802
:101120005571010809710108F8280208FC28020815
:101130001C000000F4010000A5720108D172010832
:1011400099720108F8280208FC2802081D00000016
:10115000F401000045730108717301083973010837
:10116000F8280208FC2802081E000000F401000014
:10117000E573010811740108D9730108F828020801
:10118000FC2802081F000000F4010000857401081B
:10119000B174010879740108F8280208FC280208D3
:1011A00020000000F40100002575010851750108B8
:1011B00019750108F4280208FC2802082100000023
:1011C000F4010000E57601081577010801A0010887
:1011D000F8280208FC28020822000000E8030000AA
:1011E00071770108A177010801A00108F828020819
:1011F000FC28020823000000F4010000B976010871
:1012000001A00108B9750108F8280208FC280208A5
:1012100024000000F40100000D7001084D70010869
:10122000017001080000000000000000250000001F
:10123000000000008178010801A0010801A0010858
:10124000D8280208FC28020826000000DC0500005F
:10125000CD8F0108F98F010801A00108F4280208C8
:10126000FC28020827000000E80300003D94010864
:101270006994010801A00108F8280208FC28020866
:1012800028000000E8030000CD8E0108FD8E010853
:1012900001A00108F8280208FC2802082900000023
:1012A000E8030000F19501081D96010801A001085E
:1012B000F8280208FC2802082A000000E8030000C1
:1012C000499101087591010801A00108F828020858
:1012D000FC2802082B000000F40100001194010812
:1012E00001A00108E5910108F8280208FC2802087D
:1012F0002C000000F4010000618E0108C18E01087D
:1013000001A0010800000000000000002D00000006
:10131000000000008596010801A0010801A0010855
:10132000F8280208FC2802082E0000002C0100000A
:10133000F58501082186010801A00108F8280208A6
:10134000FC2802082F0000002C01000095860108EF
:10135000C186010801A00108F8280208FC2802083B
:10136000300000002C01000079850108A5850108E6
:1013700001A00108F8280208FC280208310000003A
:101380002C010000556E0108816E010801A00108C2
:10139000F8280208FC280208320000002C01000096
:1013A000E16E01080D6F010801A00108F82802088C
:1013B000FC280208330000002C010000716F0108B6
:1013C0009D6F010801A00108F8280208FC28020806
:1013D00034000000C800000001A001086579010880
:1013E00001A00108F8280208FC28020835000000C6
:1013F000B00400003D7C0108697C010801A00108DF
:10140000F8280208FC28020836000000F401000059
:10141000CD790108F979010801A00108F82802082E
:10142000FC28020837000000F4010000C182010816
:10143000F182010801A00108F4280208FC28020832
:1014400038000000F4010000C5800108F5800108A3
:1014500001A00108F4280208FC2802083900000055
:10146000F4010000297D0108597D010801A001084F
:10147000F4280208FC2802083A000000F4010000E9
:10148000397E0108697E010801A00108F4280208DC
:10149000FC2802083B000000F4010000117F010855
:1014A000417F010801A00108F4280208FC28020875
:1014B0003C000000F4010000ED7F01081D800108E0
:1014C00001A00108F8280208FC2802083D000000DD
:1014D000E80300009D810108CD81010801A00108F9
:1014E000F8280208FC2802083E000000F401000071
:1014F000A57A0108B17A010801A00108F8280208BC
:10150000FC2802083F000000F4010000D17B010824
:10151000317C010801A00108F8280208FC28020813
:1015200040000000F4010000F97801085979010831
:1015300001A00108000000000000000041000000C0
:10154000000000000184010801A0010801A00108B9
:10155000D8280208FC28020842000000DC05000030
:1015600099880108C588010801A00108F42802082B
:10157000FC28020843000000E8030000058C010875
:10158000458C010801A00108F8280208FC2802087F
:1015900044000000E803000099870108C98701089A
:1015A00001A00108F8280208FC28020845000000F4
:1015B000E8030000698D0108958D010801A001086C
:1015C000F8280208FC28020846000000E803000092
:1015D00091890108BD89010801A00108F8280208C5
:1015E000FC28020847000000F4010000D98B010824
:1015F00001A00108118A0108F8280208FC28020845
:1016000048000000A00F00002D8701088D87010809
:1016100001A00108000000000000000049000000D7
:1016200000000000F98D010801A0010801A00108D7
:10163000F8280208FC2802084A000000E80300001D
:1016400061AB010885AB010801A00108F828020878
:10165000FC2802084B000000F401000091AA0108D8
:10166000B5AA010801A00108F4280208FC28020814
:101670004C0000002C0100001DAC010841AC010829
:1016800001A00108F8280208FC2802084D0000000B
:101690002C01000035AD010859AD010801A0010879
:1016A00000000000000000004E00000000000000EC
:1016B000A9AF010801A0010801A001080000000075
:1016C00000000000010203040607080903040608DD
:1016D0000C1018203000000000010203040000007C
:1016E00004FA97999999D93FAF788E1DC571CC3F6F
:1016F0009FC678D0099AC33F935555555555E53F38
:10170000599322942449D23FDE03CB966446C73FC7
:1017100044523EDF12F1C23F004040404040404052
:1017200040404141414141404040404040404040B4
:101730004040404040404040400502020202020258
:1017400002020202020202020220202020202020A7
:1017500020202002020202020202909090909090BB
:101760001010101010101010101010101010101079
:1017700010101010020202020202888888888888ED
:1017800008080808080808080808080808080808D9
:1017900008080808020202024000000019170208A7
:1017A0001F1C1F1E1F1E1F1F1E1F1E1F00000000CC
:1017B00000000000000000001F1D1F1E1F1E1F1F35
:1017C0001E1F1E1F0D0A4F4B0D0A00000D0A455229
:1017D000524F520D0A0000000D0A41545F50415211
:1017E000414D5F4552524F520D0A00000D0A4154BF
:1017F0005F52585F4552524F520D0A000D0A415434
:101800005F425553595F4552524F520D0A00000036
:101810000D0A41545F544553545F504152414D5F4E
:101820004F564552464C4F570D0A00005B25755DDB
:101830000D0A41542B3C434D443E3F2020202020A4
:101840002020203A2048656C70206F6E203C434D6C
:10185000443E0D0A41542B3C434D443E2020202061
:1018600020202020203A2052756E203C434D443EDB
:101870000D0A41542B3C434D443E3D3C76616C7512
:10188000653E203A20536574207468652076616C4B
:1018900075650D0A41542B3C434D443E3D3F20208D
:1018A00020202020203A2047657420746865207627
:1018B000616C75650D0A0D0A000000004154415429
:1018C0002B504C4454413A205072696E7420746815
:1018D00065206C617374206665772073657473206E
:1018E0006F6620646174610D0A0000004154415428
:1018F0002B504454413A205072696E7420746865CC
:1019000020736563746F7220646174612066726F06
:101910006D207374617274207061676520746F202C
:1019200073746F7020706167650D0A0041544154F3
:101930002B434C524454413A20436C6561722074ED
:1019400068652073746F726167652C207265636FC0
:10195000726420706F736974696F6E206261636B6B
:1019600020746F203173740D0A00000041542B5510
:1019700050475241444520203A204F544120757031
:1019800067726164652E200041542B424B444E53D4
:1019900020203A20476574206F72205365742064BC
:1019A000796E616D696320646F6D61696E206E612F
:1019B0006D65207265736F6C7574696F6E20495028
:1019C0002000000041542B47444E5320203A20472A
:1019D0006574206F72205365742074686520444ECE
:1019E0005320000041542B544C534D4F4420203A77
:1019F00020476574206F72205365742074686520D9
:101A0000544C53206D6F64652000000041542B43FB
:101A1000535154494D4520203A20476574206F7238
:101A200020536574207468652074696D6520746F37
:101A3000206A6F696E20746865206E6574776F72B6
:101A40006B20000041542B50524F20202020203A80
:101A500020476574206F7220536574207573616729
:101A6000652061677265656D656E742028313A4343
:101A70004F41502C323A5544502C333A4D51545426
:101A80002C343A544350290041542B494E544D4F65
:101A90004420203A20476574206F722053657420DB
:101AA000746865207472696767657220696E746511
:101AB0007272757074206D6F64652028303A696E9B
:101AC0007075742C313A66616C6C696E67206F7248
:101AD00020726973696E672C323A66616C6C696E4C
:101AE000672C333A726973696E67290041542B552C
:101AF0005249313A20476574206F72207365742013
:101B0000436F4150206F7074696F6E203100000088
:101B100041542B555249310041542B464452310017
:101B200041542B555249323A20476574206F722038
:101B300073657420436F4150206F7074696F6E201D
:101B40003200000041542B555249320041542B556C
:101B50005249333A20476574206F722073657420B0
:101B6000436F4150206F7074696F6E203300000026
:101B700041542B555249330041542B555249343A64
:101B800020476574206F722073657420436F415045
:101B9000206F7074696F6E203400000041542B5523
:101BA0005249340041542B555249353A2047657407
:101BB000206F722073657420436F4150206F7074E2
:101BC000696F6E203500000041542B555249350095
:101BD00041542B49505459504520203A20536574A4
:101BE000207468652049507634206F722049507601
:101BF0003600000041542B4C444154410000000089
:101C000041542B504C4454410000000041542B508F
:101C10004454410041542B434C5244544100000071
:101C200041542B544443000041542B475444430037
:101C300041542B505542544F5049430041542B536B
:101C40005542544F5049430041542B524F430000DA
:101C500041542B44455549202020203A20476574A3
:101C6000206F7220736574207468652044657669FE
:101C7000636520494400000041542B4F5441434CBC
:101C80005420203A20476574206F722053657420D9
:101C9000746865204F5441204D51545420636C6941
:101CA000656E74494400000041542B434C49454E35
:101CB0005420203A20476574206F722053657420A9
:101CC000746865204D51545420636C69656E744985
:101CD0004400000041542B5142414E44000000009A
:101CE00041542B544C534D4F4400000041542B4958
:101CF0004E544D4F4400000041542B494F544D4F1A
:101D00004400000041542B434552544D4F440000C1
:101D100041542B50574F52440000000041542B5067
:101D20005744000041542B4F544150574400000089
:101D300041542B50524F42450000000041542B5556
:101D4000504752414445000041542B4F544154499F
:101D5000544C450041542B554E414D450000000068
:101D600041542B4F5441554E414D450041542B4356
:101D7000535154494D45000041542B49505459503A
:101D80004500000041542B444F574E54450000007D
:101D900041542B47455453454E534F5256414C5591
:101DA0004500000041542B434647000041542B445A
:101DB0004E5343464700000041542B434C4F434B86
:101DC0004C4F470041542B4745544C4F47000000AF
:101DD00041542B44454255470000000041542B53C9
:101DE0004E49000041542B444555490041542B5263
:101DF00058444C0041542B4D4F44454C00000000CA
:101E000041542B41504E20202020203A2047657419
:101E1000206F7220736574207468652041504E00F5
:101E200041542B41504E000041542B50524F000062
:101E300041542B434450000041542B534C454550D2
:101E40000000000041542B54494D455354414D501E
:101E50000000000041542B4E5450000041542B53BD
:101E6000455256414444520041542B4644520000CE
:101E700041542B4F544153455200000041542B4FC5
:101E8000544156455200000041542B47444E5300E4
:101E900041542B424B444E530000000041542B4D03
:101EA000514F530041542B47505320203A20547532
:101EB000726E206F666620616E64206F6E204750E0
:101EC0005300000041542B475053000041542B5104
:101ED000434F50530000000041542B474E5353547E
:101EE00020203A20457874656E64207468652074FB
:101EF000696D6520746F207475726E206F6E204757
:101F00004E53530041542B335633540041542B4904
:101F10004F544D4F443A20436F6E66696775726542
:101F2000204E6574776F726B2043617465676F72C2
:101F30007920746F206265205365617263686564FF
:101F400020666F7220756E646572204C5445205275
:101F50004154000041542B4F5441434C5400000065
:101F600041542B434C49454E5400000041542B52E0
:101F7000454450540000000041542B474E535354E5
:101F80000000000041542B4D514F5320203A205364
:101F900065742074686520516F53206C6576656C9C
:101FA000206F66204D5154540000000041542B31E5
:101FB0003256540041542B355654000041545A2097
:101FC000202020202020203A2054726967206120A0
:101FD0007265736574206F6620746865204D435583
:101FE0000000000041542B515357000041545A0047
:101FF00041542B4C444154412020203A20476574E1
:1020000020746865206C6173742075706C6F6164F6
:10201000206461746100000041542B43445020202F
:102020002020203A2052656164206F7220436C6545
:10203000617220636163686564206461746100009B
:1020400041542B52454450543A20476574206F72D6
:1020500020536574207468652066756E6374696FBB
:102060006E206F66207265636F6E6E656374696E55
:102070006720746865206E6574776F726B20746F6B
:102080002073656E642064617461000041542B50BC
:102090005542544F5049433A20476574206F72208F
:1020A000736574204D515454207075626C69736867
:1020B000696E6720746F70696300000041542B5390
:1020C0005542544F5049433A20476574206F72205F
:1020D000736574204D515454207375627363726933
:1020E0007074696F6E20746F7069630041542B5176
:1020F00042414E443A20476574206F7220736574E4
:10210000204672657175656E63792042616E640068
:1021100041542B54494D455354414D5020203A20B1
:10212000476574206F722053657420554E495820BE
:1021300074696D657374616D7020696E2073656379
:102140006F6E640041542B4F54415057442020205F
:1021500020203A20476574206F72205365742074E4
:102160006865204F5441204D515454207061737361
:10217000776F72640000000041542B5057442020B8
:102180002020203A20476574206F72205365742008
:10219000746865204D5154542070617373776F7269
:1021A0006400000041542B50574F52442020203AE5
:1021B00020476574206F72207365742074686520F1
:1021C00053797374656D2070617373776F726400F7
:1021D00041542B51434F50533A20476574206F723E
:1021E00020736574206F70657261746F7220636F05
:1021F0006465000041542B434552544D4F443A20EE
:10220000456E746572206365727469666963617492
:1022100065206D6F6465000041542B4F5441544953
:10222000544C453A20476574206F722073657420C2
:102230004F5441206669726D7761726520746974CC
:102240006C65000041542B51535720203A20506FA9
:10225000776572206F6E20616E6420706F77657293
:10226000206F66662042473935206D6F64756C6556
:102270000000000041542B4F5441554E414D452024
:1022800020203A20476574206F72205365742074B3
:102290006865204F5441204D515454205573657248
:1022A0006E616D650000000041542B554E414D4557
:1022B0002020203A20476574206F722053657420D7
:1022C000746865204D51545420557365726E616D6C
:1022D0006500000041542B5258444C202020203AE5
:1022E00020476574206F72205365742074686520E0
:1022F000726563656976696E672074696D65000053
:1023000041542B534E4920203A20456E61626C6542
:10231000206F722064697361626C65205365727608
:102320006572204E616D6520496E646963617469F0
:102330006F6E2066656174757265000041542B43B1
:102340004C4F434B4C4F473A20456E61626C6520C1
:102350006F722044697361626C6520436C6F636BBC
:10236000204C6F6767696E670000000041542B477F
:1023700054444320202020203A20476574206F7267
:10238000207365742047505320706F736974696FB0
:102390006E696E6720696E74657276616C20696E15
:1023A00020756E697473206F6620680041542B504D
:1023B000524F424520202020203A20476574206F4C
:1023C0007220536574207468652070726F62652096
:1023D0006D6F64656C00000041542B524F43202008
:1023E0003A20476574206F72207365742074687298
:1023F0006573686F6C6420616C61726D0000000031
:1024000041542B4F54415645523A20476574206F32
:102410007220736574204F5441206669726D776134
:1024200072652076657273696F6E000041542B4DA2
:102430004F44454C2020203A20476574206D6F643E
:10244000756C6520696E666F726D6174696F6E0080
:1024500041542B4E54503A20476574206F722073BC
:102460006574204E545020536572766572000000EA
:1024700041542B444E5343464720203A204765742D
:10248000206F722053657420444E5320536572763A
:102490006572000041542B335633542020202020F5
:1024A0003A20476574206F722053657420657874F4
:1024B000656E64207468652074696D65206F6620A0
:1024C00033563320706F77657200000041542B3112
:1024D00032565420202020203A20476574206F7205
:1024E0002053657420657874656E64207468652077
:1024F00074696D65206F662031325620706F776584
:102500007200000041542B35565420202020203AE0
:1025100020476574206F7220536574206578746558
:102520006E64207468652074696D65206F6620355F
:102530005620706F7765720041542B54444320201D
:102540002020203A20476574206F72207365742024
:10255000746865206170706C69636174696F6E2066
:1025600064617461207472616E736D697373696FF5
:102570006E20696E74657276616C20696E207300DE
:1025800041542B4644523120202020203A205265CD
:1025900073657420706172616D6574657273207407
:1025A0006F20666163746F72792064656661756C13
:1025B000742076616C75657320657863657074202E
:1025C000666F722070617373776F726473000000BE
:1025D00041542B43464720202020203A2050726946
:1025E0006E7420616C6C2073657474696E6773001F
:1025F00041542B4745544C4F4720203A2050726994
:102600006E742073657269616C20706F7274206CD7
:102610006F67730041542B444F574E54453A20473F
:102620006574206F72207365742074686520636F11
:102630006E76657273696F6E206265747765656E1C
:1026400020746865207374616E64617264207665BD
:102650007273696F6E20616E6420315420766572EA
:1026600073696F6E20646F776E6C696E6B730000B8
:1026700041542B4F54415345523A20476574206FC3
:10268000722053657420746865204F54412053654F
:102690007276657220616464726573730000000075
:1026A00041542B53455256414444523A2047657495
:1026B000206F7220536574207468652053657276AC
:1026C00065722061646472657373000041542B531A
:1026D0004C454550202020203A20476574206F72D9
:1026E000207365742074686520736C656570207351
:1026F000746174757300000041542B4644522020CD
:102700002020203A20526573657420506172616DFB
:10271000657465727320746F20466163746F72799B
:102720002044656661756C740000000041542B47BD
:10273000455453454E534F5256414C554520202049
:1027400020203A2052657475726E7320746865207B
:1027500063757272656E742073656E736F72206D2F
:102760006561737572656D656E74000041542B442C
:1027700045425547202020203A20536574206D6F34
:10278000726520696E666F206F75747075740000D5
:102790000D0A44524147494E4F2050532D43422089
:1027A00053656E736F724D616E75616C0D0A496D84
:1027B0006167652056657273696F6E3A2076312EB7
:1027C000322E300D0A4E422D496F542053746163EE
:1027D0006B203A20442D424739352D3030330D0AD5
:1027E00050726F746F636F6C20696E2055736564EF
:1027F0003A2000005B25755D436F6E6669677572F0
:1028000065204E6574776F726B2043617465676FE6
:10281000727920746F206265205365617263686508
:102820006420666F7220756E646572204C5445207A
:102830005241542E0D0A000075706C6F6164696E10
:10284000672031303025252C7468652064657669F1
:1028500063652077696C6C20646973636F6E6E6565
:102860006374204D515454207365727665722061F3
:102870006E6420706F776572206F6666204E42200E
:102880006D6F64756C650D0A000000005B25755D59
:102890005365742074686520436F4150206D6573E3
:1028A0007361676520494420746F203132333420CE
:1028B000616E64206175746F6D61746963616C6CC5
:1028C000792067656E6572617465206120746F6B35
:1028D000656E0D0A000000002B51494F50454E3ADD
:1028E00020302C30000000002B43474154543A2044
:1028F000310000003E0000004F4B00004552524F97
:10290000520000007B22494D4549223A222573227C
:102910002C22494D5349223A222573222C224D6FF5
:1029200064656C223A222573222C226964635F69F4
:102930006E707574223A252E33662C227664635F9E
:10294000696E707574223A252E33662C2270726F70
:1029500062655F6D6F64656C223A2225303478229F
:102960002C22646966666572656E7469616C5F705D
:10297000726573737572655F5061223A252E3266F7
:102980002C22696E74657272757074223A25642CFB
:1029900022696E746572727570745F6C6576656CB1
:1029A000223A25642C2262617474657279223A2578
:1029B0002E33662C227369676E616C223A25642C73
:1029C000226964635F616C61726D223A2225732211
:1029D0002C227664635F616C61726D223A222573EA
:1029E000222C2274696D65223A2225642D2530320D
:1029F000642D2530326454253032643A25303264F7
:102A00003A253032645A222C226C617469747564E0
:102A100065223A25662C226C6F6E67697475646551
:102A2000223A25662C226770735F74696D65223ABD
:102A30002225642D253032642D2530326454253012
:102A400032643A253032643A253032645A2200002A
:102A50007B22494D4549223A222573222C22494D99
:102A60005349223A222573222C224D6F64656C2231
:102A70003A222573222C226964635F696E70757433
:102A8000223A252E33662C227664635F696E707558
:102A900074223A252E33662C2270726F62655F6D48
:102AA0006F64656C223A2225303478222C227072B1
:102AB0006573737572655F6B5061223A252E3266BD
:102AC0002C22696E74657272757074223A25642CBA
:102AD00022696E746572727570745F6C6576656C70
:102AE000223A25642C2262617474657279223A2537
:102AF0002E33662C227369676E616C223A25642C32
:102B0000226964635F616C61726D223A22257322CF
:102B10002C227664635F616C61726D223A222573A8
:102B2000222C2274696D65223A2225642D253032CB
:102B3000642D2530326454253032643A25303264B5
:102B40003A253032645A222C226C6174697475649F
:102B500065223A25662C226C6F6E67697475646510
:102B6000223A25662C226770735F74696D65223A7C
:102B70002225642D253032642D25303264542530D1
:102B800032643A253032643A253032645A220000E9
:102B90007B22494D4549223A222573222C22494D58
:102BA0005349223A222573222C224D6F64656C22F0
:102BB0003A222573222C226964635F696E707574F2
:102BC000223A252E33662C227664635F696E707517
:102BD00074223A252E33662C2270726F62655F6D07
:102BE0006F64656C223A2225303478222C2277617A
:102BF0007465725F646565705F636D223A252E327D
:102C0000662C22696E74657272757074223A25643E
:102C10002C22696E746572727570745F6C6576656E
:102C20006C223A25642C2262617474657279223AAE
:102C3000252E33662C227369676E616C223A2564F7
:102C40002C226964635F616C61726D223A22257384
:102C5000222C227664635F616C61726D223A2225B8
:102C600073222C2274696D65223A2225642D253049
:102C700032642D2530326454253032643A253032A6
:102C8000643A253032645A222C226C61746974755E
:102C90006465223A25662C226C6F6E6769747564D0
:102CA00065223A25662C226770735F74696D652210
:102CB0003A2225642D253032642D25303264542586
:102CC0003032643A253032643A253032645A220078
:102CD0007B22494D4549223A222573222C22494D17
:102CE0005349223A222573222C224D6F64656C22AF
:102CF0003A222573222C226964635F696E707574B1
:102D0000223A252E33662C227664635F696E7075D5
:102D100074223A252E33662C22696E7465727275A0
:102D20007074223A25642C22696E74657272757013
:102D3000745F6C6576656C223A25642C226261743E
:102D400074657279223A252E33662C227369676E78
:102D5000616C223A25642C226964635F616C617244
:102D60006D223A222573222C227664635F616C61A6
:102D7000726D223A222573222C2274696D65223AE3
:102D80002225642D253032642D25303264542530BF
:102D900032643A253032643A253032645A222C2289
:102DA0006C61746974756465223A25662C226C6FB7
:102DB0006E676974756465223A25662C22677073A4
:102DC0005F74696D65223A2225642D253032642DA9
:102DD0002530326454253032643A253032643A2545
:102DE0003032645A220000006669656C64313D250A
:102DF0002E3166266669656C64323D252E31662665
:102E00006669656C64333D252E3266266669656C9D
:102E100064343D2564266669656C64353D25662607
:102E20006669656C64363D25660000007B2263752B
:102E30007272656E745F66775F7469746C65223A4E
:102E400020222573222C202263757272656E745FB6
:102E500066775F76657273696F6E223A20222573FA
:102E6000222C202266775F7374617465223A2022D7
:102E700055504441544544227D0000007B22637537
:102E80007272656E745F66775F7469746C65223AFE
:102E900020222573222C202263757272656E745F66
:102EA00066775F76657273696F6E223A20222573AA
:102EB000222C202266775F7374617465223A202287
:102EC000444F574E4C4F4144494E47227D0000002D
:102ED0007B227368617265644B657973223A2022A4
:102EE00066775F636865636B73756D2C66775F6388
:102EF0006865636B73756D5F616C676F7269746829
:102F00006D2C66775F73697A652C66775F74697478
:102F10006C652C66775F76657273696F6E227D00D3
:102F20007B22494D4549223A222573222C20224DED
:102F3000657373616765223A20224F5441205570B2
:102F400064617465204F4B2C204669726D77617205
:102F500065205469746C653A202573205665723A71
:102F6000202573227D0000007B22494D4549223AED
:102F7000222573222C22496D616765205665727384
:102F8000696F6E223A222573222C224E422D496F00
:102F90005420537461636B223A222573222C224DF4
:102FA0006F64656C223A222573227D00CC2F0208C3
:102FB000000000202C020000748A0008083002087B
:102FC0002C0200201C3F00002C1901080120021ACD
:102FD000580218020574808B020813AD1D02782078
:102FE0000B1CFC0F7C321F5A1C08DA1E0809121435
:102FF00041358716813F022E010231048BF621BC38
:08300000296D8942C9D30000CB
:04000005080078C1B6
:00000001FF
