:020000040800F2
:1078000048410020D578000839F8000859BD000823
:107810000000000000000000000000000000000068
:107820000000000000000000000000001501010839
:1078300000000000000000008DFC0008810101082C
:10784000E7780008E778000801FD0008E7780008FD
:10785000E7780008158F0008E77800081F8F0008F8
:10786000E7780008E7780008B98C0008E778000896
:10787000E7780008E7780008E7780008E77800086C
:10788000E7780008E7780008E778000800000000C3
:10789000E7780008E7780008E7780008E77800084C
:1078A000E7780008E7780008E7780008E77800083C
:1078B000D110010891FC000800000000E7780008E2
:1078C0000348854600F078FE0048004749660108F5
:1078D000484100200448804704480047FEE7FEE78F
:1078E000FEE7FEE7FEE7FEE7D9030108C1780008DE
:1078F00030B50B46014600202022012409E00D4648
:10790000D5409D4205D31D469540491B25469540CF
:1079100040191546521E002DF1DC30BD70B5002413
:107920002546002801DA01244042002901DA012518
:107930004942FFF7DDFFAC4200D04042002C00D0AE
:10794000494270BDF0B51FB40646002082B005461E
:107950004024019100901BE0019922460F463046D9
:1079600000F05AFC049A059B801A994110D31046E6
:107970001946224600F040FC361A8F4101972246F4
:1079800001200021009F00F037FC38184D41009085
:107990002046641E0028DFDC019B00982946324601
:1079A00007B0F0BDF0B51FB486B000200090019084
:1079B00002900698069980B204900798090C020478
:1079C0000014114307900027089D099806913E4630
:1079D0003C4603900398A9B20204000C039004985B
:1079E0002D0C154348430021224600F005FCC71921
:1079F000714110340E46402CECDB3846029A00F000
:107A0000FBFB009A019B801800905941029801915C
:107A1000103002904028CCDB00980BB0F0BD000085
:107A2000004870470C17020810B50446FFF7F8FF2E
:107A30000068005DC007C00F10BD014661391929FB
:107A400000D820387047000038B50446C0681821B7
:107A5000401E4843A16840183C21484361684018D3
:107A60003C2148432168451860690C21484321693D
:107A700040186921C900401A3021FFF74FFF114A11
:107A800050434219084600921A2902DB0E49511848
:107A900000910C21FFF742FF0C4A5043009A8018D6
:107AA00000900B4806E0491E425C074B5A43009B7E
:107AB000D21800920029F6DC2146684600F0D0FB7F
:107AC000009838BD801F8607805101008033E10196
:107AD0001017020803460B439B0703D009E008C9AF
:107AE000121F08C0042AFAD203E00B780370401C6E
:107AF000491C521EF9D27047D2B201E00270401CFC
:107B0000491EFBD270470022F6E710B513460A461D
:107B100004461946FFF7F0FF204610BD421E537879
:107B2000521C002BFBD10B781370491C521C002BEC
:107B3000F9D1704730B505462A460B4610781C78B7
:107B4000521C5B1C002801D0A042F7D0002C03D0AF
:107B5000002802D06D1CEFE7284630BD10B5044662
:107B600005E00B780370401C002B00D0491C521E0E
:107B7000F7D2204610BDCAB2401E4178401C8A424E
:107B800002D00029F9D100207047421C0178401C26
:107B90000029FBD1801A704710B5002200E0521C6A
:107BA000835C8C5CA34201D1002BF8D1D8B2E1B246
:107BB000401A10BD03460A780270401C491C002A76
:107BC000F9D11846704730B505460020034600E05D
:107BD0005B1C934205D2EC5CC85C201A01D1002CDE
:107BE000F6D130BD70B5104D002800D128680024B2
:107BF00014E00A4602E09E4203D0521C1378002B88
:107C0000F9D1DAB2224307D0002B06D0002C04D0E1
:107C100000210170401C04E00446401C0678002E40
:107C2000E7D12860204670BD200200200246C9B27C
:107C300000E0401C0378002BFBD102E003788B426C
:107C400003D0401E9042F9D2002070470321001D4E
:107C5000401E037812021A43491EF9D51046704798
:107C600070B5064609F0E2FD046805460A220021C7
:107C7000304600F081FB2C6070BD024670B54A4072
:107C8000D30FDB0740002DD04A002AD0010E140E7E
:107C9000000212020919400A520A8418E50104463A
:107CA0005443000A120A2E045043A4194219200C0E
:107CB000C543AA18120C0125AD03521C5219120417
:107CC0007F39240400D0521C104301D44000491EC7
:107CD000C2B20C06C0092018401C4008802A02D0FD
:107CE00003E0002070BD40084000002900DA0020B9
:107CF000184370BD70B502464A40D50F40004A0097
:107D0000ED0740085208002814D0002A12D0C40DF4
:107D1000D30D41020120C0055202490A520AE41A59
:107D2000091812187D34914201D3641C00E0490007
:107D3000002C01DA002070BD0023914201D3891A82
:107D40000343400849000028F7D100290AD0914296
:107D500002D10121C90705E0914201D2012101E0D0
:107D60000121C943E005C018401900F03DFB70BD7A
:107D7000F0B507460846584087B0C00F0490480049
:107D80000E46590040084908BC1A884105D23846B9
:107D900031461E4617460B4602465800400810431F
:107DA0004CD0300D039040055900400D490D059011
:107DB000401A0290402872DA18030121000B0905CD
:107DC0000843019004980092002805D0019952427E
:107DD0000020884100920190029840210A1A0199DE
:107DE000009800F009FA05460C466B4607CB00F0F8
:107DF00024FAC0197141039A0E0D0023D71756407B
:107E00001A467A40164344D0049A002A2DD0029A8A
:107E1000012A039A15DC1205C01A91410126360584
:107E2000001C7141D20F059ED20700930192029669
:107E30002A46234600F026FB07B0F0BD38463146FF
:107E4000FAE71605224A0F46B218C01AB7410121B7
:107E50000905001C4F4100187F411146181879414F
:107E6000E20F10436D19644113E0E2076D081543FA
:107E70006408C2071443039A01261205C01A9141EF
:107E80003605001C7141CE07400830434908C01830
:107E900051412A46234600F0E8FACDE7FFE704986F
:107EA00001224000C117121A00238B410498314669
:107EB000C417381AA141EEE730B40124E407634047
:107EC00030BC55E730B40124E407614030BC4FE7D3
:107ED0000000E0FFF0B51FB488B00B9909980024AA
:107EE00048400999C00F490049080991C0070B99FA
:107EF0000090490049080B9109990898A646084343
:107F00001CD00B990A98084318D009980124400006
:107F1000420D4800410D099824050003000B204341
:107F200009900B980003000B20430B9050181C493C
:107F30004018002201901446104605E0002001463A
:107F40000DB0F0BD032801DA034600E003239C4690
:107F5000C11A0AAE0AE05F0008ADED5B4F00F75BA7
:107F60007D430027AA187C41491C5B1E6145F2DD58
:107F7000410004AB5A522104120C0A43240C401C49
:107F80000828DFDB0198029000997046019100906B
:107F9000059B049A0799069800F074FAD0E7000050
:107FA0000DFCFFFFF0B50C465C4085B0E40FE40724
:107FB00003944C0000266408590094464908024680
:107FC0000296224321D062460A431ED06200570D1A
:107FD0004A000E032303550D012402462C492405B3
:107FE000781B1B0B360B4018234326436146009039
:107FF0001C46501AB44103D30098401C009002E084
:10800000921800985B41002803DA0020014605B071
:10801000F0BD0020012109050746864611E06446AF
:108020001D46141BB54106D36546521BB341744629
:1080300007430C43A646CD07400849082843921839
:108040005B4105460D43EAD11046184313D0604604
:10805000194650407140084306D06046101AB3419B
:1080600006D20122002306E000220123DB0702E002
:108070000122D2435310009874460105381C614117
:10808000029C039D0019694100F0EFF9BFE7000071
:10809000FD03000070B54B005B0803430BD04B00A1
:1080A0005C0D002633466542B341D417AD1AA34197
:1080B00002DB0020014670BD12053018514170BD31
:1080C000C217C10F504010B54018CA0796230021AF
:1080D00000F092F910BD10B500229623114600F071
:1080E0008BF910BD0EB5C217C10F5040CA0740181A
:1080F0000021054B0293019200910A460B4600F0C5
:10810000C1F903B000BD0000330400000EB50549FD
:108110000291002100910A460B46019100F0B2F94C
:1081200003B000BD33040000410040020122400AB8
:10813000D205090E80187F2901DA002070479629A0
:1081400003DC9622511AC840704796398840704720
:1081500070B5CD0F4A0009030123090B1B05194314
:108160000B4BED070024520D9A4201DA002070BD3E
:10817000074B34339A4203DC9A1A00F04DF802E0C0
:108180000449511888402C43F1D0404270BD000092
:10819000FF030000CDFBFFFFC20FD20740004008E5
:1081A0000BD0C10D0723DB01C91840020905400AA5
:1081B0001143C20840071143704700200146704731
:1081C000CB0FDB07490010B5490802460A4307D028
:1081D0000A0D07240903E401090B121B002A01DC24
:1081E000002010BDC900440F0C43C100E018D205A7
:1081F000801800F0F9F810BD10B5202A04DB014604
:10820000203A9140002010BD914020239C1A034643
:10821000E3401943904010BD10B5202A04DB084606
:10822000203AD040002110BD0B46D340D04020243E
:10823000A21A91400843194610BD10B5202A06DB4A
:10824000CB170846203A1041C1170B4306E00B46F6
:108250001341D0402024A21A91400843194610BD72
:1082600070B50C4600683C21FFF742FB21603C21C1
:10827000FFF73EFB61601821FFF73AFB0546A1605E
:108280000721001DFFF734FBA1610F48A900081862
:108290000E49FFF72DFB0246443288086261E06117
:1082A0003B2802D3910700D0401C0021084B0A460E
:1082B0002161995C814203D8401A521C2261F8E77F
:1082C000401CE060204670BD6C0B0000B50500004E
:1082D000281702080FB400B589B00CA900910B99BA
:1082E0000023CB60204B214A06930792042201927F
:1082F0001F4A02921F4A089202466B46002000F075
:10830000FCF909B008BC04B0184770B586B0064641
:108310000020C0430190002015460C4600910291B8
:1083200004903246694604A8FFF7D4FF0246049839
:108330002118002D05D0002801D0084600E0204675
:108340002860049800280DD0002A02DD0098884299
:1083500008D0081B0190009432466946029404A894
:10836000FFF7B8FF06B070BD518900087189000899
:10837000FFFFFF7F297A0008F7B5009C0F46002613
:108380002578641C002D05D0FFF74AFB0068405D8E
:10839000C007F5D12B2D02D02D2D18D0641E3946E3
:1083A0002046029A00F0F6FA002F04D03968A14264
:1083B00001D1009939607105022400290BDA40428D
:1083C000002803DD09F032FA0460A007FEBD012099
:1083D00080020643E3E70028F8DA09F027FA046090
:1083E0000048FEBDFFFFFF7F002904DA401C490062
:1083F00001D140084000704770B40024050C05D13D
:108400001024000402D1002921D01124050E01D12D
:1084100000020834050F01D10001241D850F01D190
:108420008000A41C002801DB4000641C002908D047
:1084300020252E1B0D46F540A14000D001212943E7
:10844000084301061B1B000ADB1D02D5002070BC7F
:108450007047DB05181880180029F8DA401C49001D
:10846000F5D170BC40084000704710B5002B08DA09
:108470000024401C614192185B411A4301D140081D
:10848000400010BDF0B51FB482B005460C0003D00B
:10849000084609F043F902E009F040F920300246AD
:1084A000009021462846FFF7A7FE049B059A044644
:1084B0000F4618431143084314D0184610431BD0ED
:1084C000009840210A1A18460599FFF7A5FE0546AF
:1084D0000E46009A05990498FFF78EFE084305D0D2
:1084E000012004E02046394607B0F0BD0020C11746
:1084F00005430E432C43374300990E986305401AF9
:108500007905E40A00220C43FD0A0A3002D5002056
:108510000146E9E70105101969410C9C0D9D001900
:108520006941FFF7A2FFDFE74A0009030123090BB6
:108530001B0519430A4B10B5520D9A4202DA00206E
:10854000014610BD064B34339A4203DC9A1AFFF7FA
:1085500063FE10BD034BD218FFF74EFE10BD0000A6
:10856000FF030000CDFBFFFF10B5002904DB012451
:10857000E40740428C412146002B04DB1C460123CA
:10858000DB075242A3418B4200D1824210BD000062
:1085900010B5002904DB0124E40740428C41214648
:1085A000002B04DB1C460123DB075242A341994206
:1085B00000D1904210BD0000064C0125064E05E09A
:1085C000E36807CC2B430C3C98471034B442F7D3F4
:1085D000FFF77AF91C2F02083C2F0208FFB5087834
:1085E00089B01546FF2805D0491C2D2804D000224B
:1085F000002407E000240BE00122F9E70A235C4392
:108600000419491C0878FF28F8D1002A00D06442D8
:10861000002004902A7801462D2A01D02B2A0FD160
:108620006D1C2D2A02D00022049209E00122FBE7F2
:1086300000260A2233466D1CFFF7B4F93818714141
:108640002F78FF2FF4D10C9AA218069202460A4303
:1086500004D0FF23069A9133DA4205DA0021099803
:108660000A4606C00DB0F0BD0024B74AB54D2646F7
:10867000079200F0F1F9029006980391002801DAC0
:10868000474200E0074639050020AF4A001C51412F
:108690000191009012E0F80707D022462B463046A1
:1086A0000799FFF717FC0646079122462B4610460E
:1086B0001946FFF70FFC04460D467F10002FEAD144
:1086C0000698019B0028009A0399029806DAFFF7A2
:1086D00069FC3246079BFFF765FC05E0FFF7FAFBF4
:1086E0003246079BFFF7F6FB049A002A02D00122CC
:1086F000D2075140099A03C2B4E7FFB591B00020F8
:1087000009900025ED432E209E685C681F4601906D
:10871000B9696D1C129888470090396A884700280B
:10872000F6D10098401C0AD00D20C0018443002ED1
:1087300012DD00982B2809D02D280DD103E0002050
:10874000C04315B0F0BD012080020443B9696D1C1F
:1087500012988847761E009003A9600501D52D2048
:1087600000E02B206A461073491C0CA80F91029060
:108770000AE0B9696D1C12988847009001204002F8
:1087800004431398761E0560002E02DD0098302801
:10879000EFD001990098884246D18020044308E038
:1087A0000998401E09900120400204431399681C57
:1087B0000860B9696D1C761E1298884700903028B1
:1087C000EED031E00199884205D1200603D4802003
:1087D0000443761E1EE0009809F070F9002826D0A8
:1087E00001204002044307A90F980331761E8842F6
:1087F0000BD200980F99303808700F98401C0F90DA
:10880000200607D50998401E03E0200602D40998E7
:10881000401C0990A00502D51399681C0860B9692D
:108820006D1C129888470090002ECBDC59E0002E7A
:1088300057DD0098652801D0452852D1A00550D5B4
:10884000032000028443B9696D1C761E1298884784
:108850000090002E0CDD2B2804D02D2808D1FF20FD
:1088600001300443B9696D1C12988847761E009048
:10887000E00501D52D2100E02B210298017002981E
:10888000401C0290019025E00120400204430EA903
:1088900002980131761E88420ED200980299303833
:1088A0000006000E087003D10299019881420AD98E
:1088B0000298401C029006E0E00501D5234801E043
:1088C000224840420990B9696D1C1298884700906F
:1088D00013980560002E04DD009809F0EFF80028D9
:1088E000D2D1F969129888470F99FF200870029930
:1088F00003AA087000200A900B900CA90AA8099BF3
:10890000FFF76CFEA00502D40120C04319E7242024
:10891000044209D0E00713D138680B9A0A99031D65
:108920003B60006806C00BE00B990A98FFF748FC13
:108930000146E00704D13868021D3A600068016012
:108940002846FEE6000014400000F03FF1D8FFFF8B
:108950004268002A08D001680B78491C002B03D01C
:10896000521E06C0184670470121C160881E70471C
:108970004268002A0BD0C3680168002B07D18368C6
:108980008B4204D0491E521C06C0002070470020B4
:10899000C0437047F7B582B0029C00272078641C62
:1089A00015460197302802D0002D15D015E020780B
:1089B0000127641C782804D0582802D0002D09D043
:1089C0000BE0002D01D0102D07D1002710252078B5
:1089D000641C02E0082500E00A250026009610E04D
:1089E0000099012769430818020C294680B2714397
:1089F00000908E183804864201D30120019020781F
:108A0000641C294600F019F80028E9DA03980028C8
:108A100005D0002F01D0641E00E0029C0460019884
:108A2000002806D008F002FF02210160C81E05B030
:108A3000F0BD009930040843F9E73A2800D23038F5
:108A4000202302469A43412A01D3104637388842F0
:108A500001D30020C04370470EB5054A02920022A0
:108A6000009213460192FFF70DFD03B000BD000018
:108A70003304000070B58C180578401C6B075B0F41
:108A800001D10378401C2A1106D10278401C03E072
:108A900006780E70401C491C5B1EF9D12B0705D4CB
:108AA0000023521E0DD40B70491CFAE70378401CBA
:108AB000CB1A921C03E01D780D70491C5B1C521EE2
:108AC000F9D5A142D8D3002070BDF8B50025844661
:108AD0002B46012600220521CF1A0EE05400A6469F
:108AE000015B241800946488A14205D90E467146A2
:108AF0004452009C66800026521C9742EEDC002EF9
:108B000002D15B1C052BE4DB012042006146895A3F
:108B1000401C4D19C0B20528F7D3A803000CF8BDBE
:108B200038B50446064805490068FEF7E1FE604393
:108B300000E0401E00900028FBD138BD40420F00ED
:108B40001C020020F8B50446006881688907890F77
:108B5000012902D10168C90722D18168114A102672
:108B60001140012500290ED181682943816001202F
:108B7000FFF7D6FF01F03CFA07460CE001F038FAA7
:108B8000C01B0A2807D9606D30436065A06D28437B
:108B9000A0650120F8BD20680068C043C007EDD182
:108BA0000020F8BD1700008070B50646002414F0C0
:108BB00065F92DA13046FEF7EFFF00281AD02BA152
:108BC0003046FEF7E9FF002815D0294D18206043F4
:108BD00029583046FEF7AEFF002810D025A13046B8
:108BE000FEF7A8FF002810D01820444360198168C0
:108BF0003046884770BD30460AF074FF70BD641C73
:108C0000E4B2402CE2D9012070BD1BA13046FEF732
:108C100091FF00280ED0182044436019C1683046E7
:108C200088470028F0D115480078002819D10CF0A9
:108C300005FB16E012A13046FEF77CFF00280AD0A3
:108C400007F030FE014618204443601942690DA028
:108C500008F040FD05E018204443601901693046E2
:108C60008847002070BD00004154000041543F007F
:108C7000DCE401083D3F00003D000000A3000020AF
:108C80003F0000005B25755D25730D0A00000000A4
:108C900030B50024074B43431B0D04D0E4183C259A
:108CA0006B43C01AF6E73C2801D33C38641C1060C3
:108CB0000C6030BD4444000010B5024800F042FE94
:108CC00010BD0000F806002030B5446C1C252C4077
:108CD0000125A540046C6560046863608368102BFF
:108CE000036803D099600068C26030BD9A60006874
:108CF000C16030BD10B55021014800F017FA10BD19
:108D0000005E0208F0B5FFB082B000261348710281
:108D10000F1881146846FEF7F6FE00252C46A800C1
:108D2000C01900F0CDFA020E69460A550919020C65
:108D30004A70020A6D1C241D8A70ADB2C870A4B2BC
:108D4000802DECD3694606A008F0C4FC761CF6B270
:108D5000142EDBD37FB002B0F0BD0000005E02082D
:108D600025730000F0B505466448FFB0007884B074
:108D7000012870D10421A86AFEF7C5FE60480024CE
:108D80000090604801F06CF95F4861020818012109
:108D90000190490202A8FEF7B6FE00273E46019860
:108DA000B900081800F08CFA020E02A98A55891938
:108DB000020C4A70020A7F1C361D8A70BFB2C8704E
:108DC000B6B2802FEBD302A8FEF7DFFE002801D158
:108DD000132C51D3A86AFEF7D8FE064602A8FEF768
:108DE000D4FE4A493018884247D2A86AFEF7CDFE21
:108DF000A96A02AA401846A108F07CFC132C74D37F
:108E0000A86AFEF7C2FE00286FD0009800780128FB
:108E100006D002280DD0032814D004281CD023E04B
:108E200000200EF06DFC08281ED100200EF0AEFCD4
:108E30001AE0002010F010FB082815D1002010F0D7
:108E400053F811E000200FF0DFF808280CD10020C3
:108E50000FF0B2F908E04DE000200FF0E1FE082825
:108E600002D100200FF0A6FC7D20000100F03AFEA8
:108E70000421A86AFEF747FE37E000980078012831
:108E800006D002280DD0032814D004281BD022E0DD
:108E900000200EF035FC08281DD100200EF076FCD5
:108EA00019E0002010F0D8FA082814D1002010F0A2
:108EB0001BF810E000200FF0A7F808280BD10020C5
:108EC0000FF07AF907E000200FF0AAFE082802D17F
:108ED00000200FF06FFC7D20000100F003FE042154
:108EE000A86AFEF710FE641EE4B2641CE4B2142CFF
:108EF00000D246E77FB004B0F0BD0000980000202B
:108F0000EC000020E0050020005E0208DA0300000B
:108F10002573000010B5012000F088FF10BD10B5CA
:108F2000FF20013000F082FF802000F07FFF10BDA5
:108F300010B586B0044614216846FEF7E4FD05200E
:108F40000023234901220007002C06D0012C13D056
:108F5000022C1BD0032C23D030E0CC6A1443CC620B
:108F6000C96A0092C907C90F059101930293694626
:108F700000F068FF06B010BDCC6A1443CC62C96A29
:108F80000092C907C90F0591124912E0CC6A144337
:108F9000CC62C96A0092C907C90F05910E4908E061
:108FA000CC6A1443CC62C96A0092C907C90F059103
:108FB0000A4901910293694600F044FF0022022110
:108FC000052001F0ABF8052001F09CF8D2E7000085
:108FD00000100240000031100000211000001110AC
:108FE00010B5044600F0D8FD22460349022000F0E7
:108FF000A9FD00F09DFD10BD0800080870470000A5
:1090000010B5084900224A6107494B684C152343B3
:109010004B604B68082423434B60C009C0010260C9
:1090200010BD00002C3500200020024010B5214A60
:1090300000219069C305204804D5416902231943E2
:109040004161911593699B0505D54369012423432B
:1090500043616302194393695B0505D5436908249D
:1090600023434361E301194393691B0505D5436914
:109070000424234343616302194393699B0405D588
:1090800043691024234343616302194393699B039B
:1090900004D5446920231C43446119439369DB03CD
:1090A00005D54369402423434361A00201439161F4
:1090B00010BD0000002002402C35002070B5054690
:1090C00000F096FF0646184C0AE0681C08D0002DF8
:1090D00004D000F08DFF801BA84201D9032070BD91
:1090E000A069C007F1D1A069800701D50220A06165
:1090F000A069C00511D4A06980050ED4A0694005FF
:109100000BD4A069000508D4A069800405D4A06927
:10911000800302D4A069C00303D5FFF787FF0120B5
:1091200070BD002070BD00000020024070B50D46EB
:109130000646002400F0B8FD094A0020956041C2AF
:109140000849074800F042FD002806D0641CE4B23C
:10915000032CF5D104A008F0BDFA00F079FD70BD34
:10916000501E0020580100206572726F7220696ED7
:10917000204572617365206F7065726174696F6EEE
:109180000A0D000010B50D4900220A604860BC209D
:10919000EFF31084886072B600F086FD0849074836
:1091A00000F014FD002804D084F3108805A008F016
:1091B00091FA00F04DFD84F3108810BD501E002080
:1091C000580100206572726F7220696E20466C61D2
:1091D0007368204572617365206F70657261746990
:1091E0006F6E0A0D0000000010B50D4900220A60E4
:1091F00048600120EFF31084886072B600F054FDDF
:109200000849074800F0E2FC002804D084F31088E5
:1092100005A008F05FFA00F01BFD84F3108810BD74
:10922000501E0020580100206572726F7220696E16
:1092300020466C617368204572617365206F7065AC
:10924000726174696F6E0A0D00000000F8B5164671
:109250000F460546002400F027FD14E0A0003A5810
:109260002946022000F002FD002809D008A008F0DD
:1092700031FA00F0E7FC01460CA008F02BFA04E0FC
:10928000641CA4B22D1DB442E8D300F0E1FCF8BD8B
:109290006572726F7220696E205772697465206FF3
:1092A0007065726174696F6E0A0D0000777269747F
:1092B000655F6572726F725F666C61673A257800F0
:1092C0000168024841604068704700005801002072
:1092D00001481721017070472000002010B50C488C
:1092E000C18F002913D00B4841430B4807F054FBB2
:1092F000094807F063FB09480078012807D10848AE
:10930000807D002803D1064901202039087410BD52
:10931000CC00002080EE3600340500209C000020A8
:109320002000002010B50D480078012808D10C4815
:10933000807D002804D10A4901202039487508742D
:109340000848C18F002907D007484143074807F064
:1093500023FB064807F032FB10BD00009C000020F4
:1093600020000020CC00002080EE360034050020D4
:1093700000B587B014216846FEF7C5FB0948C16AED
:1093800001221143C162C06A694610400590602005
:1093900000900020019002900520000700F052FD8F
:1093A00007B000BD00100240F0B500250126144CA6
:1093B000122787B0012814D014216846FEF7A3FBBA
:1093C000E06A3043E062E06A009730400590032095
:1093D0000190052069460007029500F033FD07B0B3
:1093E000F0BD14216846FEF78EFBE06A3043E06270
:1093F000E06A0097C007C00F01950590E9E70000FB
:1094000000100240F0B58DB004462C216846FEF7EE
:109410007AFB2046FEF724FC0C90601DFEF720FC32
:109420000B9020460830FEF71BFC074620460B3009
:10943000FEF716FC064620460E30FEF711FC0546E8
:1094400020461130FEF70CFC0146074A0C988018A4
:1094500005900B986A46401E0490E2C26846FEF7EB
:10946000F3FA0DB0F0BD000094F8FFFFF8B5054623
:1094700004464035287C0026012808D001202874A5
:10948000206881688907890F01290ED101E0022037
:10949000F8BD0168C90708D0606D202108436065E8
:1094A0000126002028743046F8BD616DFF2201328C
:1094B0009143022211436165C1688907890F0091B8
:1094C000C16889088900C1602068816892071143DA
:1094D000816000F08DFD07460EE000F089FDC01BA5
:1094E0000A2809D9606D022188431021084360656C
:1094F000002028740120F8BD206880680028ECDB7B
:109500002068C168009A1143C160606D80088000C6
:10951000401C6065C5E70000F8B506460D464036BC
:10952000317C01290DD00121317401688A6852070C
:1095300009D5416D2022114341650020307401207E
:10954000F8BD0220F8BD174B6A68D80547109A424B
:10955000154C8A6A2B6812D05B035B0B1A438A6234
:109560002968490305D5A1680143A1600A20FFF7D6
:10957000D7FA2868800312D5A06838430EE05B0351
:109580005B0B9A438A622968490302D5A16881432B
:10959000A1602868800302D5A068B843A0600020BD
:1095A0003074F8BD01100000002701400068006C15
:1095B0007047000070B5040006D0606D2646002597
:1095C0004036002802D006E0012070BDA565357444
:1095D000204600F0D3F8606DC00603D42168886887
:1095E000400705D5606D1021084360653574EBE7D1
:1095F000606DFF220132904302221043606588684B
:109600008207920F5B48012A02D10A68D2072BD148
:10961000032362689B079A4205D05B429A4202D0BC
:109620005B009A4209D10A69920092080A61216896
:109630000A6963681A430A610CE00A699200920899
:109640000A6181680F229204914381608168626897
:10965000114381602168CA6818239A43CA6021684F
:10966000CA68A3681A43CA608168012252069143FE
:1096700081608168A28E52061143816020688168F2
:10968000C90004D481680122120711438160206857
:10969000C168394A1140C1602069E168022825D0BB
:1096A00000200143204620300278037B52035B00F8
:1096B0001A431143226B1143A26992031143E269D9
:1096C000D20311432268D3681943D160616A0A4604
:1096D000FF3AC23A05D0A26A11432268D3681943FF
:1096E000D16042780121012A02D00BE00420D8E7A2
:1096F0000078002823D0606D202210436065A06DA3
:109700000843A065E06B012820681FD00169C907E4
:1097100003D0016949084900016120684169C9080D
:10972000C900416120684169A26B11434161A5658F
:10973000606D80088000401C6065002070BD20685E
:10974000C26801231B041A43C260DBE70269FF23DE
:109750009B009A43026120680269236CA66C1A433D
:10976000636C33431A430261206802690A43026151
:10977000D3E70000002701401902FEFF00680449FA
:10978000884204D10348416B42151143416370473D
:109790000024014000100240F8B504464069254607
:1097A00040350E4608280BD02068C068C00709D095
:1097B000606D202108436065002028740120F8BDF9
:1097C000082700E00C2700F013FC009011E0701C4B
:1097D0000FD0002E05D000F00BFC0099401AB042CB
:1097E00007D9606D042108436065002028740320B8
:1097F000F8BD206800683842E9D0606D0121490257
:10980000084360652068C16809058A0F0C21002A99
:109810001BD12022125D002A17D10268120714D52D
:10982000826853070122002B08DB43688B434360A7
:10983000606D130298431043606506E0606D20235D
:1098400018436065A06D1043A065A069002801D190
:10985000206801600020F8BD70B504462168002032
:109860008968490721D425464035297C01291CD027
:1098700001212974E169012904D02046FFF762F92A
:10988000002811D1616D0A4A1140FF2201321143B3
:1098900061650021A165297422681C21116021687D
:1098A0008A6804231A438A6070BD022070BD0000DC
:1098B000FEF1FFFF30B5014620314A790023022A2C
:1098C00004D00422C2630B71012030BD0268146809
:1098D0000E25AC43146002681468640864001460C8
:1098E000446C1C22144001221546006CA5404560C2
:1098F0004A7118460B7130BD70B500240146203105
:109900004A79022A03D00421C163012418E00268C5
:1099100013680E25AB431360026813685B085B0095
:109920001360436C1C221340012215469D40036CBA
:109930005D604A7100220A71816B002900D088475E
:10994000204670BDF0B4016C0D6801680C68466C6F
:109950001C2304221E401746B7402F420ED0670733
:109960000CD50C68A40602D40C6894430C60416CBE
:1099700019408A40016C4A60016B1AE00227B74027
:1099800002462F402032002F17D0A70715D50C68AC
:10999000A40605D40C680A25AC430C600121517162
:1099A000446C02211C40036CA140596000211171DC
:1099B000C16A002918D0F0BC08470827B7402F42D9
:1099C00012D0240710D50C680E25AC430C60446CF3
:1099D00001211C400B46A340046C6360C1635171BC
:1099E00000211171416BE4E7F0BC704770B50400D1
:1099F0003CD01F48256814212818FDF779FF800006
:109A000060641C48206402212046203002464171D7
:109A100029681948E3680140A0686669184323690A
:109A200033431843A3691843E3691843236A18436F
:109A3000084328600121A0688903884210D00D489E
:109A40008030836A656C1C210D400F26AE40B34305
:109A50008362656C63680D40816AAB400B4383622F
:109A60000020E06301215171107170BD012070BDB3
:109A7000F8FFFDBF000002400F80FFFFF8B504466D
:109A80008C46203001790025012909D00126067174
:109A900041790027012905D0077102252846F8BD24
:109AA0000220F8BD02214171E7632068016849087E
:109AB0004900016061462046FFF706F9206B002847
:109AC0002068016801D00E2205E004229143016064
:109AD000206801680A22114301602068016831434F
:109AE0000160DBE770B5044600F082FA0546601CB1
:109AF00002D004480078241800F07AFA401BA042F3
:109B0000FAD370BD1002002070B5074D04462846F8
:109B1000FFF7D4FA002805D104494861206028469F
:109B2000FFF7CCFA70BD000050C300002C350020B8
:109B30000348416801221143416000207047000042
:109B400000200240F8B5124D0746287C14460E4608
:109B5000012807D0012028740E48FFF7AFFA00282B
:109B600002D00CE00220F8BD00216961022F09D06B
:109B7000012F09D0002F09D00648FFF79FFA0021D6
:109B80002974F8BD3460FAE73480F8E73470F6E7FA
:109B90002C35002050C3000009494868C0070DD08B
:109BA000EFF3108072B6074ACA60074ACA6080F3B2
:109BB00010884868C00701D0012070470020704716
:109BC00000200240EFCDAB8905040302F8B51A4E20
:109BD0000546307C0F46012807D001203074174815
:109BE000FFF76CFA010002D021E00220F8BD00204E
:109BF000C04338606C6814E02046FFF701FA0F4854
:109C0000FFF75CFA01460E48426808239A43426017
:109C1000426843159A434260002901D03C6006E047
:109C20008034A8686A68C0018018A042E4D8002087
:109C300030740846F8BD00002C35002050C30000E9
:109C40000020024001484069704700002C35002088
:109C500005484168022211434160416801221143D5
:109C6000416000207047000000200240F8B50C4C15
:109C70001646207C0F46012808D001202074094890
:109C8000FFF71CFA0025002802D006E00220F8BDEC
:109C900065613E600348FFF711FA2574F8BD0000C6
:109CA0002C35002050C3000011484168C9070BD073
:109CB000EFF3108172B60F4AC2600F4AC26081F39F
:109CC00010884168C9070ED1416889070DD5EFF3A7
:109CD000108172B6094A0261094A026181F3108853
:109CE0004068800701D501207047002070470000C0
:109CF00000200240EFCDAB8905040302BFAE9D8C6E
:109D000016151413F8B53F4901253F4C012805D01D
:109D10002A02022690420BD14E71F8BD88780128A4
:109D2000FBD1207819383028F7D3E570E572F8BDFB
:109D30008028FCD1A574607B00280BD16573334962
:109D4000334806F0C1FD3349314806F025FE30485E
:109D500006F034FEA07A0122401CA07291032E4826
:109D600000F03FF906F09EFD2C4F0025009035E0F5
:109D7000009806F09DFD7D21C900884207D3009818
:109D800006F096FDB84202D20120A07326E00098AA
:109D900006F08EFDB84221D31120FFF721F92048AB
:109DA000C07B01280AD1FFF7F7FE1D481D49203866
:109DB000027F0220FFF7C6FEFFF7BAFE1448A57225
:109DC0001949283806F080FD11486421283806F02A
:109DD000E3FD0F48283806F0F1FD06E0052080215C
:109DE000000700F0F1F80028C2D001210022890309
:109DF000094800F0F6F8A07A052898D1A572A67354
:109E0000F8BD0000D001002020000020B9F80008B3
:109E1000D00400208813000000040050B80B00009C
:109E20000C0100200C0008080DF9000810B50449C9
:109E30004A69024202D04861FFF764FF10BD00008A
:109E400000040140FCB500230124A7E027462A4670
:109E50009F403A406FD04D68012D05D0022D03D0B0
:109E6000112D01D0122D16D185680326AC465D0058
:109E7000AE46AE406546B543AC46CE687546AE408C
:109E800065462E43866046680D79BE43ED06ED0FAC
:109E90009D4035434560C6685F000325BD40AE4622
:109EA000AE4335468E68BE402E43C6604E68022ED5
:109EB00001D0122E14D1DE08B60036180196366A8B
:109EC0005D07B446EE0E0F25B54000966646AE43DC
:109ED000B4460D69009EB54066462E43019D2E6234
:109EE00006687546AE430D79AD07AD0FBD403543ED
:109EF00005604D68ED0050D52B4D6E6B26436E63AB
:109F00009E082A4DB6007519AC46AD689E07360FFF
:109F10000F27B740BD4305273F07B84201D10027AF
:109F20001AE0234FB84201D1012715E0214FB84272
:109F300002D1022710E030E01F4FB84201D10327C1
:109F40000AE01E4FB84201D1042705E01C4FB84279
:109F500001D1052700E00627B7402F436546AF60D3
:109F6000184D2E684F689643FF0300D516432E60A8
:109F70006E684F689643BF0300D516436E60AE68A7
:109F80004F689643FF0200D51643AE60EE684F68F7
:109F90009643BF0200D51643EE605B1C0A68154667
:109FA000DA4000D052E7FCBD001002400000014042
:109FB0000004005000080050000C00500010005039
:109FC000001C0050000401400069084000D001203E
:109FD0007047426913460B401B0491430B43836156
:109FE0007047002A01D0816170478162704700008C
:109FF00001488068704700001002002070B504001E
:10A000000FD021681348086021681348086003CC0A
:10A0100041602068083C21688860FFF7E9FF054639
:10A0200008E0012070BDFFF7E3FF401B292801D99C
:10A03000032070BD2068C0680028F4D12068026940
:10A04000E1688A4201D0016101E004490160002019
:10A0500070BD0000CCCC000055550000AAAA00003D
:10A06000006802490160002070470000AAAA0000B1
:10A0700002488168027889188160704710020020C8
:10A0800010B50848002401684022114301602046B1
:10A0900000F00AF8002801D0012401E000F026F8C1
:10A0A000204610BD0020024070B504460D4D7D20B5
:10A0B0002978C000FDF71CFC01460B480068FDF73D
:10A0C00017FC01F00FF8002809D1042C07D2002258
:10A0D0002146401E00F022F800206C6070BD012077
:10A0E00070BD0000100200201C0200200448416BDB
:10A0F000012211434163816B020411438163704764
:10A1000000100240002805DBC106C90E012088406E
:10A11000014908607047000000E100E010B507F059
:10A1200039FB10BD024801680215114301607047F8
:10A1300000700040024801684215114301607047F9
:10A1400000700040024801688215114301607047A9
:10A1500000700040F0B5154A1368154D54152D6A6E
:10A160002340ED07ED0F002B04D0002D02D0166820
:10A17000A64316601668B608B600064316600D487A
:10A18000076904263743076101290DD040BF20BF6E
:10A1900020BF0169B1430161002B04D0002D02D022
:10A1A000106820431060F0BD30BFF2E7007000403F
:10A1B0000000014000ED00E0F8B5044600780027FB
:10A1C0005D4D800671D55C4E403EB06BC00004D43E
:10A1D000B06BA9050843B063012758480168C90559
:10A1E00011D40168821511430160FFF701FF00904F
:10A1F00005E0FFF7FDFE0099401A642837D84F4864
:10A200000068C005F5D532680321090560680A4079
:10A210000140914208D08103890F032904D131689C
:10A22000890301D50120F8BD2A69032109040A40E8
:10A2300022D0084090421FD0207880061CD5286983
:10A240002A6988430121C9040A432A612A698A4389
:10A250002A612861C0050FD5FFF7CAFE009008E00B
:10A26000FFF7C6FE0099411A3548814201D9032003
:10A27000F8BD28698005F3D561688803800F03283D
:10A2800005D132680005824301400A4332602869E3
:10A29000032261681204114008432861002F04D092
:10A2A000B06B012109078843B0632078C00705D04F
:10A2B000E868A168800880000843E860207880078B
:10A2C00005D5E8680C218843E1680843E8602078F8
:10A2D000400706D5E86803218902884321690843BD
:10A2E000E8602078000706D5E86803210903884361
:10A2F00061690843E8602088C00506D5E868032145
:10A3000009048843A1690843E8602078400606D51F
:10A31000E868012189068843216A0843E8602078BB
:10A32000000606D5E868032189048843E1690843EB
:10A33000E8600020F8BD00004010024000700040BE
:10A3400088130000F8B50E46050038D05E48006856
:10A35000C007C00FB04214D25B4C206840084000D8
:10A3600030432060FFF744FE074605E0FFF740FE5C
:10A37000C11B564881427AD82068C007C00FB0423E
:10A38000F4D12878524C800705D5E068F021884345
:10A39000A9680843E0602878C00752D0686802289E
:10A3A00006D0032807D0216801280AD0890504E0D7
:10A3B0002168890301E021688901002903DB01206C
:10A3C000F8BD4907F9E7E168890889000143E160C0
:10A3D000FFF70EFE0746686802280AD0032814D04B
:10A3E00001281ED029E0FFF703FEC11B3748814238
:10A3F0003DD8E0680007800F0228F4D121E0FFF784
:10A40000F7FDC11B3148814231D8E0680007800F59
:10A410000328F4D115E0FFF7EBFDC11B2B48814267
:10A4200025D8E0680007800F0128F4D109E0FFF784
:10A43000DFFDC11B2548814219D8E0680007800F65
:10A44000F5D121480168C907C90FB14217D9016880
:10A450004908490031430160FFF7CAFD074608E09B
:10A4600005E0FFF7C5FDC11B1848814201D9032053
:10A47000F8BD15480068C007C00FB042F1D1287878
:10A48000400706D5E068072109028843E9680843C8
:10A49000E0602878000707D5E0680721C9028843F3
:10A4A0002969C9000843E06000F03AF8E168094A08
:10A4B0000906090F515CC840074908600748006851
:10A4C000FFF7F2FDF8BD00000020024088130000F5
:10A4D00000100240281602081C020020140200206E
:10A4E000044805490068C968044A4905490F515C98
:10A4F000C84070471C0200200010024041160208AC
:10A50000044805490068C968044A8904490F515C38
:10A51000C84070471C02002000100240411602088B
:10A5200070B51A4AD3681A490C2018408D000428C7
:10A530000CD04E00082810D00C2810D05068000411
:10A54000410F0120C003491C884070BD1068C0063F
:10A5500001D5084670BD284670BD304670BD9802D2
:10A560000C4C000F205C1B029C0FD368641CDB03A7
:10A5700001D5314603E01268D20600D4294607F01F
:10A58000E4F822460023FDF7DDF970BD001002401B
:10A5900000093D0038160208FEB505007ED0F74CD4
:10A5A000E7680C20E6680740012000040640287890
:10A5B000C00747D0082F05D00C2F0AD10120000476
:10A5C000864206D1206880033CD568680028E5D023
:10A5D00038E0012069680004814203D12168014309
:10A5E000216011E0052301221B0492049942216895
:10A5F00002D111432160F1E78143216021680140CC
:10A600000091206890432060686800280DD0FFF713
:10A61000EFFC009005E0FFF7EBFC0099401A64287E
:10A620007ED820688003F6D50CE0FFF7E1FC0090AF
:10A6300005E0FFF7DDFC0099401A6428F0D8206897
:10A640008003F6D4287880075DD5E868810604D5B4
:10A65000226820210A43226088430923042F0DD059
:10A660000C2F01D1002E09D000283CD0216899433D
:10A6700001432160FFF7BCFC064628E0216849073A
:10A6800001D500288AD061681F22120291432A69ED
:10A690001202114361602168994300E0C7E1014360
:10A6A0002160FFF73DFFE16809060A0FB449895CA4
:10A6B000C840B4490860B4480068FFF7F5FC0028BA
:10A6C00074D120E0FFF794FC801B0228A8D82068F2
:10A6D0004007F7D560681F210902884329690902EC
:10A6E000084360600FE02068400840002060FFF7EA
:10A6F0007FFC064604E0FFF77BFC801B02288FD816
:10A7000020684007F7D42878C00661D5002F0DD007
:10A71000E86900284BD02068FF210131084300E0A0
:10A72000EAE02060FFF764FC06462DE02068800523
:10A7300002D5E8690028A5D060680721490388434D
:10A74000696A084360606068298C0002000A090693
:10A7500008436060686A410B0120C003491C8840BF
:10A76000E16809060A0F8649895CC8408549086086
:10A7700085480068FFF798FC002817D128E0FFF70C
:10A7800037FC801B0228A1D820688005F7D56068B7
:10A79000072149038843696A084360606068298C1F
:10A7A0000002000A09060843606011E025E1216803
:10A7B000FF20013081432160FFF71AFC064604E0C8
:10A7C000FFF716FC801B022899D820688005F7D473
:10A7D00028786E4E000724D568690028306910D0AB
:10A7E000012108433061FFF703FC009005E0FFF70B
:10A7F000FFFB0099401A02287ED830698007F6D501
:10A800000FE0400840003061FFF7F2FB009005E0E8
:10A81000FFF7EEFB0099401A02286DD830698007D7
:10A82000F6D42878400764D500200290A06BC000C1
:10A8300006D4A06B012109070843A0630120029000
:10A8400053480168C90511D401688215114301609C
:10A85000FFF7CEFB009005E0FFF7CAFB0099401A16
:10A86000642849D84A480068C005F5D5FF20AA6881
:10A870000130824203D131690143316111E001218C
:10A880008902002A07D005231B029A4203D13269AC
:10A890000A433261EFE732698243326130698843AB
:10A8A0003061A86800280ED0FFF7A2FB009006E0F8
:10A8B000FFF79EFB0099411A364881421CD8306947
:10A8C0008005F5D50DE0FFF793FB009006E0FFF75C
:10A8D0008FFB0099411A2F4881420DD830698005BD
:10A8E000F5D40298002804D0A16B01200007814311
:10A8F000A1632878800600E07EE02ED52648A9696D
:10A900004314002916D0A26801210A43A260626B99
:10A910000A436263016A19430162FFF769FB064655
:10A9200004E0FFF765FB801B022865D8A06880075C
:10A93000F7D512E0A16849084900A160016A99436E
:10A940000162FFF755FB064604E0FFF751FB801B51
:10A95000022851D8A0688007F7D4A86A002868D0D8
:10A960000C2F4FD0012636060228206816D0B0439F
:10A970002060FFF73DFB054640E00000001002406C
:10A98000281602081C020020140200204010024079
:10A99000007000408813000000000140B0432060B8
:10A9A000FFF726FB074604E0FFF722FBC01B022847
:10A9B00022D820688001F7D4296BE86AE26808434E
:10A9C000696BFD231B049A4311430843E060206830
:10A9D00030432060FFF70CFB054604E0FFF708FB5F
:10A9E000401B022808D820688001F7D521E0FFF736
:10A9F000FFFA401B022801D90320FEBD2068800118
:10AA0000F5D416E00128F8D0E06801210904EA6ACB
:10AA1000014091420BD10F2189042A6B01409142E0
:10AA200005D1032189050840696B884201D00120C6
:10AA3000FEBD0020FEBD7047006889005030081838
:10AA4000006870470068890050300818026070473D
:10AA500030B5014620310A78012A15D001220A704A
:10AA600002234B700468CA23636204685323636241
:10AA700003689C6820252C439C600068FF23436288
:10AA80004A700020087030BD022030BD10B505F0BE
:10AA900031FF10BD70B50446006881688025C90487
:10AAA00000290BDAC068C00508D52046FFF7EEFF85
:10AAB0002168C8682840FF388238C86020688168EB
:10AAC00089040BD5C068800508D52046FFF7B3FF81
:10AAD0002068C168054A29408918C16001200449DD
:10AAE0004004486101202034607070BD7FFDFFFF8D
:10AAF00000040140F8B505460446203528780128B1
:10AB00001DD001202870022068702268CA2050627F
:10AB1000226853205062FF2001300026FF27814227
:10AB20001CD121688A6882438A602068816801227A
:10AB3000120391438160FFF75BFA009009E0022065
:10AB4000F8BDFFF755FA0099411A7D20C0008142F7
:10AB50001BD82068C068C007F3D020E02068816857
:10AB60000122520291438160206881681201914361
:10AB70008160FFF73DFA00900DE0FFF739FA009988
:10AB8000411A7D20C000814205D920684762032018
:10AB900068702E70F8BD2068C0688007EDD5206809
:10ABA0004762012068702E700020F8BD10B5006863
:10ABB0000B464068C021C94301400002000ECC048E
:10ABC000D870E40E5C708C06A40E0904490F9C70CA
:10ABD0001970002A0AD105F063F8D870587805F08A
:10ABE0005FF85870987805F05BF89870002010BDF9
:10ABF00030B50B460168896A5960016809694904E2
:10AC0000490C9960006804680F4821460140880299
:10AC10004D04800E18706D0E49065D70490E9970D6
:10AC20006102490E40242140D970002A0AD105F062
:10AC300037F81870587805F033F85870987805F0A0
:10AC40002FF89870002030BD7F7F7F00F8B504009A
:10AC500050D0254620356878002803D1287020463A
:10AC600000F052F8022068702168CA20486221680A
:10AC700053204862204605F027F8FF2604270028C5
:10AC8000206802D046626F7034E081681D4A11402E
:10AC90008160216888686268A369104322691A4349
:10ACA000104388602168E068086120680169228992
:10ACB0001204114301612068C16880229143C16080
:10ACC0002068C16C89088900C164E1696069014339
:10ACD0002068C26C1143C1642068806880060BD470
:10ACE000204600F0DDF9002806D0206846626F702B
:10ACF000002028700120F8BD20684662012068709D
:10AD00000020F8BDBFFF8FFF00B597B00420009072
:10AD100000200A90FF20013002906846FFF73CFCBB
:10AD2000002801D0FEF76AF920200E90C0020F9093
:10AD30000EA8FFF741FA002801D0FEF75FF9084896
:10AD4000016901229204114301610022114602208F
:10AD5000FFF7E4F90220FFF7D5F917B000BD0000B6
:10AD600040100240FEB506460446203630780B46B9
:10AD700001283ED00120307002207070184620302B
:10AD80000090206800278068002A34D0400600D454
:10AD9000DF7019789D7809040D435978DA78090233
:10ADA000120411430D430099D869097809060D432F
:10ADB000054358699969054358680843009021681C
:10ADC000CA204862216853204862FF205A6A013035
:10ADD0008021824245D12268936883439360206832
:10ADE000C2680A40FF3A823AC260FFF701F9019057
:10ADF00024E00220FEBD400600D4DF70187804F085
:10AE000057FF0504587804F053FF00020543987873
:10AE100004F04EFF0543D8780004054300980078FD
:10AE200004F046FF00060543D869C1E7FFF7E0F8E4
:10AE30000199411A7D20C00081422AD82068C0684B
:10AE4000C007F3D02068C561216800984864206875
:10AE50008168FF22013211438160206881681201FC
:10AE600030E02068826801235B029A438260206898
:10AE7000C2680A401D495118C160FFF7B9F8019036
:10AE80000EE0FFF7B5F80199411A7D20C00081421C
:10AE900006D92168FF204862032070703770FEBD1C
:10AEA0002068C0688007ECD520680562216800989A
:10AEB0008864206881680122520211438160206801
:10AEC0008168120111438160094802680121490427
:10AED0000A43026082680A4382602168FF20486258
:10AEE0000120707037700020FEBD00007FFDFFFF65
:10AEF00000040140F8B505460446203528780B4685
:10AF000001280FD00120287002206870002A0BD081
:10AF1000D8789E78000406435878097800024903DF
:10AF2000084317E00220F8BD5878C10603D5EF2189
:10AF300008400A305870D87804F0BAFE06045878F1
:10AF400004F0B6FE00020643987804F0B1FE064312
:10AF50001878400306432168CA20486221685320BC
:10AF60004862204604F0B0FE0027002811D11148A5
:10AF70000640206846602068C16880229143C16015
:10AF80002068806880060CD4204600F089F80028EC
:10AF900007D02168FF204862042068702F700120CC
:10AFA000F8BD2168FF204862012068702F700020E2
:10AFB000F8BD00003FFFFF00F8B506460446203606
:10AFC00030780D46012822D00120307002207070A8
:10AFD000206800278068002A1BD0400600D4EF704C
:10AFE0002978A878090408436978EA7809021204E4
:10AFF0001143084300902168CA2048622168532009
:10B000004862204604F060FE002837D116E0022096
:10B01000F8BD400600D4EF70287804F049FE030420
:10B02000687804F045FE00020343A87804F040FE6F
:10B030000343E878000403430093DCE717490098D2
:10B0400008402168086020688168012292049143C9
:10B0500081602969E868084321688A68104388602C
:10B060002068C16880229143C160206880688006A2
:10B070000CD4204600F014F8002807D02168FF20E7
:10B0800048620420707037700120F8BD2168FF20ED
:10B0900048620120707037700020F8BD7F7F7F000C
:10B0A00070B504460068C168A0229143C160FEF7F4
:10B0B0009FFF7D260546F60006E0FEF799FF401B40
:10B0C000B04201D9032070BD2068C0688006F4D565
:10B0D000002070BD024801690222114301617047DE
:10B0E00000E000E0094910B5401E884201D9012066
:10B0F00010BD074C60610321081F06F04BFB0020C8
:10B10000A06107202061002010BD0000FFFFFF00AC
:10B1100000E000E0024801690222914301617047AA
:10B1200000E000E0014660310A7D012A09D00122D9
:10B130000A750068026802231A430260002008753D
:10B140007047022070477047FEB5054604466035DB
:10B15000287D00269446012811D001232B75242038
:10B16000A067206802689A4302602768B8680322D3
:10B17000120590430843B860002902D015E0022070
:10B18000FEBD604600910190206841681022914305
:10B190006A46928811434160206841686A46090204
:10B1A0009279090A12061143416020680168194327
:10B1B0000160FEF71DFF09490091034601210022AD
:10B1C0008905204605F034FF002801D0032601E060
:10B1D0002020A067002028753046FEBDFFFFFF013C
:10B1E000704700000C4A10B50021904206D110466D
:10B1F0006030017501220949603809E0084A90422F
:10B2000008D110466030017504490122493960387F
:10B2100000F0C2F910BD0000F0050020640000201D
:10B2200074060020F8B502680446D0691168966873
:10B23000814B05461D402023002D6CD0F7077F4D24
:10B24000FF0FBC460D402F4379D02546C7078035F8
:10B25000002F06D0CF0504D5012717622A683A438C
:10B260002A60820708D5F20706D0276802223A62D0
:10B270002A6804273A432A60420708D5F20706D015
:10B280002668042232622A68022632432A600207B4
:10B290000AD50A461A406646324305D02668082277
:10B2A00032622E6816432E60020508D54A0106D583
:10B2B00001222668D20232622A681A432A602A686A
:10B2C000002A30D0800606D5880604D5616E002994
:10B2D00001D020468847286821688968490602D439
:10B2E0002821084225D0204605F0B5FC2068816859
:10B2F000490619D5826840218A438260206F002860
:10B3000012D04F498163206FFEF7F6FA00280AD069
:10B31000206F816B06E0850611D58D060FD5616E15
:10B3200077E020468847F8BD2046FFF75BFFF8BD71
:10B3300005E02046FFF756FF00202860F7E7256E5E
:10B34000012D56D1C50654D5CD0652D5102616620C
:10B350002068816825464906403500292ADA226F8F
:10B36000116849680904090CE1D02F8B8F42DED99E
:10B37000698311680968890617D40168320191430D
:10B3800001602068816849084900816020688168FF
:10B39000402291438160E3670020206620680168B5
:10B3A000B1430160206FFEF785FA288B698B401A44
:10B3B00081B21AE0298B6A8B891A6A8B89B2002ABA
:10B3C000B5D00029B3D00268FF252135AA43026019
:10B3D00020688268520852008260E367002020667D
:10B3E000606620680268B24302602046FFF7ABFE49
:10B3F0009DE7C50208D5750206D50120000510623B
:10B400002046FFF7EDFE92E7050605D50D0603D5AC
:10B41000A16E002985D18AE7400688D5480686D5E1
:10B42000116820464024A143116083670021816692
:10B4300000F0F8F97BE700000F080000200100048D
:10B44000BD0B010810B5040003D0A06F002802D086
:10B4500007E0012010BD002174200155204600F0B6
:10B4600027F82420A0672068016849084900016086
:10B47000204605F087FC0128ECD0606A002802D045
:10B48000204605F003FB206841680922D20291435F
:10B490004160206881682A229143816020680168A8
:10B4A000012211430160204605F056FB10BD00004B
:10B4B000F0B587B0064614216846FCF724FB304FF0
:10B4C000346800252F49022001220323BC4232D1D7
:10B4D0008C6B47043C438C63CC6A0443CC62C96ADE
:10B4E00001AC01400591990200910DC40720049020
:10B4F00069462548FEF7A6FC254C24482060052017
:10B5000060601020E560A0606561A5618020E56154
:10B510002061800120622046FEF768FA002801D0F1
:10B52000FDF76CFDF466002201211D20A662FEF7E6
:10B53000F5FD1D2020E0174EB4421FD18C6B012673
:10B54000760434438C63CC6A1443CC62C96A01909C
:10B55000C907C90F059104200C2104900091052012
:10B560000295039369460007FEF76CFC0022022156
:10B570001C20FEF7D3FD1C20FEF7C4FD07B0F0BD74
:10B580000048004000100240000400501C0002402F
:10B59000F80600200044004030B5C36F202B27D1AF
:10B5A00000290BD0002A09D0012483682403A34278
:10B5B00006D10369002B03D1CB0701D0012030BD98
:10B5C000034660331C7D012C12D001241C7500231E
:10B5D0000366084C0368A34207D05C68240204D5C4
:10B5E0001C680125AD062C431C6005F0D5FC30BD60
:10B5F000022030BD0048004070B523490123234A92
:10B6000088422AD1507901280FD021491046643050
:10B610000E8E4D6B0478AC550C8E641C0C86044663
:10B62000443C2478582C03D010E004F01FF80FE0BD
:10B63000184C2478002C09D1C978072906D0417804
:10B640000D2903D101780A2900D15377017841707F
:10B650000E49012264310C4813E00F49884212D18F
:10B660000A4C0E4D4034E188D07E6854491CE1807C
:10B670000D2801D00A2800D11377044901221B317B
:10B680000548FFF789FF70BDF0050020000000208D
:10B69000D0010020A3010020740600202C0200200D
:10B6A000FFB50446806F83B017460D4620285ED153
:10B6B000002D0AD0002F08D0A168C001814207D117
:10B6C0002069002804D1E80702D0012007B0F0BDAE
:10B6D000204660300090007D012848D0009801216C
:10B6E00001750020802108512120A067FEF780FC11
:10B6F000264640360190378277820120A1680003F8
:10B70000814202D12069002805D02F4600250099EA
:10B710000020087511E00027F9E70022802120466B
:10B7200005F086FC002815D1002F15D02168387847
:10B7300088627F1C708A401E7082708A019B00287C
:10B7400006980090E9D100224021204605F070FCC7
:10B75000002808D00320B9E728882168C005C00D5B
:10B760008862AD1CE6E72020A0670020AEE702203B
:10B77000ACE70000F8B50446806F20284AD10029C4
:10B780000BD0002A09D00123A0681B03984206D1E0
:10B790002069002803D1C80701D00120F8BD254643
:10B7A0006035287D012835D001202875204640309D
:10B7B000E164028242820026274680373E602120D3
:10B7C000A067E06E00281AD01349C162E16E1348E9
:10B7D0000863E16E12484863E06E13468663206892
:10B7E000E16C283084466246E06EFEF747F9002897
:10B7F00005D0102038602E752020A067CDE7216885
:10B80000402008622E752068816880221143816083
:10B810000020F8BD0220F8BD1D0C01084D0C0108E8
:10B82000D10B0108704770477CB506461A4841683D
:10B83000C9430907FBD4194C606B65152843606345
:10B8400000211748FDF712FE164800901648019097
:10B8500069461348FDF760FEA01401906946009602
:10B860000F48FDF759FE0E48FDF7F6FF0021C943CA
:10B870000B48FDF791FF0A48FDF798FE084980B292
:10B880000A689368022633439360096803220A60BA
:10B89000616BA94361637CBD0070004000100240F1
:10B8A00084050020FFFF07000110000070B5174954
:10B8B00004464A6A08698018000EE0714A6A0869FD
:10B8C0008018000CA071088A8A8C8018000A6071A8
:10B8D000087C8A8C801820714869000EE0704869E5
:10B8E000000CA070888A000A6070087D2070052511
:10B8F000625D07A1084805F0FDFE074908461438B7
:10B90000FCF70CF96D1C082DF2DB70BD4000F81F30
:10B9100025303278000000006C04002070B50C4621
:10B92000054600210448FFF787F8286001210248F6
:10B93000FFF782F8206070BD4007002010B50C466C
:10B94000024600210448FFF77DF822460121024803
:10B95000FFF778F810BD00004007002030B587B031
:10B960000546694605A800F00BF8840A890580059C
:10B970000C43800D00F0E0F92880204607B030BD70
:10B9800070B505460C4600222248FFF731F9002227
:10B99000294620486668FFF709F9002221461D481C
:10B9A000FFF726F96068B042F1D1E8781A4A0146FB
:10B9B0005043C01C8308880729D0184869783D2265
:10B9C0000E4651430A463C3A7100891EC840D10FC9
:10B9D00080078918800F4910081AC018A978401EDE
:10B9E00008180F493C2248436178E12351432278EB
:10B9F0001B015A438918A27810180818810D830278
:10BA00006068084C0022201A1818514170BD064881
:10BA1000D4E7000040070020B5050000A0AA990067
:10BA200080510100FF03000050554400032070477F
:10BA300001480068704700008C07002000B587B0FF
:10BA4000694605A8FFF79CFF0249096807B0401A3C
:10BA500000BD00008C07002000B587B0694605A82E
:10BA6000FFF78EFF07B000BD10B5084C2078002806
:10BA70000AD100F04DF8FF2101310548FFF73AF8EF
:10BA800000F0ACF80120207010BD000088000020FC
:10BA90004007002010B50D4C0021042000F01AFBD7
:10BAA00001200B494004486121688868C0040BD517
:10BAB000C868C00508D5C86880221040FF388238A1
:10BAC000C8602046FEF7E2FF10BD000040070020DE
:10BAD0000004014070B50446FFF7B0FF211A0B4D7A
:10BAE0000220285EC01C814201D9002100E0012112
:10BAF000042000F0EFFA00F0D9FA012802D1022068
:10BB0000285E241A204600F075F870BD88000020D9
:10BB100030B52E492E4891B0002412C01F2101607B
:10BB2000846004612B49446141600838FFF78EF856
:10BB300000212748FEF780FF012500281CD1684618
:10BB4000C470457085700570002269462048FFF773
:10BB5000D1F90B940C940F9400220BA91C480E945D
:10BB6000FFF72AFA1C4A00211948FEF76BFF002252
:10BB700001211748FEF766FF1548FEF769FF2821E7
:10BB800001A8FBF7C0FF684604714471032181716D
:10BB90000294049405940694079408A808940571E7
:10BBA000FF2001300A90012201A90948FFF7DAF8C5
:10BBB000052168468171012040020A90012201A9F5
:10BBC0000348FFF7CFF811B030BD00000028004057
:10BBD00040070020FF0300008000926510B5044C70
:10BBE0002046211D1830FFF7CBFE206010BD00005D
:10BBF0008C070020F0B587B0044614223F4901A805
:10BC0000FBF768FF3D485038406E009000F07EF82A
:10BC10003B4802993B4A401AA105890D081887B292
:10BC2000A10A68468078534202E08918401C80B21D
:10BC30009942FAD26A461579E122120102E0891A84
:10BC40006D1CADB29142FAD26A46547902E0641C8E
:10BC5000A4B23C393C29FAD2927951188EB2012112
:10BC6000890203E07A1A761C97B2B6B28F42F9D2F3
:10BC700003E03C3E641CB6B2A4B23C2EF9D203E011
:10BC80003C3C6D1CA4B2ADB23C2CF9D203E0183D93
:10BC9000401CADB280B2182DF9D26946C978890727
:10BCA00069464A7827D01849491E515C814202D220
:10BCB000FBF71EFE08461249CA1B10492C394A6080
:10BCC000052252068A618E704C700A460D70203231
:10BCD00010706846C079C8700020C861FF224861B2
:10BCE0000132C8604A620861024608462438FFF7FC
:10BCF00039F807B0F0BD04490C31D5E790070020B2
:10BD0000FF03000080AEFEFFC4E4010810B5FF2170
:10BD100001310748FEF7EEFE05480168C868802239
:10BD20001040FF388238C86002499002486110BD57
:10BD3000400700200004014010B57D2105F005FDFD
:10BD40004906C009084310BD10B5410EC0017D224F
:10BD50000023FBF7F7FD10BDFEE7000008B50B4818
:10BD6000C26A02210A43C262C06A084000900848C1
:10BD700011214160002181600321C160C021016067
:10BD800001460448FEF75EF808BD000000100240BE
:10BD90005C1E00200004005010B50E4C0022402113
:10BDA0002046FEF71EF904F099F900228021204672
:10BDB000FEF717F900F010F8012240212046FEF7A7
:10BDC00010F900F009F8002240212046FEF709F999
:10BDD00010BD00000004005008B50E200090401E69
:10BDE0000090FCD108BD000010B50E4C002240218F
:10BDF0002046FEF7F6F804F071F901228021204672
:10BE0000FEF7EFF8FFF7E8FF012240212046FEF79A
:10BE1000E8F8FFF7E1FF002240212046FEF7E1F8B5
:10BE200010BD000000040050F8B5074604F03AF9D0
:10BE30000024134E25466006040E002240213046A1
:10BE4000FEF7CFF8FFF7C8FF012240213046FEF78A
:10BE5000C8F880213046FEF7B7F8002801D0641CEE
:10BE6000E4B2FFF7B9FF6D1CEDB2082DE3D3002F4C
:10BE700003D0FFF791FF2046F8BDFFF7B5FFFAE7C3
:10BE80000004005070B515460C46064600F058F800
:10BE90007600F0B200F022F800F094F8002803D009
:10BEA00000F070F8012070BD00F04AF8761CF0B286
:10BEB00000F014F800F086F808E0012C0CD0012006
:10BEC000FFF7B2FF641E2870E4B26D1C002CF4D1A1
:10BED00000F058F8002070BD0020F1E770B505466D
:10BEE00004F0FCF8154E002240213046FEF779F8A8
:10BEF0000024280601D5012200E0002280213046DE
:10BF0000FEF76FF8FFF768FF012240213046FEF789
:10BF100068F8FFF761FF002240213046FEF761F824
:10BF2000012280213046FEF75CF86806050EFFF717
:10BF300053FF641CE4B2082CDBD370BD0004005036
:10BF400010B504F0CBF80E4C012280212046FEF7FC
:10BF500048F8012240212046FEF743F8FFF73CFF56
:10BF6000002280212046FEF73CF8FFF735FF002233
:10BF700040212046FEF735F8FFF72EFF10BD0000E8
:10BF80000004005010B504F0A9F80D4C0022402127
:10BF90002046FEF726F8002280212046FEF721F8F1
:10BFA000FFF71AFF012240212046FEF71AF801226E
:10BFB00080212046FEF715F8FFF70EFF10BD0000A8
:10BFC0000004005070B5002404F06CF8134D0122F9
:10BFD00080212846FEF705F8FFF7FEFE01224021EA
:10BFE0002846FDF7FEFFFFF7F7FE07E0641CE4B20A
:10BFF000FA2C03D9FFF7C6FF012070BD8021284627
:10C00000FDF7E2FF0028F1D1002240212846FDF78C
:10C01000E8FFFFF7E1FE002070BD000000040050C3
:10C0200070B50E460446FFF78BFF6006000EFFF763
:10C0300055FFFFF7C7FF0124094D002806D1304600
:10C04000FFF74CFFFFF7BEFF002804D0FFF79AFF71
:10C050006C70012070BDFFF795FF002070BD0000DF
:10C060009801002070B50546FFF754F80D4CA06B01
:10C0700021040843A063FEF75DF8FEF753F8E0687B
:10C080000121C9030843E060074801680422114305
:10C09000016001210846FEF75DF8A847FFF71AF88E
:10C0A00070BD00000010024000700040EFF31081EE
:10C0B00072B607480268002A01D0002005E04068F7
:10C0C000002801D0012000E0022081F31088704791
:10C0D0008C00002010B5EFF3108272B6064B0029D9
:10C0E0001C6803D0012903D1044300E084431C6091
:10C0F00082F3108810BD00008C00002010B50649A6
:10C10000064804F0E1FB0649044804F045FC0348F6
:10C1100004F054FC10BD00003DF800089404002019
:10C1200060EA0000F0B58FB00F460646FFF716FE36
:10C1300006200B908B200890AB20BC4C0C90002F5D
:10C1400075D002AD032F70D028460C300D90022F11
:10C150006CD0002720780B99FFF762FF0A20FDF7CB
:10C16000C1FC20780899FFF75BFF5020FDF7BAFC6F
:10C1700001AA02212078FFF785FE684600790102B6
:10C18000684640790818790068520A20FDF7AAFC31
:10C190007F1CFFB2062FDDD302A8FCF796FC4004FB
:10C1A000400C69460884FBF7B1FF0022A04BFBF767
:10C1B00091FE0222D243FBF76DFF00229D4BFBF75D
:10C1C000F1FE9D4A9D4BFBF785FE9D4A9D4BFBF77B
:10C1D000E9FEFBF7F5FF70605020FDF783FC0027B8
:10C1E00020780B99FFF71CFF0A20FDF77BFC2078D5
:10C1F0000C99FFF715FF5020FDF774FC6A460221E9
:10C200002078FFF73FFE68460078010268464078D4
:10C2100008187900491988810A20FDF763FC7F1C02
:10C22000FFB2062FDCD3BCE001E02BE095E02078E4
:10C230000B99FFF7F5FE0A20FDF754FC20780899CA
:10C24000FFF7EEFE5020FDF74DFC01AA02212078F9
:10C25000FFF718FE5020FDF745FC20780B99FFF7FB
:10C26000DFFE0A20FDF73EFC20780C99FFF7D8FE90
:10C270005020FDF737FC6A4602212078FFF702FEC6
:10C280000FB0F0BD002720780B99FFF7C9FE0A20F8
:10C29000FDF728FC20780899FFF7C2FE5020FDF733
:10C2A00021FC01AA02212078FFF7ECFD6846007905
:10C2B0000102684640790818790068520A20FDF7A3
:10C2C00011FC7F1CFFB2062FDDD302A8FCF7FDFB9B
:10C2D0004004400C69460884FBF718FF0022544BC9
:10C2E000FBF7F8FD0222D243FBF7D4FE0022514BAC
:10C2F000FBF758FE504A514BFBF7ECFD504A514BAF
:10C30000FBF750FEFBF75CFF70605020FDF7EAFB87
:10C31000002620780B99FFF783FE0A20FDF7E2FB49
:10C3200020780C99FFF77CFE5020FDF7DBFB6A4676
:10C3300002212078FFF7A6FD6846007801026846D2
:10C34000407808187100491988810A20FDF7CAFB56
:10C35000761CF6B2062EDCD392E7002720780B99E4
:10C36000FFF75EFE0A20FDF7BDFB20780C99FFF772
:10C3700057FE5020FDF7B6FB6A4602212078FFF7F2
:10C3800081FD684600780102684640780818790007
:10C39000491988810A20FDF7A5FB7F1CFFB2062FF3
:10C3A000DCD30D98FCF791FB45046D0C6846458481
:10C3B00023D06068FBF7F0FE04460F462846FBF7E3
:10C3C000A5FE00221A4BFBF785FD0222D243FBF7A4
:10C3D00061FE0022174BFBF7E5FD00221A4BFBF72D
:10C3E00079FD0022194BFBF7DDFD22463B46FBF7AA
:10C3F00071FDFBF7E5FE306042E72846FBF786FE5D
:10C4000000220B4BFBF766FD0222D243FBF742FEF4
:10C410000022084BFBF7C6FD00220B4BFBF75AFD31
:10C4200000220A4BFBF7BEFDE3E700009801002065
:10C4300000404F4080842E41A4703D0AD79378403D
:10C44000EC51B81E85EB094000408F4000002840A9
:10C4500010B512481049016000210122D207C163C2
:10C460004260C1610122816142630723816083636D
:10C47000026102462032C160117051700423436191
:10C48000816207481173416B4215114341630348B0
:10C49000FDF790F810BD0000002401408405002045
:10C4A0000010024008B50848016B012211430163E6
:10C4B000006B10400022009011460A20FDF72EFE6E
:10C4C0000A20FDF71FFE08BD00100240F0B54D48E0
:10C4D0009FB0C16A80263143C162C16A31401E915A
:10C4E000C26A04210A43C262C26A0A401E92C16A39
:10C4F00001252943C162C16A29401E91C26A0221F5
:10C500000A43C262C06A08401E9014216846FBF7C5
:10C51000FAFA3D4800900327002405206946019758
:10C5200002940007FDF78EFC384800906946019799
:10C5300002943748FDF786FC142114A8FBF7E3FAB0
:10C5400034481590052014A9149616940007FDF799
:10C5500079FC142105A8FBF7D6FA0720000305A9EA
:10C560000897079421C12A480839FDF76BFC00227F
:10C5700029032748FDF735FD6E0300223146244884
:10C58000FDF72FFD0022A9032148FDF72AFD142104
:10C590000AA8FBF7B8FA0AA91F480D970A960B9547
:10C5A0000C94FDF74FFC012231461B48FDF719FDA5
:10C5B000142119A8FBF7A7FA7803199005201A94FB
:10C5C00019A91B940007FDF73DFC14210FA8FBF7E8
:10C5D0009AFA1194114C0F950FA9129710952046B5
:10C5E000FDF730FC012211462046FDF7FAFC00223F
:10C5F00002210720FDF792FD0720FDF783FD1FB004
:10C60000F0BD000000100240739F0000FBFF00001F
:10C61000000400500000211000080050001C0050D1
:10C6200010B5084806490160062141600649C1600D
:10C630008160FDF7E3FC002801D0FCF7DFFC10BDB2
:10C6400000300040E0050020FF0F000010B50F484B
:10C650000D490160E1214902416000218160C16012
:10C6600001610C228161426101623021416201213C
:10C67000090381634900C163FEF7E4FE002801D08D
:10C68000FCF7BCFC10BD000000480040F005002095
:10C6900010B50C480A4901604B21C90141600021D5
:10C6A0008160C16001618161C1610C2201624261EE
:10C6B0004162FEF7C7FE002801D0FCF79FFC10BDC9
:10C6C000004400407406002010B5012104464905CD
:10C6D000FEF73AFD2046FEF725FD10BDF0B50446F5
:10C6E00087B000200290F84D0120E8706B21F748D8
:10C6F00009014118227805912030F549019008463A
:10C7000020300090007D049008464030039000984F
:10C71000582600270078498C602A01D301F0FBFEDF
:10C7200053007B449B885B009F445F008500090B9E
:10C73000FB0023016901D50045015701090BD7070B
:10C740005B048201A203E303F3037F048F04A904C3
:10C75000C704E004F8049607F5071E085E0A8E0A6F
:10C760009E0AB80ADB0AFD0A220B440B5E0B650B1E
:10C770006F0B770B960BF70E130F270F090B330F69
:10C780002B0F3D0F4D0F15051207260747076807AA
:10C790007B07B40DDC0DEC0DFC0D250E110E150EF6
:10C7A0001B0E1F0E370E3F0E700E830E9F0EF810DD
:10C7B00024113911090B511146116D119011DE121E
:10C7C0002514090B090B1015841231143C144A145A
:10C7D000561488149A14A215090B7E04BD154A0834
:10C7E0006F127912EB116203B60100200CF08CFF7E
:10C7F000082809D0572604F055F80146B5A004F0E2
:10C8000069FF7D24E4000DE0BA4807700120207024
:10C8100004F048F80146B8A06BE007F0E1FE2046BE
:10C82000FDF760F90121052049030007FDF7CCFB66
:10C830000128F2D0F8E3B7480078012806D014E0C8
:10C8400007F0CEFE7D20C000FDF74CF90121052048
:10C8500049030007FDF7B8FB0128F1D0AD48007887
:10C86000012802D1AC48FDF73DF900200CF0B2FFE1
:10C87000082808D0572604F015F80146A7A004F0B0
:10C8800029FFA7A0EFE3AE48007801280DD0A1480A
:10C89000007801281DD00620207004F003F801461E
:10C8A000A8A004F017FFA8A0ECE7B1A10598FBF73A
:10C8B00041F9002801D00F2000E00E202070287AD6
:10C8C000012803D17D204001FDF70CF99C48077039
:10C8D000E3E70B20E0E700200DF01AFA21280BD047
:10C8E000222810D0232815D0572603F0DBFF01465D
:10C8F000A1A004F0EFFE9DE70320207003F0D2FF1B
:10C900000146A9A0F5E70320207003F0CBFF014604
:10C91000AEA0EEE70320207003F0C4FF0146B4A0F0
:10C92000E7E700200DF01AFA082805D0572603F093
:10C93000B9FF0146B7A0DCE70420207003F0B2FF86
:10C94000614A01464C321446BBA004F0C3FE88A1E4
:10C950005E48FBF7EFF80028CDD010215B48FBF7CD
:10C96000D2F80F2221465948FBF7B4F808F066FCCC
:10C9700060E700200DF02EFA082805D0572603F0B6
:10C9800091FF0146B4A0B4E70720207003F08AFFAE
:10C990004D4A014638321446B8A004F09BFE4B487D
:10C9A000102110300090FBF7AEF80F2221460098BE
:10C9B000FBF790F83EE700200DF038FB082807D081
:10C9C00003F070FF0146B5A004F084FE0820CEE31A
:10C9D00003F068FF0146BBA0F6E700200DF0DEFA89
:10C9E000082807D003F05EFF0146C2A004F072FEE3
:10C9F0000520ECE703F056FF0146C948F6E70020A2
:10CA00000DF032FE08280BD0572603F04BFF0146ED
:10CA1000C4A004F05FFEC4A011F0B0F80C20D6E76B
:10CA200003F040FF0146C9A004F054FEC8A0F3E79C
:10CA300026484FA1C130FBF77DF8002815D10DF035
:10CA4000F3F8082808D0572603F02CFF0146CDA0A4
:10CA500004F040FECCA006E003F024FF0146CFA086
:10CA600004F038FECEA011F089F841A10598FBF73B
:10CA700061F8002825D10E20A9E707F07DFD7D2073
:10CA8000C000FDF72FF803F00DFF0146CAA004F027
:10CA900021FECAA011F072F8012105204903000708
:10CAA000FDF792FA0028E8D001210520490300078C
:10CAB000FDF78AFA012805D1E87103F0F3FE01467B
:10CAC00088E124E28EE10000A0010020F2140020A1
:10CAD000CC0000205B25755D4E42494F54206469AF
:10CAE00064206E6F7420726573706F6E642E0D0A11
:10CAF00000000000280000205B25755D4E42494F74
:10CB0000542068617320726573706F6E6465642E63
:10CB10000D0A000014000020881300005B25755DDD
:10CB20004563686F206D6F6465207475726E65640F
:10CB3000206F6666206661696C65642E0D0A0000D0
:10CB4000130000205B25755D4563686F206D6F6481
:10CB500065207475726E6564206F666620737563F8
:10CB60006365737366756C6C792E0D0A00000000A6
:10CB70004E554C4C000000005B25755D526571758B
:10CB800065737420666F72206D616E756661637483
:10CB900075726572206D6F64656C206661696C6585
:10CBA000642E0D0A000000005B25755D4D6F646505
:10CBB0006C20696E666F726D6174696F6E3A424780
:10CBC00039352D4D312E0D0A000000005B25755DB5
:10CBD0004D6F64656C20696E666F726D6174696F0C
:10CBE0006E3A424739352D4D322E0D0A00000000B5
:10CBF0005B25755D4D6F64656C20696E666F726D47
:10CC00006174696F6E3A424739352D4D332E0D0AE6
:10CC1000000000005B25755D4661696C65642074E9
:10CC20006F207265616420494D4549206E756D62C3
:10CC300065722E0D0A0000005B25755D5468652045
:10CC4000494D4549206E756D6265722069733A25BC
:10CC5000732E0D0A000000005B25755D4661696C4E
:10CC6000656420746F207265616420494D534920CA
:10CC70006E756D6265722E0D0A0000005B25755D94
:10CC800054686520494D5349206E756D6265722068
:10CC900069733A25732E0D0A000000005B25755D4F
:10CCA0004661696C656420746F20736574207468D4
:10CCB00065204672657175656E63792062616E6488
:10CCC0002E0D0A005B25755D4672657175656E6394
:10CCD000792062616E6420636F6E66696775726148
:10CCE00074696F6E207375636365737366756C2EFC
:10CCF0000D0A00005B25755D4661696C65642074F2
:10CD00006F2073657420746865204E6574776F7248
:10CD10006B2043617465676F72792E0D0A00000005
:10CD2000642702085B25755D4661696C6564207443
:10CD30006F20736574207468652064617461206677
:10CD40006F726D61742E0D0A000000005B25755D29
:10CD500053657420746865206461746120666F7225
:10CD60006D617420666F722073656E64696E6720F2
:10CD7000616E6420726563656976696E672E0D0A5F
:10CD8000000000005B25755D4661696C6564207478
:10CD90006F207365742041504E0D0A005B25755D50
:10CDA0005365742041504E207375636365737366D9
:10CDB000756C6C790D0A00005B25755D436C6F73B3
:10CDC000696E67204E42206D6F64756C652E2E2E45
:10CDD0000D0A0000E7A004F07DFCE7A010F0CEFEF5
:10CDE000EE48077058202070ED490420C87021E5F6
:10CDF0005F202070EB480078002817D1EA480770C0
:10CE0000687C002807D00398C078002803D0E74941
:10CE10008968414301E0E54881687D20C0004143C5
:10CE2000E34803F0B9FDE24803F0C8FD687C002840
:10CE300012D09621DF48FAF766FED9482B7D42785A
:10CE4000DDA1DC4804F056FCDA4810F097FEE14919
:10CE50000878401C08706F740120A87103F022FD4F
:10CE60000146DDA004F036FCDCA010F087FEB6E041
:10CE7000012100224903E848FDF7B3F8C84903201F
:10CE8000C870E649E64803F087FDE6480078E87395
:10CE900000200DF077FA08280AD003F003FD0146C0
:10CEA000E1A004F017FCE1A010F068FE17208EE569
:10CEB0005820207003F0F6FCDA4C01462288E6A0E8
:10CEC00004F008FC9621BB48FAF71DFE2288E3A176
:10CED000B84804F00FFCB74810F050FED04803F0FB
:10CEE0006DFD03F0DFFC0146E7A004F0F3FBE7A0D3
:10CEF000C8E400200CF0AAFF082808D0572603F049
:10CF0000D1FC0146EEA004F0E5FBEEA0BAE40F2050
:10CF10005DE50F200CF0E4FF03F0C4FC0146A048DF
:10CF20004278EEA004F0D6FB287F0828287D09D09F
:10CF3000401C287558202070EF4801210170984846
:10CF4000877077E4009000280BD096219948FAF773
:10CF5000DAFDEAA19748009A04F0CCFB954810F05E
:10CF60000DFE96219348FAF7CEFD8D48DCA142785C
:10CF7000904804F0BFFB8F4810F000FEE6480078B0
:10CF800000280DD00398807B012809D1684603F062
:10CF90001BF90098E149401E4863E14901200870EF
:10CFA000287A00280BD00A2121707D4901248C7039
:10CFB000884900280F700399CF7002D005E0102136
:10CFC000F2E7D84809F07EF92C72FF20F53009F01D
:10CFD00079F9D5480770D5480770734807702F75E1
:10CFE00028E400200CF086FC082809D0572603F01E
:10CFF00059FC0146CEA004F06DFBCEA010F0BEFDA2
:10D000000098407D002801D0012801D0162004E0BE
:10D01000009800780328F9D12E202070CB480078A2
:10D0200001288ED10D20D2E4F3E300200DF09CFC0A
:10D03000082808D003F036FC0146C5A004F04AFBDE
:10D04000C4A010F09BFD1120C1E400200DF064FB92
:10D05000082809D0572603F025FC0146C7A004F094
:10D0600039FBC7A007E0D5E303F01CFC0146D1A0C3
:10D0700004F030FBD0A010F081FD1220A7E40020C6
:10D080000DF0B4FB082809D0572603F00BFC01462D
:10D09000D7A004F01FFBD7A010F070FD1320207064
:10D0A00003F000FC0146DCA004F014FBDBA010F050
:10D0B00065FD00200CF0EAFC1DE400200DF098FA5C
:10D0C000082809D0572603F0EDFB0146DDA004F047
:10D0D00001FBDDA010F052FD1420207003F0E2FBF4
:10D0E0000146E2A004F0F6FAE1A001E700200DF00D
:10D0F000FDF808280AD003F0D5FB0146E6A004F0AD
:10D10000E9FAE6A010F03AFD152060E403F0CAFB4E
:10D110000146E9A004F0DEFAE8A0F3E7F049F1489F
:10D12000FAF708FD00280CD10DF096FB08280AD06C
:10D1300003F0B8FB0146ECA004F0CCFAEBA010F031
:10D140001DFD0B2043E403F0ADFB0146EEA004F00F
:10D15000C1FAEEA0F3E700200BF05AFA082807D036
:10D160004F202070572603F09DFB0146E0E152E37B
:10D17000E1E100005B25755D4E42206D6F64756CCA
:10D180006520706F7765722D6F66662073756363B7
:10D1900065737366756C2E0D0A0000002C0000206C
:10D1A000D0010020360000202B000020CC00002001
:10D1B00080040020602100205369676E616C205359
:10D1C0007472656E6774683A2564202A25640D0AB6
:10D1D00000000000210000205B25755D5475726E13
:10D1E000206F666620746865206D6F64756C6520BD
:10D1F000726563656976696E6720616E6420736528
:10D200006E64696E672052462066756E6374696F3E
:10D210006E2E0D0A000000000008005010270000CC
:10D22000200500209E0000205B25755D474E53536E
:10D23000206661696C656420746F207475726E205D
:10D240006F6E206F7220474E5353206973207275A2
:10D250006E6E696E670D0A005B25755D53756363BD
:10D2600065737366756C6C79207475726E206F6E61
:10D2700020474E53532C4669782054696D656F756D
:10D28000743A2564730D0A005B25755D4E42206D6E
:10D290006F64756C65206973206F627461696E6973
:10D2A0006E67206C6F636174696F6E20696E666F64
:10D2B000726D6174696F6E2E2E2E0D0A00000000D3
:10D2C0005B25755D4661696C656420746F207365CC
:10D2D0007420434F50530D0A000000005B25755D1C
:10D2E0005369676E616C20537472656E6774683A37
:10D2F00025640D0A000000002F0000205369676EAE
:10D30000616C20537472656E6774683A3939202AEB
:10D3100025640D0A000000000C0000202001002000
:10D32000A1000020B80B00003100002030000020D8
:10D330005B25755D4661696C656420746F20676567
:10D34000742074696D650D0A00000000140000204F
:10D350005B25755D556E61626C6520746F2071751B
:10D36000657279206E6574776F726B20696E666F77
:10D37000726D6174696F6E0D0A0000005B25755D4A
:10D380004661696C656420746F20636F6E666967BF
:10D3900075726520706172616D6574657273206667
:10D3A0006F72205443502F495020636F6E7465781C
:10D3B000740D0A005B25755D537563636573736651
:10D3C000756C6C7920636F6E666967757265642031
:10D3D000706172616D657465727320666F7220543E
:10D3E00043502F495020636F6E746578740D0A00A6
:10D3F0005B25755D4661696C656420746F206465AA
:10D4000061637469766174652050445020636F6E67
:10D41000746578740D0A00005B25755D5375636350
:10D4200065737366756C6C79206465616374697685
:10D43000617465642050445020636F6E7465787425
:10D440000D0A00005B25755D4661696C656420749A
:10D450006F20616374697661746520504450206365
:10D460006F6E746578740D0A000000005B25755DB1
:10D470005375636365737366756C6C79206163744F
:10D480006976617465642050445020636F6E7465E2
:10D4900078740D0A000000005B25755D444E532032
:10D4A000636F6E66696775726174696F6E2066611D
:10D4B000696C65640D0A00005B25755D444E532060
:10D4C000636F6E66696775726174696F6E206973E8
:10D4D000207375636365737366756C0D0A000000D5
:10D4E00070CB0008621B00205B25755D4E545020F8
:10D4F000636F6E66696775726174696F6E206661CD
:10D50000696C65640D0A00005B25755D4E54502002
:10D51000636F6E66696775726174696F6E20697397
:10D52000207375636365737366756C0D0A00000084
:10D53000B9A0FFF7DEF90098807D012806D03020E1
:10D54000207003F0AFF90146BFA0F2E72F20F7E704
:10D5500000200BF0ADF8082807D04F202070572688
:10D5600003F0A0F90146C4A0E3E73020207003F0E7
:10D5700099F90146CFA0DCE700200BF00BF8082852
:10D5800007D04F2020706F7503F08CF90146D5A0AD
:10D59000CFE70098C07D002806D03120207003F02E
:10D5A00081F90146D7A0C4E7687D002801D05A2040
:10D5B00000E0162020706F75F1E7002009F058FC9C
:10D5C000082807D04F2020706F7503F06BF90146D3
:10D5D000DBA0AEE70098C07D012806D03220207085
:10D5E00003F060F90146E1A0A3E7687D002801D0BF
:10D5F0005A2000E0162020706F75F1E7002009F036
:10D600007DFC082806D04F20207003F04BF901461E
:10D61000E3A08EE73320207003F044F90146ECA02C
:10D6200087E7002009F0B2FC082806D04F202070C0
:10D6300003F038F90146F4A00AE0687D002801D023
:10D640005A2000E01620207003F02CF90146FAA0C1
:10D6500004F040F86F7574E4019808F0B1FC0128FB
:10D6600018D0019808F0ACFC022813D0019808F0FB
:10D67000E5FC01280ED0019808F0E0FC022809D052
:10D6800000988079012805D000200CF0D1FD0828F1
:10D6900010D056E4F6480078012809D05A202070AE
:10D6A00003F000F90146F3A004F014F8F2A01FE41F
:10D6B0000D20F4E703F0F6F80146F7A004F00AF8AD
:10D6C000F6A010F05BFA58202070FB48032101718E
:10D6D0000421C1700120A87433E400200CF0AAF9E1
:10D6E000082809D003F0DEF80146F44803F0F2FF01
:10D6F000F248001D10F042FA0098407D012803D145
:10D7000000980078032801D05A208CE42E20207045
:10D710000120687515E400200CF002FF0146182076
:10D7200008290FD0E97B0A390906090EE97312D0DE
:10D73000E34803F043F95820207003F0B3F80146A2
:10D74000E0A0F6E6207003F0ADF80146E5A003F096
:10D75000C1FFE5A0C9E4207003F0A4F80146EEA0E3
:10D7600003F0B8FFEDA0C0E401225103F548FCF737
:10D7700038FC00200CF000FF0828F34801780BD09B
:10D78000012919D05A20207003F08CF80146EFA02F
:10D7900003F0A0FFEEA0A8E4012909D05A202070D0
:10D7A00003F080F80146F1A003F094FFF0A09CE4A0
:10D7B0005F2121700770F3E75F2121700770E3E7B5
:10D7C0000222BD490128CA704F7106D0022806D036
:10D7D000032806D0042806D007E0192004E02620FC
:10D7E00002E0342000E0422020709621E848FAF759
:10D7F0008AF9E84CE8A1E648E26903F07BFFE448D7
:10D8000010F0BCF903F04EF8E2690146501CE061EB
:10D81000D0E165E365E365E35B25755D4661696CB1
:10D82000656420746F20636F6E666967757265202A
:10D8300061757468656E7469636174696F6E206D7B
:10D840006F64650D0A0000005B25755D4D616E61BA
:10D8500067652073657276657220616E6420636C03
:10D8600069656E742061757468656E74696361744E
:10D87000696F6E2E0D0A00005B25755D4661696C4F
:10D88000656420746F20636F6E66696775726520CA
:10D89000736572766572204E616D6520496E6469AC
:10D8A000636174696F6E20666561747572650D0AD7
:10D8B000000000005B25755D456E61626C6520535C
:10D8C0006572766572204E616D6520496E6469638C
:10D8D0006174696F6E20666561747572652E0D0ADC
:10D8E000000000005B25755D4661696C656420740D
:10D8F0006F20656E61626C652053534C206D6F64C0
:10D90000650D0A005B25755D456E61626C6520538F
:10D91000534C20616E6420636F6E66696775726533
:10D920002053534C20636F6E746578742F636F6E51
:10D930006E65637420696E6465782E0D0A000000C0
:10D940005B25755D4661696C656420746F20636F4B
:10D950006E666967757265204341206365727469FC
:10D960006669636174650D0A000000005B25755DE2
:10D97000436F6E66696775726520746865207061B3
:10D980007468206F6620434120636572746966691C
:10D990006361746520666F722053534C2E0D0A002C
:10D9A0005B25755D4661696C656420746F20636FEB
:10D9B0006E66696775726520636C69656E74206355
:10D9C000657274696669636174650D0A0000000020
:10D9D0005B25755D436F6E66696775726520746857
:10D9E000652070617468206F6620636C69656E7471
:10D9F00020636572746966696361746520666F721D
:10DA00002053534C2E0D0A005B25755D4661696CF1
:10DA1000656420746F20636F6E6669677572652038
:10DA2000636C69656E742070726976617465206BD1
:10DA300065790D0A000000005B25755D436F6E6619
:10DA40006967757265207468652070617468206FFD
:10DA50006620636C69656E742070726976617465A6
:10DA6000206B657920666F722053534C2E0D0A008F
:10DA70009C0000205B25755D4E6F20444E53207244
:10DA800065736F6C7574696F6E20726571756972FC
:10DA900065640D0A000000005B25755D5265736FBB
:10DAA0006C76696E6720646F6D61696E206E616D62
:10DAB000652E2E2E0D0A0000D001002030D3000864
:10DAC000200500205B25755D536561726368696E92
:10DAD0006720666F72206C6F636174696F6E2E2EA3
:10DAE0002E0D0A005B25755D537563636573736660
:10DAF000756C6C79206F627461696E6564206C6FFF
:10DB0000636174696F6E20696E666F726D617469AE
:10DB10006F6E0D0A000000005B25755D4661696C43
:10DB2000656420746F206F627461696E206C6F632E
:10DB30006174696F6E20696E666F726D6174696F72
:10DB40006E0D0A0000080050140000205B25755D72
:10DB50004661696C656420746F207475726E206F05
:10DB6000666620474E53530D0A0000005B25755D25
:10DB70005375636365737366756C6C792074757225
:10DB80006E206F666620474E53530D0A000000005A
:10DB900060210020CC0000202A2A2A2A2A55706CF5
:10DBA0006F61642073746172743A25752A2A2A2A77
:10DBB0002A0D0A00CCA003F08DFD10F06DF9608FE6
:10DBC000D14988420AD10098407E012806D128799F
:10DBD000002803D106F06CFD01202871CB480421F8
:10DBE000406BF9F790FF36E5C9490198F9F7A2FFB4
:10DBF000002805D1C649C748F9F79CFF002809D07D
:10DC00005D20207002F04EFE0146C3A003F062FDCD
:10DC1000C2A04CE5002009F047FA08280AD05D2090
:10DC20005726207002F03EFE0146C6A003F052FDCA
:10DC3000C5A03CE51A20207002F034FE0146C9A0C0
:10DC400003F048FDC8A032E5002009F0B5FA0A2823
:10DC500075D024205726207002F024FE0146CBA068
:10DC600003F038FDCAA022E5002009F061FA082877
:10DC70000AD024205726207002F014FE0146CDA0C1
:10DC800003F028FDCCA012E51C20207002F00AFE53
:10DC90000146D24803F01EFDD14808E5002009F0F6
:10DCA0000FFB08280AD024205726207002F0FAFD26
:10DCB0000146CCA003F00EFDCBA0F8E495489449B2
:10DCC0008130F9F737FF002801D0212000E01D2026
:10DCD000207002F0E7FD0146CFA003F0FBFCCFA0CF
:10DCE000E5E4002009F03CFB08280AD02420572650
:10DCF000207002F0D7FD0146D4A003F0EBFCD4A0C5
:10DD0000D5E48349DE48F9F715FF002801D021202A
:10DD100000E01E20207002F0C5FD0146D9A003F0EE
:10DD2000D9FCD9A0C3E4002009F06AFB08280CD074
:10DD300024205726207002F0B5FD014600E005E3DF
:10DD4000DDA003F0C7FCDDA0B1E4CD48704981300F
:10DD5000F9F7F0FE002801D0212000E01F202070FC
:10DD600002F0A0FD0146E1A003F0B4FCE0A09EE4B7
:10DD7000002009F095FB08280AD02420572620709F
:10DD800002F090FD0146E6A003F0A4FCE5A08EE4BD
:10DD90005F49F048F9F7CEFE002801D0212000E0CD
:10DDA0002020207002F07EFD0146EBA003F092FCE3
:10DDB000EAA07CE4002009F0C3FB08280AD0242054
:10DDC0005726207002F06EFD0146F0A003F082FCA1
:10DDD000EFA06CE42120207002F064FD0146F8A061
:10DDE00003F078FCF7A062E4002009F089FC082821
:10DDF00006D122202070002009F0C8FC082802D09B
:10DE000057262420D0E22320EBE30846FBF76AFEE6
:10DE100001206873EF7228747DE3002009F004F993
:10DE200011280AD05C205726207002F03BFD0146E5
:10DE3000F0A003F04FFCF0A039E4687B002801D08B
:10DE40005B2000E05C20207002F02CFD0146F2A077
:10DE500003F040FCF1A02AE4002009F01FFD242873
:10DE600004D020280CD01F2838D054E31B20207069
:10DE700002F018FD0146F3A003F02CFCF2A016E41A
:10DE8000287B012808D1002009F03AFC082802D19B
:10DE9000002009F07BFC2F73F9480078012809D194
:10DEA000002009F02DFC082802D1002009F06EFCAA
:10DEB000F3480770F3480078012808D10098007DE6
:10DEC000052804D1F048FAF74DFFEE480770EF48F7
:10DED0002F740178002902D1242016E4D8E109E347
:10DEE000C2E257E2BEE300005B25755D2A2A2A2ABA
:10DEF0002A55706C6F61642073746172743A257571
:10DF00002A2A2A2A2A0D0A00FFFF0000D001002039
:10DF100070CB0008A91800205B25755D434F415068
:10DF200020706172616D6574657220636F6E6669E1
:10DF30006775726174696F6E206572726F720D0A17
:10DF4000000000005B25755D434F415020636F6EFC
:10DF500066696775726174696F6E206661696C6568
:10DF6000640D0A005B25755D434F415020636F6E61
:10DF700066696775726174696F6E20737563636536
:10DF8000737366756C6C790D0A0000005B25755D16
:10DF90004661696C656420746F20437265617465C5
:10DFA000206120436F41502073657373696F6E0D5C
:10DFB0000A0000005B25755D4661696C656420742C
:10DFC0006F20536574206120436F4150206D65734D
:10DFD000736167652049440D0A000000FC270208B0
:10DFE000002802085B25755D4661696C65642074D4
:10DFF0006F20636F6E66696775726520746865204F
:10E00000436F4150206F7074696F6E20696E646554
:10E010007820310D0A0000005B25755D5375636340
:10E0200065737366756C6C7920636F6E666967756E
:10E0300072656420436F4150206F7074696F6E2069
:10E04000696E64657820310D0A0000005B25755DFE
:10E050004661696C656420746F20636F6E666967E2
:10E060007572652074686520436F4150206F70742D
:10E07000696F6E20696E64657820320D0A000000B9
:10E08000AB1900205B25755D53756363657373661B
:10E09000756C6C7920636F6E666967757265642054
:10E0A000436F4150206F7074696F6E20696E6465B4
:10E0B0007820320D0A0000005B25755D4661696CB1
:10E0C000656420746F20636F6E6669677572652082
:10E0D00074686520436F4150206F7074696F6E20C3
:10E0E000696E64657820330D0A0000005B25755D5C
:10E0F0005375636365737366756C6C7920636F6EBB
:10E100006669677572656420436F4150206F707453
:10E11000696F6E20696E64657820330D0A00000017
:10E120005B25755D4661696C656420746F20636F63
:10E130006E6669677572652074686520436F41502B
:10E14000206F7074696F6E20696E64657820340D7D
:10E150000A000000AD1A00205B25755D53756363EE
:10E1600065737366756C6C7920636F6E666967752D
:10E1700072656420436F4150206F7074696F6E2028
:10E18000696E64657820340D0A0000005B25755DBA
:10E190004661696C656420746F20636F6E666967A1
:10E1A0007572652074686520436F4150206F7074EC
:10E1B000696F6E20696E64657820350D0A00000075
:10E1C0005B25755D5375636365737366756C6C79F8
:10E1D00020636F6E6669677572656420436F415096
:10E1E000206F7074696F6E20696E64657820350DDC
:10E1F0000A0000005B25755D4661696C65642074EA
:10E200006F20636C6F736520436F4150207365739B
:10E2100073696F6E0D0A00005B25755D436C6F734B
:10E2200065642074686520436F4150207365737383
:10E23000696F6E207375636365737366756C6C7953
:10E240000D0A00005B25755D437265617465206190
:10E2500020436F41502073657373696F6E20616E48
:10E260006420636F6E6E65637420746F20746865DC
:10E2700020436F4150207365727665720D0A00006D
:10E28000A60000209800002020010020A10000200E
:10E290002F7421E6F4490198F9F74CFC002805D1C8
:10E2A000F149F248F9F746FC002809D05D202070BA
:10E2B00002F0F8FA0146EEA003F00CFAEDA0A8E493
:10E2C000002009F05DFB08280AD05D205726207049
:10E2D00002F0E8FA0146F1A003F0FCF9F0A098E49E
:10E2E0003520FAE5002009F0B7FC08282ED04020A0
:10E2F0005726207002F0D6FA0146F0A003F0EAF9A2
:10E30000EFA0FBE3002009F06FFB0828EED04020CF
:10E310005726207002F0C6FA0146F4A003F0DAF99D
:10E32000F3A0EBE3002009F0D9FF08280AD0402031
:10E330005726207002F0B6FA0146F5A003F0CAF99C
:10E34000F4A0DBE3FB48408CFBF7CCFBE3E00020D0
:10E3500009F0F8FC02E0002009F07CFD082808D054
:10E360000EE0002009F0E2FDF8E7002009F04CFE85
:10E37000F4E73D20B1E5002009F0B2FE08280AD0FC
:10E3800040205726207002F08DFA0146EAA003F0E3
:10E39000A1F9EAA0B2E33D202070002009F00CFFB3
:10E3A0000828D3D057264020FDE201202874687346
:10E3B000EF72287B012808D1002009F025FE0828EB
:10E3C00002D1002009F0F8FE2F73E14800780128FF
:10E3D00009D1002009F018FE082802D1002009F018
:10E3E000EBFEDB480770DB480078012808D1009875
:10E3F000007D052804D1D848FAF7B4FCD548077049
:10E40000D6480178002975D13F2066E5002009F043
:10E41000EDFB08280AD040205726207002F042FA6F
:10E420000146CFA003F056F9CEA00AE341202070A8
:10E4300019E0002009F06EFA08280AD05C2057265F
:10E44000207002F02FFA0146D2A003F043F9D2A0C7
:10E45000F7E25C20207002F025FA0146D7A003F015
:10E4600039F9D7A0EDE22F74B0E2002009F0D6FF11
:10E47000122835D006DC042849D00A2807D00C28F9
:10E4800049D10EE0142836D0182844D135E0362082
:10E49000207002F007FA0146D4A003F01BF9D4A0C3
:10E4A0002CE30098007D002808D0012808D002281D
:10E4B00008D0032808D0052808D009E0382006E055
:10E4C000392004E03A2002E03B2000E03C202070AC
:10E4D00002F0E8F90146D2A003F0FCF8D1A00DE368
:10E4E0003E20207002F0DEF90146D8A003F0F2F8D9
:10E4F000D7A003E3B7E0372073E05B20207002F081
:10E50000D1F90146DBA003F0E5F8DBA0F6E25726DF
:10E510002F745C20E1E45820DFE453490198F9F7B7
:10E5200009FB002809D05D20207002F0BBF90146EC
:10E53000E0A003F0CFF8E0A0E0E200200AF054FDF4
:10E54000082804D00120A87357262C20FFE127209B
:10E5500007E20498002805D000200AF07DFF082873
:10E5600009D004E000200BF051F80828D3D0012096
:10E57000A873572632E02820AFE400200AF0B4FC4C
:10E58000F3E70846FBF7AEFA012028742A21217030
:10E590001AE200200AF0E6FD082862D00120A873E4
:10E5A00057262C201CE200200AF068FC082801D025
:10E5B000AF732EE2A87B012803D05B202070AF73DD
:10E5C00038E25C20FAE700200BF06AF80E2807D04A
:10E5D00020280FD010289ED10120A8732C20E2E122
:10E5E0002B20207002F05EF90146BCA003F072F807
:10E5F000BBA083E202F056F90146C0A003F06AF81E
:10E60000BFA00FF0BBFA287B012808D100200AF038
:10E6100023FF082802D100200AF066FC2F734C4823
:10E620000078012809D100200AF016FF082802D13D
:10E6300000200AF059FC4648077046480078012837
:10E6400008D10098007D052804D14348FAF78AFBD9
:10E650004048077041482F740178002903D12C20CD
:10E660003BE4C6E149E236E270CB0008A717002080
:10E670005B25755D4D51545420706172616D6574F8
:10E68000657220636F6E66696775726174696F6E1B
:10E69000206572726F720D0A000000005B25755DC7
:10E6A0004D51545420636F6E666967757261746969
:10E6B0006F6E206661696C65640D0A005B25755D8F
:10E6C0004661696C656420746F206F70656E20749C
:10E6D0006865204D51545420636C69656E74206EDA
:10E6E0006574776F726B0D0A000000005B25755D25
:10E6F0004661696C656420746F20636F6E6E65633C
:10E700007420746F207365727665720D0A000000C4
:10E710005B25755D4661696C656420746F20737557
:10E720006273637269626520746F20746F706963CD
:10E730000D0A0000CC0000205B25755D4661696C08
:10E74000656420746F20536574205055420D0A0093
:10E75000A60000209800002020010020A100002039
:10E760005B25755D4661696C656420746F20646922
:10E7700073636F6E6E65637420636C69656E74207D
:10E7800066726F6D204D51545420736572766572B8
:10E790000D0A00005B25755D4661696C6564207437
:10E7A0006F20636C6F73652054435020636F6E6EEF
:10E7B000656374696F6E0D0A000000005B25755D6E
:10E7C0005468652054435020636F6E6E65637469AE
:10E7D0006F6E20697320636C6F736564207375635B
:10E7E0006365737366756C6C790D0A005B25755DE6
:10E7F0004F70656E656420746865204D51545420D7
:10E80000636C69656E74206E6574776F726B2073CC
:10E8100075636365737366756C6C790D0A0000002F
:10E820005B25755D5375636365737366756C6C7991
:10E8300020636F6E6E656374656420746F20746806
:10E8400065207365727665720D0A00005B25755D43
:10E8500053756273637269626520746F20746F70A0
:10E860006963207375636365737366756C6C790D8A
:10E870000A0000005B25755D5375636365737366FD
:10E88000756C6C7920646973636F6E6E6563746513
:10E89000642074686520636C69656E742066726FAD
:10E8A0006D20746865204D515454207365727665EF
:10E8B000720D0A005B25755D5544502070617261D0
:10E8C0006D6574657220636F6E66696775726174D9
:10E8D000696F6E206572726F720D0A005B25755D3F
:10E8E00055706C6F6164206461746120737563633B
:10E8F00065737366756C6C790D0A00005B25755D38
:10E90000446174616772616D2069732073656E7410
:10E910002062792052460D0A00000000F949019852
:10E92000F9F708F9002809D05D20207001F0BAFF3E
:10E930000146F5A002F0CEFEF4A0DFE0002009F0D1
:10E94000B9FF08280CD00120E87457264820207011
:10E9500001F0A8FF0146F6A002F0BCFEF5A0CDE054
:10E960004320207001F09EFF0146FBA002F0B2FEA2
:10E97000FAA0C3E00498002805D000200AF050F95E
:10E9800008280AD005E000200AF0FCF9082800D188
:10E99000C1E50120E874572663E04420A1E400208B
:10E9A00009F008FFF2E7207001F07CFF0146F5A0B6
:10E9B00002F090FEF4A0A1E0012028740846FBF7C5
:10E9C00091F84620207001206873EF72D2E2002097
:10E9D00009F0ECFF08280CD00120E87457264820E5
:10E9E000207001F05FFF0146EDA002F073FEEDA084
:10E9F00084E05820207001F055FF0146F1A002F09C
:10EA000069FEF1A07AE0002009F09EFE08280BD0F4
:10EA1000EF745C205726207001F044FF0146F4A0FB
:10EA200002F058FEF3A00CE0E87C01280CD05B203B
:10EA30002070EF7401F036FF0146F5A002F04AFEA7
:10EA4000F4A00FF09BF80EE55C20F1E700200AF03F
:10EA5000E1F90E2807D0202807D0102898D10120EE
:10EA6000E87448209FE74720BBE501F01BFF014603
:10EA7000F04802F02FFEEF48001D0FF07FF8287BD2
:10EA8000012808D100200AF0CBF8082802D1002084
:10EA900009F090FE2F73E8480078012809D1002082
:10EAA0000AF0BEF8082802D1002009F083FEE248EF
:10EAB0000770E2480078012808D10098007D0528F9
:10EAC00004D1DF48FAF74EF9DC480770DD482F74AF
:10EAD0000178002910D0077001202870DB49DA483E
:10EAE0000860DB49DB4801F0EFFEDB49D94801F063
:10EAF00053FF01F011FB0EE54820CFE30FF03EF885
:10EB0000CDE301F0CFFE0146D4A002F0E3FDD4A096
:10EB10000FF034F8D94804210770D948406BF8F752
:10EB2000F2FF687B002822D1E87A03281CD2D4485F
:10EB30000221C170477100980078012806D0022890
:10EB400006D0032806D0042806D007E0192004E0E8
:10EB5000262002E0342000E042202070E87A401CA9
:10EB6000E872687B002802D1E87A03284BD16879E3
:10EB7000002819D1C34881687D20C0004143C248A4
:10EB800001F00AFFC04801F019FF012068710398E5
:10EB9000C18800290DD07D20C0004143BB4801F051
:10EBA000FBFEBA4801F00AFF0398807B012804D0DD
:10EBB00024E0B64801F03AFFF6E7687B00281DD153
:10EBC000E87A03281AD10098807A002802D1B04947
:10EBD00001200870AF48007800280CD101A801F08E
:10EBE000F3FA00990198897A002902D0A549896829
:10EBF000401A93490863A74801210170A64807708D
:10EC0000EF725F2020706F7349E35D20207001F088
:10EC100049FE0146A1A002F05DFDA1A06EE701F052
:10EC200041FE0146A2A002F055FDA2A00EF0A6FFF3
:10EC30005D2033E301F036FE0146A3A002F04AFD59
:10EC4000A2A00EF09BFF01F02DFE0146A5A002F050
:10EC500041FDA5A00DE005F08FFC7D20C000FAF776
:10EC600041FF01F01FFE0146A84802F033FDA7480E
:10EC7000001D0EF083FF0121052049030007FBF76B
:10EC8000A3F90028E7D00121052049030007FBF77D
:10EC90009BF9012808D101F005FE01469C4802F0CD
:10ECA00019FD9CA00EF06AFF5820207074480421C2
:10ECB00081702F72A04CC1702078002803D09F482B
:10ECC000007802280BD96F4881687D20C00041433D
:10ECD0006D4801F061FE6C4801F070FE02E0984959
:10ECE000012008702770DAE206499648F8F722FFFB
:10ECF000002806D05520207003202876042068764E
:10ED000022E123E170CB00085B25755D5443502060
:10ED1000706172616D6574657220636F6E6669679C
:10ED200075726174696F6E206572726F720D0A0080
:10ED30005B25755D4661696C656420746F206F703A
:10ED4000656E206120536F636B6574205365727626
:10ED50006963650D0A0000005B25755D4F70656E87
:10ED6000206120536F636B6574205365727669630D
:10ED700065207375636365737366756C6C790D0AD2
:10ED8000000000005B25755D4661696C6564207458
:10ED90006F2075706C6F616420646174610D0A008E
:10EDA0005B25755D52657472696576652072656371
:10EDB00065697665642064617461206661696C656B
:10EDC000640D0A005B25755D526574726965766530
:10EDD0002074686520526563656976656420646F98
:10EDE000776E6C696E6B20446174610D0A000000DF
:10EDF0005B25755D4661696C656420746F20636C8A
:10EE00006F73652074686520706F72740D0A00005E
:10EE10005B25755D436C6F73652074686520706F4A
:10EE20007274207375636365737366756C6C790DAA
:10EE30000A000000FCE80008A6000020980000205E
:10EE400020010020A1000020808B0208C4000020C7
:10EE500065F900085C050020881300005B25755DDE
:10EE60002A2A2A2A2A456E64206F662075706C6FE4
:10EE700061642A2A2A2A2A0D0A000000290000209B
:10EE8000D0010020CC000020800400204805002094
:10EE9000350000200C0000200D0000205B25755D72
:10EEA00053656E6420636F6D706C6574650D0A0048
:10EEB0005B25755D4661696C656420746F207365C0
:10EEC0006E640D0A000000005B25755D5265737469
:10EED00061727420746865206D6F64756C652E2E88
:10EEE0002E0D0A005B25755D4E6F20726573706F85
:10EEF0006E7365207768656E207368757474696ECB
:10EF00006720646F776E0D0A00000000B8CD00081E
:10EF100074D100084E42206D6F64756C6520706F6F
:10EF20007765722D6F6666207375636365737366AC
:10EF3000756C2E0D0A0D0A00120000203900002009
:10EF40002B000020E21B0020E6A010E100200BF0C7
:10EF500015FE082809D00298401CC0B20290032870
:10EF6000F4D355202070E8A001E1582020700298C9
:10EF70000328F6D293E100200BF098FD082800D179
:10EF800006E50420687655202070E9A0EFE0F148FE
:10EF9000077000200BF050FE08285BD05520207031
:10EFA000EDA0E4E0EB490120087000200BF044FEE6
:10EFB00008284FD00520687655202070F0A0D6E0B4
:10EFC000E4490220087000200BF036FE082841D0EA
:10EFD00055202070F6A0CAE0FE48DE4907700320E5
:10EFE0000870FD48FD4A0068511C904201D8F8F7AE
:10EFF0007FFCFB480180EF83FA4807700120A87668
:10F0000000200BF019FE082806D00298401CC0B260
:10F0100002900328F4D30EE000200BF099FE08289C
:10F0200006D1A87E012801D1EF4908705820207030
:10F030000298032813D30120A875E4E0C5490420F1
:10F04000087000200BF0F8FD082803D05520207030
:10F05000E6A08CE000200BF07BFE082890D01EE19B
:10F06000E1480770002008F055FCFF202D30FAF72A
:10F0700039FD287E032808D2687E642805D04A20FE
:10F080002070E87D01285ED009E10BF0B9FED2487E
:10F090000068002802D1687E642802D06F762F763F
:10F0A0000EE0BFF34F8FDC49DA48C860BFF34F8FE3
:10F0B00000BFFDE705F060FA7D20C000FAF712FD01
:10F0C0000121052049030007FAF77EFF0028F1D04F
:10F0D0005820207002F092F9D0480770D0490420DF
:10F0E000C870D04814210770AF759A48EF75077043
:10F0F0006846F8F708FDCC48C26A02210A43C2629A
:10F10000C06ACA4C08400590072000030090012007
:10F11000019003200390029769462046FAF792FE79
:10F120000121002209032046FAF75BFF012100229A
:10F1300049032046FAF755FF002221012046FAF73D
:10F1400050FFBBA013E00120A875A8E000200BF041
:10F1500039FF5321142824D00CDC0A2813D00C28A2
:10F1600015D0112800D013E45B202070B54802F0C0
:10F17000B1FA94E01A2879D01B28F4D175480278A6
:10F18000012A37D038E04B202070AFA0EFE7A87DF0
:10F19000012803D050202070B0A0E8E7AF7521709F
:10F1A000FAE76C480078002808D001280DD0022822
:10F1B0000FD00328D7D004280ED070E09749012043
:10F1C000087051202070ABA0D1E758202070B4A067
:10F1D000CDE72170BFA0CAE75520207002F00EF9DC
:10F1E000C44802F077FAFF202D30FAF77BFC642048
:10F1F000687654E0522222705648007803284ED197
:10F20000A87D002801D04A2048E02170AF76BA4896
:10F21000017801291DD10770B8480770B849B94A6B
:10F220000888401C08806C48128801688A1A0260AD
:10F23000B5480168881A64225043F8F759FB81B237
:10F2400029840120E875B1A002F044FA6420FAF79D
:10F2500049FC61480068002801D154202070A7486B
:10F26000017803291BD907703A480770552015E02B
:10F270006B49C978072908D0012808D0022808D08E
:10F28000032808D0042808D009E04E2006E02520F5
:10F2900004E02D2002E0412000E049202070EF70C2
:10F2A000304607B0F0BD5E480421C17081702F72F6
:10F2B0009B486F758068A82802D19A490120087080
:10F2C00099499A4801F000FB7D218901974801F096
:10F2D00063FB964801F072FB01F0E4FA014694A04A
:10F2E00038E100004F544120706172616D657465B2
:10F2F0007220636F6E66696775726174696F6E20E4
:10F300006572726F720D0A004661696C65642074E3
:10F310006F206F70656E20746865204F54412063C4
:10F320006C69656E74206E6574776F726B0D0A0080
:10F330004661696C656420746F20636F6E6E6563EF
:10F340007420746F206F7461207365727665720D1E
:10F350000A000000030000204661696C65642074A7
:10F360006F20536574206669726D776172652069DC
:10F370006E666F726D6174696F6E0D0A0000000039
:10F380004661696C656420746F20536574207265F2
:10F390007175657374206669726D77617265206935
:10F3A0006E666F726D6174696F6E0D0A0000000009
:10F3B0004661696C656420746F20536574207265C2
:10F3C000717565737420646F776E6C6F61640D0A7C
:10F3D000000000002C00002080000020030400003A
:10F3E0003C00002007000020050000204661696CF9
:10F3F000656420746F20536574206F74612075708C
:10F400006461746520696E666F726D6174696F6E98
:10F410000D0A00000400FA0500ED00E008000020DD
:10F42000D00100209700002000100240000400508E
:10F43000436C6F7365204F5441207570677261642F
:10F44000650D0A0014EE00084D515454206F70658C
:10F450006E20737563636573730D0A004D515454C8
:10F4600020636F6E6E656374207375636365737379
:10F470000D0A000055706C6F6164206669726D77CB
:10F4800061726520696E666F726D6174696F6E205E
:10F490007375636365737366756C6C790D0A000030
:10F4A00055706C6F61642072657175657374206648
:10F4B00069726D7761726520696E666F726D6174D5
:10F4C000696F6E207375636365737366756C6C79B1
:10F4D0000D0A00005265717565737420646F776E54
:10F4E0006C6F6164207375636365737366756C6CB0
:10F4F000790D0A00A82702080A0000200B0000204E
:10F500007C0000203E00002084000020446F776EC5
:10F510006C6F6164696E6720256425250D0A000003
:10F520000000080837000020759F0108E40400204F
:10F530005B25755D4E42206D6F64756C6520697347
:10F5400020696E697469616C697A696E672E2E2E06
:10F550000D0A000002F0BEF858202070A0E600005E
:10F56000F8B52EA002F0B6F801F072FF02F03CF8F8
:10F57000684602F00FF80126760305273F0705E0ED
:10F5800005F02EF87D20C000FAF7ACFA3146384677
:10F59000FAF71AFD0128F3D000200AF01BF968469B
:10F5A0000078214D00245E2803D168464078402829
:10F5B00013D01EA002F08EF822490420C870224801
:10F5C0000221017001F01AFF2C7200200AF0D8FA13
:10F5D0000BF016FC7D25ED0016E01CA002F07AF879
:10F5E000AC71012040026887EC712C726C720020B3
:10F5F0000AF0C6FA0C484A2120300170F8BD04F028
:10F60000BBFF2846FAF76EFA31463846FAF7DCFCBB
:10F610000028F4D00C480470F8BD00004657206361
:10F620006865636B0D0A0000000000204861726489
:10F6300077617265204E6F7420537570706F7274AD
:10F640000D0A0000D0010020B9010020537563634A
:10F6500065737366756C6C79206177616B656E6537
:10F6600064206D6F64756C650D0A0000F8B565481F
:10F67000654F0278398E786B624C4254398E012680
:10F680000025643C786B2C2A0ED1E279002A0BD13C
:10F69000A279521CA271A279032A05D3A571E67141
:10F6A000A28F521C8A186287491C398601782B293F
:10F6B00006D00179522903D0E179002900D13D8695
:10F6C000398E628F91427DD9082250A1F8F77BFADA
:10F6D000002877D1E571A08FE0874B48618F406BA0
:10F6E000C91E415C628F825C12061143628F638F78
:10F6F000521E825C12049B1EC35C1B021A43114300
:10F70000A164618F4018A18F401AA18F401C091F6E
:10F7100006F02CFAE064A16C024681425FD1A67229
:10F72000A08F001FA087608FA18F364F401A243F03
:10F73000001F78804DE0FF22511C3748F8F7DCF9B4
:10F74000A08FBD80FF2814D92F493348496B0AE0A8
:10F750007A88BB88521C8A5CC2547A88521C7A8090
:10F76000BA88521CBA80BA88FF2AF1D9FF2001302A
:10F7700015E02548406B0BE07988BB88491C425C4A
:10F780002549CA547988491C7980B988491CB980AF
:10F79000A18FBA88C9B29142EED8A08FC0B238808A
:10F7A000A08F3988401AA0873888002811D001F02E
:10F7B0006DFF3A881848216D01F09AFE01F050FF64
:10F7C000052000E01DE0FAF78DF93988206D40181A
:10F7D00020657988608F001F8142ACDB09E00F4B08
:10F7E00007201870A572E07A401CE0720CA001F0AE
:10F7F00071FFE078032800D1A670012040026087E5
:10F800006571F8BD64000020D00100202B514D54DB
:10F81000524543560000000058030020B901002063
:10F82000435243206572726F72202530385820256C
:10F830003038580D0A0000007047000010B5052050
:10F8400020210007FAF7C0FB012806D0074801F085
:10F85000EDF807480121017510BD0649034801F084
:10F860009BF8024801F0AAF810BD000094040020A3
:10F870002000002060EA000010B50B490B4801F0A1
:10F880008BF80A4801F09AF809480178012907D055
:10F890004078012804D0064801212030817010BD35
:10F8A0000448FAF7DDFB10BD1027000070050020AA
:10F8B00000000020E005002010B5044801F0B6F873
:10F8C000034800214173817210BD0000D004002064
:10F8D0002000002010B50B4801F0A8F80A4C0121C7
:10F8E000002249032046FAF77CFB00222101204632
:10F8F000FAF777FB0121002209032046FAF771FB92
:10F9000010BD0000BC0400200004005070B5124C73
:10F910000125E27FAD03114E0A2A0DD8521CE27771
:10F9200064210F4801F038F80D4801F047F82946E6
:10F930003046FAF74EFB70BD094801F077F8002217
:10F9400029463046FAF74DFB0349002020318873E1
:10F95000E07701F041FF00000000002000040050AB
:10F96000A804002010B5034801F060F80249012006
:10F97000087610BD5C05002000000020F0B5334F74
:10F98000334CB86891B0002854D020790025002865
:10F990000AD10EA800F018FC03A90E9800F030FC64
:10F9A0000398A071012020712A480078002837D0E0
:10F9B000294E3C213068C8421FDD3C2830DA6846B9
:10F9C00000F002FC00983168401803A900F018FC10
:10F9D0000398C1B2A079002800D13C20002900D1B1
:10F9E0003C21401A45B23C20C54201DD3C2D00DBE4
:10F9F000002518480078002812D030683C21C84201
:10FA00000EDD3C280CDAB968401909187D20C000C9
:10FA10004143124800F0C0FF0E490020087006E084
:10FA20007D20B968C00041430C4800F0B5FF0B4889
:10FA300000F0C4FF0120E072A07D002804D1044939
:10FA40002039887B401C887311B0F0BDCC000020A9
:10FA500020000020A1010020C4010020800400201B
:10FA6000F0B5304F304C387991B0002855D06079DE
:10FA7000002500280AD10FA800F0A6FB04A90F98C2
:10FA800000F0BEFB0498E071012060712748007807
:10FA9000002839D0264E3C213068C8421FDD3C2862
:10FAA00032DA684600F090FB00983168401804A9EB
:10FAB00000F0A6FB0498C1B2E079002800D13C20F8
:10FAC000002900D13C21401A45B23C20C54201DD4D
:10FAD0003C2D00DB002515480078002814D0306844
:10FAE0003C21C84210DD3C280EDA3979114A401910
:10FAF00051437D22D200504309180F4800F04CFFBB
:10FB00000A490020087005E039790A4841430A484B
:10FB100000F042FF084800F051FF0120607511B06D
:10FB2000F0BD0000EC00002020000020A201002019
:10FB3000C401002060EA0000F8040020F8B51F4B63
:10FB4000FF275C01052501372D07A61100280DD0E0
:10FB500001281AD0022824D0032821D100292AD034
:10FB600001291DD101223946184617E039460022E5
:10FB70001F461846FAF735FA002221462846FAF7BA
:10FB800030FA01223146384608E0002904D0012924
:10FB900006D100223146E7E70122FBE7FAF721FA16
:10FBA000F8BD002905D00129FAD1012221462846B5
:10FBB000F4E70022FAE70022D5E700000004005035
:10FBC000F0B52E4891B0C26A02210A43C262C26AED
:10FBD0000A400F92C26A01242243C262C26A2240D2
:10FBE0000F92C26A0A43C262C06A08400F90142191
:10FBF0006846F7F788FF27020025032601AA009729
:10FC000070C269461E48FAF71DF9142105A8F7F7D6
:10FC10007AFFE00305A971C1052000071039FAF742
:10FC200011F914210AA8F7F76EFF60020AA971C141
:10FC300013481039FAF706F9002239461048FAF746
:10FC4000D0F905200022E1030007FAF7CAF90122E2
:10FC500051020B48FAF7C5F90A4CE068002803D0B6
:10FC600000210120FFF76AFF07492069884203D07D
:10FC700000210220FFF762FF11B0F0BD001002402A
:10FC800000040050CC000020FFFF0000704700007F
:10FC900010B50248FBF7C6FA10BD0000F0050020C1
:10FCA00001090A2200075143000F4018C0B27047F3
:10FCB0000022014602E00A39C9B2521C0A29FAD2CE
:10FCC0001007000E0843704770B504460068C1680D
:10FCD000490613D40021C943C160FAF789F97D268A
:10FCE0000546F60006E0FAF783F9401BB04201D959
:10FCF000032070BD2068C0684006F4D5002070BDA8
:10FD000010B50348FAF7C6FEFBF7C4FE10BD0000AD
:10FD100040070020F0B5C84C0546207885B0002883
:10FD200072D00421A86AF7F7EEFE012003900020AC
:10FD30000490C248C078022866D1C14E3078582855
:10FD400062D100202070BF49BF4800F025FEBE48A8
:10FD500000F034FEBD4C00206946626A12688300E0
:10FD6000CA50626A121D6262401C0228F5DBE0691B
:10FD70000290206AB54F84464C370099614520D8DF
:10FD8000029881421DD300291BD0A86AF7F7FDFE17
:10FD9000A96A019A4018AEA101F0ACFCA86AF7F775
:10FDA000F4FEA96A009A4018A9A101F0A3FC3878D2
:10FDB000022823D0042821D0A86AF7F7E6FEA885F8
:10FDC00055E0616AA448814202D30020039056E0C6
:10FDD00000990298814204D3614502D80120039022
:10FDE000D3E700206946626A12688300CA50626ADB
:10FDF000121D6262401C0228F5DBBEE7A86AF7F715
:10FE0000C4FEC003000CDAE706E100206946626A1E
:10FE100012688300CA50626A121D6262401C022886
:10FE2000F5DB0098E16988421DD3216A88421AD81F
:10FE3000A86AF7F7AAFEA96A019A401884A101F0FE
:10FE400059FCA86AF7F7A1FEA96A009A401880A198
:10FE500001F050FC3878022828D0042826D0A86A5F
:10FE6000F7F793FEA885606A7B49884207D2A86AA3
:10FE7000F7F78BFE01463F2000018142C5D9616A38
:10FE80007548814222D300F00DFD014673A001F0B8
:10FE900021FC6D4800F0CAFD387801280CD00228FA
:10FEA0000CD003280CD004280CD00DE0A86AF7F77A
:10FEB0006CFEC003000CD5E7242004E02C2002E0F7
:10FEC000402000E04820307001200490606AA06269
:10FED000236AE26926E002C8A062914201D39942F6
:10FEE00023D95D4988421DD300F0DCFC01465BA0AC
:10FEF00001F0F0FB544800F099FD3878012806D055
:10FF0000022806D0032806D0042806D007E02420C3
:10FF100004E02C2002E0402000E048203070012066
:10FF2000049002E04C498842D5D3039800280BD0B6
:10FF300072D03878524D01285DD002285FD0032856
:10FF400061D004286AD06FE03F4800F06FFD00F0F8
:10FF5000A9FC01464BA001F0BDFB0024A86AF7F7FD
:10FF600014FEA96A0022401839A101F0C3FB641CE9
:10FF7000E4B2082CF2D3387802280FD004280DD030
:10FF8000A86AF7F702FEA885387801280CD0022865
:10FF90000ED0032810D0042817D048E0A86AF7F73D
:10FFA000F4FDC003000CEEE7002007F0A9FB0FE012
:10FFB000002009F051FA0BE0002008F091F8082821
:10FFC00006D1002008F0F8F802E0002008F028FE32
:10FFD0003878012806D0022806D0032806D0042845
:10FFE00006D024E0242004E02C2002E0402000E0A1
:10FFF000482030701BE0002007F082FB11E0002059
:020000040801F1
:1000000009F02AFA0DE0002008F06AF808280BD160
:10001000002008F0D1F804E00CE0FFE7002008F031
:10002000FFFD082800D065620498002802D01C4912
:100030000020087005B0F0BD18000020D00100209D
:1000400020000020881300005C050020A000002094
:10005000252E38780000000080E902085B25755DD8
:1000600073656E642072657472696576652064617B
:10007000746120636F6D706C657465640D0D0A00AA
:10008000808B02085B25755D4E6F20646174612072
:100090007265747269657665640D0D0A0000000072
:1000A000A001002008B50A48C16A01221143C162BB
:1000B000C06A002110400090064841608160032121
:1000C000C1608021016001460348F9F7BBFE08BD0D
:1000D00000100240701E00200004005008B50A48BD
:1000E000C26A01210A43C262C06A08400090074800
:1000F0004160002181600321C160802101600146CF
:100100000348F9F79FFE08BD00100240841E00203E
:10011000000400507047000010B50349034800F088
:100120003BFCFFF71FFC10BD881300005C0500209E
:10013000F7B582B017460E4600241CE06000315C23
:100140008019407800900846F7F777FC3038C5B240
:10015000092D01D9ED1FEDB20098F7F76EFC30388C
:10016000C0B2092801D9C01FC0B2290108180299DC
:100170000855641CE4B2BC42E0D3204605B0F0BD93
:1001800010B5F9F775FF10BD0FB40CB50021019142
:10019000069A049989186A460091918A928B891867
:1001A00009B26A4691807D22D200914205DB009B14
:1001B0005B1C891A6A46009391800099019A06C0D7
:1001C00002B008BC04B0184710B5044688B000203F
:1001D0000190029002A8FBF7C1FB019004A903A8BB
:1001E000FBF79CFB0298009005A8019B049A0399D9
:1001F000FFF7CAFF0598069903C408B010BD0000B8
:100200003EB50D460024810C420C891804D0284AC2
:1002100064185143401AF6E72549884202D34942FF
:100220004018641C6A4601A9F8F732FD00986A4636
:10023000C0B2286002A90198F8F72AFD0098FF21B2
:10024000C0B2686002986F31C0B2A86019484A1EF7
:1002500005E083070FD01346E41A401C80B28307E1
:100260000BD01346A342F4D91349411813486961CE
:100270008A0704D005E00B46EEE70B46F2E71D22A5
:1002800042601C22C82900D14260012102E0E41A28
:10029000491C89B28B001B18803BDB6FA342F6D947
:1002A0004260641C0020EC60C043296128623EBDAE
:1002B00080510100B207000094F8FFFF68010020A0
:1002C00030B5054687B00020019002900C4602A888
:1002D000FBF744FB0190029800902246294603A8B0
:1002E000019B00F00CF8049903980691059068466C
:1002F0001821415E0598FBF721FB07B030BD0FB414
:100300000CB500210191069A0499891A6A46009158
:10031000918A928B891A09B26A469180002907DA7C
:10032000009A521E00927D22D20089186A4691805E
:100330000099019A06C002B008BC04B0184700003A
:1003400030B59DB038216846F7F7DDFB142117A8BA
:10035000F7F7D9FB24210EA8F7F7D5FB1C48016855
:100360000324E402A143C51449190160F9F7EAFE28
:1003700018480169A14301610E200090E810029025
:10038000012110200490059102200A9040040C9055
:100390000391000100240D900B946846FAF7FCF8D5
:1003A0000F2017900320189019941A9401211B9480
:1003B00017A8F9F7C7FF2E200E90082011904003D0
:1003C0000F90129513940EA8F9F7F6FE1DB030BDEC
:1003D000007000404010024010480168821511432F
:1003E0000160C1680E4A1140C16001680D4A1140A8
:1003F0000160816849084900816001680122920416
:1004000091430160C168FD2212049143C160002143
:1004100001610649044888607047000000100240EE
:100420000C40FF88F6FFF6FE0078000800ED00E0C3
:1004300010B5092109020848F7F765FB0648F7F7E8
:10044000A4FB05494018054901F054F90248F7F7A3
:100450009CFB0349088010BD2C280020402E020878
:100460000C02002010B5092109020948F7F74BFBDF
:100470000748F7F78AFB0649064B40181A4606A1BB
:1004800001F038F90248F7F780FB1149088010BDE8
:100490002C280020A61C00207B2263757272656EDA
:1004A000745F66775F7469746C65223A20222573E5
:1004B000222C202263757272656E745F66775F7698
:1004C000657273696F6E223A20222573227D0000C7
:1004D0000C02002010B5092109020948F7F713FBA7
:1004E0000748F7F752FB0649064B40181A460649DB
:1004F00001F000F90248F7F748FB0449088010BDF5
:100500002C280020A61C0020EC2D02080C02002044
:1005100010B5092109020948F7F7F5FA0748F7F776
:1005200034FB0649064A401806A101F0E3F80348E7
:10053000F7F72BFB1049088010BD00002C28002085
:10054000F21400207B22494D4549223A222573228C
:100550002C20224D657373616765223A202246691B
:10056000726D77617265205469746C65204D697392
:100570006D61746368227D000C02002010B50921B2
:1005800009020948F7F7BFFA0748F7F7FEFA0649E4
:10059000064A401806A101F0ADF80348F7F7F5FA4E
:1005A0001049088010BD00002C280020F214002003
:1005B0007B22494D4549223A222573222C20224D87
:1005C000657373616765223A2022486172647761BE
:1005D0007265204E6F7420537570706F7274227D37
:1005E000000000000C02002010B509210902094892
:1005F000F7F789FA0748F7F7C8FA0649064A401894
:1006000006A101F077F80348F7F7BFFA134908800D
:1006100010BD00002C280020F21400207B22494D40
:100620004549223A222573222C20224D657373619D
:100630006765223A20224572726F7220466F726D92
:100640006174203A20636F6D6D616E6420696E6322
:100650006F7272656374227D000000000C0200203E
:1006600010B5092109020948F7F74DFA0748F7F7CD
:100670008CFA0649064A401806A101F03BF80348E7
:10068000F7F783FA1249088010BD00002C280020DB
:10069000F21400207B22494D4549223A222573223B
:1006A0002C20224D657373616765223A20224F54D6
:1006B000412073657276657220636F6E6E65637438
:1006C000696E672074696D656F7574227D00000026
:1006D0000C02002010B5092109020948F7F713FAA6
:1006E0000748F7F752FA0649064A401806A101F0F2
:1006F00001F80348F7F749FA1149088010BD0000D6
:100700002C280020F21400207B22494D4549223A32
:10071000222573222C20224D657373616765223A6E
:1007200020224669726D77617265205469746C6528
:10073000206E6F7420666F756E64227D000000006D
:100740000C02002010B5092109020948F7F7DBF96E
:100750000748F7F71AFA0649064A401806A100F0BA
:10076000C9FF0348F7F711FA1149088010BD0000CE
:100770002C280020F21400207B22494D4549223AC2
:10078000222573222C20224D657373616765223AFE
:100790002022436F6E73697374656E74206669728C
:1007A0006D776172652056657273696F6E227D0088
:1007B0000C02002010B5092109020948F7F7A3F936
:1007C0000748F7F7E2F90649064A401806A100F083
:1007D00091FF0348F7F7D9F91049088010BD0000D0
:1007E0002C280020F21400207B22494D4549223A52
:1007F000222573222C20224D657373616765223A8E
:1008000020224669726D7761726520436865636B6B
:1008100053756D204572726F72227D000C020020AC
:1008200008B5092109020A48F7F76DF90848F7F7F2
:10083000ACF90749084B401806490091074A084996
:1008400000F058FF0248F7F7A0F90649088008BDF4
:100850002C2800200A27002019270020F21400204D
:10086000902E02080C02002010B509210902094847
:10087000F7F749F90748F7F788F90649064B401892
:100880001A46064900F036FF0248F7F77EF9044998
:10089000088010BD2C280020A61C00209C2D0208DA
:1008A0000C02002010B5FBF7D7F8FBF745FA10BD96
:1008B00070B50546FBF7D0F804462846FBF744FA26
:1008C000201AFBF739FA70BD002202604260027202
:1008D0000261C1607047000010B5054A1168002927
:1008E00001D000230B720161106000F03FF810BDD1
:1008F0006401002070B5FBF79BF80446FBF76EF926
:10090000031B194C206800282DD00146002507E064
:1009100016689E4202D9F61A166000E01560096951
:100920000A69002AF4D100281DD001692160C0683D
:10093000002800D1FEE780472068002813D0FBF78D
:100940007DF8014620680268914205D9016921605D
:10095000C0680028EFD1FEE7002804D0017A002902
:1009600001D100F003F870BD6401002070B50446A9
:10097000FBF75CF8054601202072FBF75FF8216861
:100980004019884201D8084603E0FBF757F84019A0
:100990002060FBF79FF870BD70B505460846FBF771
:1009A000D3F90446284600F041F8FBF73FF88442AB
:1009B00000D204462C606C6070BD0000F8B50400E5
:1009C000EFF3108572B62CD0174F3868014602E05D
:1009D000A04226D000690028FAD100266068206075
:1009E000267200290CD0FBF729F82168091821602C
:1009F00038680268914206D22046FFF76DFF10E08A
:100A0000FBF7ECF8F8E70169002908D022680B68C9
:100A10009A4201D90846F6E70461216101E00461C8
:100A2000266185F31088F8BD6401002070B5EFF3EE
:100A3000108572B6144C21680A1E21D000281FD0E0
:100A400081421BD1087A00260128086903D00028BA
:100A50000AD0206014E0002804D00E722060FFF756
:100A600085FF0DE0FBF752F9266009E0814203D1D2
:100A700008691061002803E00A4609690029F5D1D8
:100A800085F3108870BD00006401002010B5818CD2
:100A9000C90707D001684A6801235B049A43836A47
:100AA0001A434A60818C890707D501684A68012387
:100AB0001B049A43C36A1A434A60818C490707D5CD
:100AC00001684A6801239B049A43036B1A434A60F6
:100AD000818C090707D501684A680123DB039A4323
:100AE000436B1A434A60818CC90607D50268916836
:100AF00001231B039943836B19439160818C890601
:100B000007D501688A6801235B039A43C36B1A43C4
:100B10008A60818C490612D503685A68012109054B
:100B2000046C8A4322435A60026C8A4207D10268ED
:100B3000516803235B059943436C19435160818CD1
:100B4000090607D501684A680123DB04806C9A43D3
:100B500002434A6010BD0000F8B50446002680300C
:100B60000660F9F745FA054620680068124F00074D
:100B700009D501212B46002249052046009700F0A7
:100B800057FA00280DD12068006840070BD50121D5
:100B90002B46002289052046009700F049FA0028DC
:100BA00001D00320F8BD2020A067E06726666034EE
:100BB00026750020F8BD0000FFFFFF0110B5806A18
:100BC0000022014640314A834A82FAF70BFB10BDEE
:100BD00070B5846AA06FE56F2168896800260906F0
:100BE000002906DA212804D152200653204600F0BD
:100BF0004BF820688068400606D5222D04D15A2083
:100C00000653204600F027F8204680300168102265
:100C1000114301602046FAF7E5FA70BD10B50146B0
:100C20000968806A096889060DD4002252210A5297
:100C300001688A6880239A438A60006801684022BC
:100C40001143016010BDFAF7EDFD10BD10B5806ACB
:100C5000FAF7E9FD10BD01680A68FF2321339A43C2
:100C60000A6001688A68520852008A60016E012990
:100C700004D101680A6810239A430A602021C167E1
:100C8000002101664166704701680A68C0239A43E3
:100C90000A6020218167704770B504464030828B1E
:100CA000E36F2168222B04D08869082210438861F1
:100CB00070BD496A636D11401980616D891C616561
:100CC000418B491E4183418B0029F1D121680A687B
:100CD000FF2321339A430A6021688A685208520030
:100CE0008A602021E16700256566216E012904D014
:100CF0002046FAF781FC256670BD21680A6810233A
:100D00009A430A60018B2046FAF71DFAF3E770B5A3
:100D100004464030828BE36F2168222B04D088691F
:100D200008221043886170BD496A1140626D1170DC
:100D3000616D491C6165418B491E4183418B0029CE
:100D4000F1D121680A68FF2321339A430A602168A0
:100D50008A68520852008A602021E1670025656692
:100D6000216E012904D02046FAF746FC256670BDA5
:100D700021680A6810239A430A60018B2046FAF71B
:100D8000E2F9F3E7F8B50446016880682269E6698C
:100D900010436269002532431043754B0A68754E53
:100DA000324002430A6020684168032212039143E3
:100DB000E268114341602168A069994201D0226A2A
:100DC00010438A680B263602B24302438A606A499E
:100DD00022686A488A420CD1C0688007800F06D01A
:100DE00001283FD002283BD0032827D124E0012747
:100DF00025E063498A420AD1C0680C2108402DD001
:100E000004282FD008282BD00C2817D114E05D49D6
:100E10008A4223D05C498A4220D09A420ED1C168CE
:100E200003208002014019D001208002091A19D044
:100E3000091A15D0814201D1082700E010274F4937
:100E40005248403986009A4232D1002F0CD0022FEE
:100E50000DD0042F10D0082F7FD126E00027EEE719
:100E60000227ECE70427EAE7F9F73AFB06E009680E
:100E7000C90605D4304603E0F9F752FB002872D0CA
:100E8000626851005118814267D81103814264D3CE
:100E9000010E06025008002330185941F6F752FDA2
:100EA00003210902411A3A4A55E00120C003E7E74D
:100EB0000122E369D20393422BD13B0000F05DFC99
:100EC0000906090C4D114D4D4D274D00F9F708FB52
:100ED00009E0F9F715FB06E00968C90605D43046B4
:100EE00003E0F9F71DFB00283DD0616840004A0887
:100EF0008018F6F7FDFC80B202462649103A8A4275
:100F00002BD8491C01400007400F084329E0104638
:100F1000EBE73B0000F031FC0906090C211221210E
:100F200021232100F9F7DCFA0AE0F9F7E9FA07E0F2
:100F30000968C90606D4304604E00EE0F9F7F0FA75
:100F4000002810D061684A081018F6F7D1FC80B26A
:100F50000146104A1039914203D9012503E0104699
:100F6000F0E72168C86000206066A0662846F8BDEA
:100F700000480040F369FFEF003801404010024094
:100F800000440040004C00400050004000093D007B
:100F9000FFFC0F00EFFF000070B5416501464031D6
:100FA0000A834A8300224266012483682403FF25C2
:100FB000A34204D10369002B13D11A4B0AE07F2608
:100FC000002B09D001252D07AB420CD10369002B62
:100FD00005D03F238B8307E00369002B01D08E836C
:100FE00002E08D8300E08A8380210A502221C167BC
:100FF00001688B6801252B438B608168A14202D177
:10100000016900290BD00849416674210A5400681F
:101010000168FF22213211430160002070BD0349A5
:10102000F2E70000FF0100000F0D0108990C010814
:10103000FFB581B005460F46044660350A9E39E08B
:10104000701C37D0F8F7D4FF0499401AB04222D868
:10105000002E20D02068016849072BD5C069C04305
:10106000000527D401202168C002086220680168B9
:10107000FF22A1329143016020688168490849003C
:1010800081602020A067E067803420600020287500
:10109000032005B0F0BD20680168FF22A132914312
:1010A0000160206881684908490081602020A067AC
:1010B000E067EBE72068C1693846884305D0002126
:1010C00003988142BCD00020E3E70121F8E700004B
:1010D00010B50248FAF7A6F810BD0000740600200B
:1010E000F8B5704F704D3979287F704C0026002973
:1010F00012D000286CD06E48F7F756FD6D490028D5
:1011000028D0022829D003282CD004282CD0052848
:101110002CD001282DD04FE0002859D064480BF086
:10112000ADFE63483968F6F737FD00280DD16048F9
:10113000F6F72BFD092808D2FFF7B4FB01465EA0A5
:1011400000F0C8FA0120387136E0FFF7ABFB01462A
:101150005FA004E0096865A001E0896807E000F08D
:10116000B9FA29E0C96802E0096900E0496961A0AB
:10117000F5E726866049606BF6F7C5FC4C48F6F744
:1011800004FD4B4F0D2139543846F6F7FEFC0A2179
:101190003954E078062803D1394656A000F09AFA6F
:1011A0004348F6F7F2FC82B241495448FAF7E2FAB2
:1011B0005148C830F8F796FC287F012808D13A48F2
:1011C000FF214030C6802E772D313948F6F79BFC41
:1011D000687F012809D147A0616B00F07BFA268661
:1011E0006E774549606BF6F78EFC2079032826D18F
:1011F00000206071042020712B4C062640485A279D
:10120000203400903F48F8F72BFF3F48F8F76AFC7E
:10121000002008F049FF0828009811D0F6F7B5FC27
:10122000002826D01F482030C079002821D0002E69
:101230002ED02770002008F0FBFF761EE2D2F8BD0A
:1012400004F0BEFE012809D0009804F0F7FE012842
:1012500004D0009804F0F2FE0328EED12B48007869
:10126000012803D0277000206076F8BD0D20207083
:10127000F9E74F202070002E04D0012EDAD1012092
:101280006874D7E7607E401C60760120A874D4E7BC
:10129000FFF708FB01461EA0009A00F01BFA27701A
:1012A000F8BD0000CC00002000000020D00100208C
:1012B0002C020020ACE401085B25755D506173735E
:1012C000776F726420436F72726563740D0A000059
:1012D0005B25755D50617373776F726420496E632F
:1012E0006F72726563740D0A0000000025730D0AA9
:1012F000000000002573000014050000F005002028
:1013000058150020E0050020B80B00009C000020CC
:101310005B25755D446F6D61696E2049503A257398
:101320000D0A000010B5092109020A48F6F7EBFB87
:101330000848F6F72AFC0749084A401806498B6A0C
:1013400007A100F0D7F90348F6F71FFC0B49088006
:1013500010BD00002C28002020010020F2140020E5
:101360007B22494D4549223A222573222C20224CCA
:101370006F67223A20222573227D00000C02002094
:10138000F8B500250446012903D0022919D02020F0
:1013900000E0D820694608700C4E0022012130463A
:1013A000F8F71FFE210C68464170210A8170C47055
:1013B000042100F081F9012211463046F8F711FEB0
:1013C00001E000F005F82846F8BD0000001C0050C0
:1013D00070B5094E0025C7242A4601213046F8F78A
:1013E00000FE204600F016F9012211463046F8F7BB
:1013F000F8FD284670BD0000001C005070B5124E6C
:101400000025B9242A4601213046F8F7EAFD204696
:1014100000F000F9012211463046F8F7E2FD0B4CCE
:101420000121002209032046F8F7DBFD01210022FB
:1014300049032046F8F7D5FD002221012046F8F7A0
:10144000D0FD284670BD0000001C00500004005074
:10145000F0B587B014216846F6F755FB2148C16AFC
:1014600002242143C162C16A21400591C26A8021E0
:101470000A43C262C06A012608401B4F009600253D
:10148000059001966946029503943846F8F7DAFC10
:10149000012211463846F8F7A4FD01960394134E35
:1014A000E4020295694630460094F8F7CBFC00222E
:1014B00021463046F8F795FD6400694630460094B1
:1014C000F8F7C0FC002221463046F8F78AFD60009C
:1014D00000900195694602953046F8F7B3FC07B0D5
:1014E000F0BD000000100240001C0050000400503D
:1014F000F7B5144F16460C46002582B02A46012146
:101500003846F8F76EFDFF2E04D92006000E01D0F4
:10151000ED1F0EE0022168460170210C4170210A86
:101520008170C470042100F0C7F83146029800F0C1
:10153000C3F8012211463846F8F753FD284605B096
:10154000F0BD0000001C0050F8B500240127104E2B
:1015500025463F03002239463046F8F742FD600633
:10156000040E00BF012189033046F8F72DFD002845
:1015700001D0641CE4B2012239463046F8F731FD4F
:1015800000BF6D1CEDB2082DE4D32046F8BD00006D
:1015900000040050F8B50B4E074600259F242A464C
:1015A00001213046F8F71DFD204600F033F80321F5
:1015B000384600F009F8012211463046F8F711FDCF
:1015C0002846F8BD001C005070B50C4605460026A4
:1015D00000BF05E0FFF7B8FF641E2870A4B26D1CC1
:1015E000002CF7D1304670BD70B5094E0025AB24F4
:1015F0002A4601213046F8F7F4FC204600F00AF8AC
:10160000012211463046F8F7ECFC284670BD000078
:10161000001C0050F8B500240126104F0546360383
:10162000002231463846F8F7DCFC280601D50122B5
:1016300000E00022012149033846F8F7D2FC00BF40
:10164000012231463846F8F7CCFC6806050E00BF8B
:10165000641CE4B2082CE3D3F8BD00000004005081
:1016600070B5094E002504242A4601213046F8F7BA
:10167000B8FC2046FFF7CEFF012211463046F8F7AE
:10168000B0FC284670BD0000001C005070B5094E2B
:10169000002506242A4601213046F8F7A2FC204600
:1016A000FFF7B8FF012211463046F8F79AFC2846AA
:1016B00070BD0000001C005070B50D4606460024A9
:1016C00004E0305DFFF7A6FF641CA4B2AC42F8D37F
:1016D00070BD00000FB410B503A9044B044A029872
:1016E00000F0F4F910BC08BC04B01847495F0108C9
:1016F000240200200FB410B504A9074B02AA0398D6
:1017000000F0E4F9044602A9002000F07BFD204629
:1017100010BC08BC04B01847052201082021020CA7
:1017200001D010211046020A01D0104608390209E2
:1017300001D01046091F820801D01046891E4208B8
:1017400001D0881E7047081A7047F8B5040C8BB298
:10175000264682B25E430D0C1046370C58433604C1
:1017600080190021794116466E43370C36048019E2
:10177000794126466E438919F8BD30B47446641E1B
:101780002578641CAB4200D21D46635D5B00E31804
:1017900030BC18478307FF22DB0E9A408907090EE9
:1017A0009940002808DB830809489B001B1818682B
:1017B00090430843186070470007000F08388308FB
:1017C00004489B001B18D86990430843D8617047B0
:1017D00000E400E000ED00E0BFF34F8F0449034850
:1017E000C860BFF34F8F00BFFDE700000400FA059B
:1017F00000ED00E0BFF34F8F04490348C860BFF31A
:101800004F8F00BFFDE700000400FA0500ED00E087
:10181000BFF34F8F04490348C860BFF34F8F00BF29
:10182000FDE700000400FA0500ED00E00048704705
:1018300028020020F8B504464F1EC80008382118B9
:1018400015461E46086849683A4606239A4310D052
:101850002A463346F6F73EFB3A46D200083AA3182A
:101860001A687F1E5B68F6F783FA06223B469343AD
:10187000EED1022F23D0042F11D0062F2FD12A46CC
:101880003346F6F727FBE36AA26AF6F771FA2A46AF
:101890003346F6F71FFB636A226AF6F769FA2A46AF
:1018A0003346F6F717FBE369A269F6F761FA2A46B1
:1018B0003346F6F70FFB63692269F6F759FA2A46B1
:1018C0003346F6F707FBE368A268F6F751FA2A46B3
:1018D0003346F6F7FFFA63682268F6F749FAF8BD6F
:1018E000002210B5134610460149F6F75BFB10BD08
:1018F0000000F03F10B50122F6F7CCFB10BD00222E
:1019000010B5134610461146F6F74CFB10BD00000B
:1019100001480068704700002802002002E008C863
:10192000121F08C1002AFAD170477047002001E059
:1019300001C1121F002AFBD1704700000149086055
:101940007047000028020020F0B51FB486B0099847
:10195000089A030D0021024314D05148514A181827
:10196000504305141198012810981AD0281A401CC9
:1019700000264D4F4D49009601910490002812DA3F
:10198000444211E01198012449A3012801D1109883
:10199000C1430698119A84600360C26041600BB035
:1019A000F0BD4042E4E70446210500203F4A001C08
:1019B00051410391029012E0E00707D032463B46C6
:1019C00001990098F6F786FA0191009032463B465D
:1019D00010461946F6F77EFA06460F466410002CAC
:1019E000EAD10498039B0028029A0999089806DA1C
:1019F000F6F770FA019B009AF6F76CFA05E0F6F735
:101A0000D1FA019B009AF6F7CDFA04460E46002261
:101A1000284BF6F7BDFD03D80020C043014607E080
:101A20000022254B20463146F6F7A2F9F6F77CFD59
:101A3000102409E0002C0ADB0A220023F5F782FFBC
:101A4000079B30321A55641E02460A43F2D1112216
:101A5000641C079B121B1C19119B012B03D0012333
:101A600008430ED10AE0084304D011201090002052
:101A7000119077E71098151A6D1E0BE010988242AE
:101A800002DD00236D1C03E0824201DA00236D1E9B
:101A9000002BEED0069811998260C16030C07EE7BD
:101AA00001FCFFFF104D0000000014400000F03F5B
:101AB000300000000000F0430000E03F30380A280A
:101AC00001D201207047002070470000FFB597B099
:101AD0000646002518E2252877D100242746FD492F
:101AE000049400E00443761C32780120203A9040B0
:101AF0000842F7D130782A280ED0022230780146E9
:101B00003039092916D804990A2359433039401825
:101B10001443761C0490F1E7189802C804911890B9
:101B2000002904DA012040030443484204900220C3
:101B30000443761C30782E2814D104200443707896
:101B4000761C2A2809D11898761C80C8189009E0BC
:101B50000A214F43303FC719761C3078014630398F
:101B60000929F5D930786C2810D006DC4C281AD019
:101B700068280ED06A2817D104E0742813D07A2878
:101B800012D110E00120400504430CE001210905B9
:101B900001E0032109050C437178814203D1012042
:101BA00000052418761C761C3078119066280BD01E
:101BB00013DC58287DD009DC00287BD04528F6D0DE
:101BC0004628F4D047281AD1A5E118E0632835D07B
:101BD000642870D0652812D19DE170286CD008DC93
:101BE0006728F1D069287BD06E280DD06F2806D1E8
:101BF000BAE073282ED0752871D0782859D01A9A57
:101C0000199990476D1C7EE16002400F022809D0AF
:101C100003280DD00428189801680DD00D60001D10
:101C2000189070E11898EA1701680D604A60F6E7AD
:101C3000189801680D80F2E70D70F0E718986A4671
:101C400001781172001D18900020507202A80090B7
:101C5000012005E0189802C8189000200091C043A8
:101C600061070DD5002101E00199491C0191B9429C
:101C700012DA8142F8DB009A515C0029F4D10BE0C2
:101C8000002101E00199491C01918142FADB019A8E
:101C90000099895C0029F5D1019904981A9B471A8B
:101CA00021463846199A00F097FA019940194518CB
:101CB0000BE04FE02CE113E04EE000980099007833
:101CC000491C00911A9A199990470198401E019059
:101CD000401CF2D1214638461A9B199A10E137E090
:101CE0000A200021009001916002410F022907D0D3
:101CF000189A01CA1892C2179446032908D00AE01C
:101D00001898C01DC108C90005C91891944607E07C
:101D100000B2C2179446042902D140B2C1178C46C2
:101D200000226146944506DA0A460021404291416C
:101D30008C462D2102E0210504D52B216A46117322
:101D4000012103E0E10701D02021F7E7029155E0EE
:101D50000A200AE0102008E0102000900021042052
:101D600004430191082703E008200021019100901D
:101D70006002410F022907D0189A01CA1892002266
:101D80009446032908D008E01898C01DC108C9006E
:101D900005C91891944603E080B2042900D1C0B26D
:101DA00000210291210729D51199702906D0009AA6
:101DB0001021019B4A401A4305D00EE040216A469B
:101DC0001173012108E06146014306D030216A46C3
:101DD00011731199517302210291009A0821019BFC
:101DE0004A401A430AD16146014301D1610705D532
:101DF00030216A46117301217F1E029111995829E1
:101E000004D035A10E910DA90D910DE037A1F9E790
:101E10006146019B009AF5F795FD0E9B8C469B5CF5
:101E20000D9A521E0D92137061460143F0D10D9828
:101E300005A9081A20300190600703D5012000048D
:101E4000844300E001270198874201DD381A00E051
:101E50000020019900904118029809180498401A2E
:101E60000490E00306D421461A9B199A049800F0C6
:101E7000B3F94519002706E003A81A9AC05D19991D
:101E800090476D1C7F1C02988742F5DBE0030CD560
:101E900021461A9B199A049800F09EF9451904E00E
:101EA0001A9A3020199990476D1C0099481E00908D
:101EB0000029F5DC08E00D980D990078491C0D917A
:101EC0001A9A199990476D1C0199481E0190002992
:101ED000F1DC63E109280100303132333435363723
:101EE0003839616263646566000000003031323366
:101EF0003435363738394142434445460000000006
:101F000000F05AF94519761C3078002800D0E2E537
:101F100028461BB0F0BD600700D406271898C01DE6
:101F2000C108C90048680A680831C30FDB07189167
:101F3000190001D09CA108E0210501D59BA104E076
:101F4000E10701D09AA100E09AA1430011985B0833
:101F5000109165280CD006DC452809D046281DD0F4
:101F6000472841D141E0662818D067283CD13CE0A1
:101F70000021112F01DB112000E0781C019100905D
:101F800008A911A8FFF7E0FC139905910021119A07
:101F900015927F1C12980197009150E00120C00714
:101FA00003900120019008A9009711A8FFF7CCFC2D
:101FB000139A149905920022119B0092129815937E
:101FC000059A0192002901D0104602E0791C4018C0
:101FD0000190381A01D5019804E04042401E00905B
:101FE000781C0190C01B029043E0012F00DA01270A
:101FF0000021112F01DD112000E0384601910090F1
:1020000008A911A8FFF7A0FC13990591119A0021C6
:10201000129815920091019721070CD40599B942A5
:1020200001DB019900E00191012904DD159A491EA7
:10203000515C302906D0B84201DA011D05DA0121D0
:10204000029115E00199491EEDE7002805DC009991
:10205000411800910199091A03E0019A411C91422B
:1020600000DD01910099401A401C02900120C00738
:102070000390200706D402990198814202DB0020D8
:10208000C043029000206946C87707AF012103983A
:102090000337C907884224D0022011902B201290C8
:1020A000039800280CDA404203902D20129007E09C
:1020B0000A210398F5F71CFC30317F1E039039701C
:1020C0001199481E11900029F2DC03980028EFD1E5
:1020D000791E129808703078202108404530BF1EC4
:1020E000387006A8C01BC01D039010980078002807
:1020F00000D00120019941180298C01709180398CF
:1021000009180498401A401E0490E00306D42146A2
:102110001A9B199A049800F05FF8451910980078F6
:10212000002803D01A9A199990476D1CE00324D512
:1021300021461A9B199A049800F04EF845191CE0A4
:102140000098002807DB00990598884203DD159860
:10215000405C199901E0199930201A9A904700982B
:102160006D1C401C00900298401E0290002804D173
:102170001A9A2E20199990476D1C0199481E0190BA
:102180000029DDDC05E038781A9A7F1C1999904700
:102190006D1C0399481E03900029F4DC21461A9B0C
:1021A000199A0498ACE600002D0000002B000000F6
:1021B0002000000000000000F8B5044600251E467F
:1021C0001746880404D405E039462020B0476D1C2A
:1021D000641EF9D52846F8BDFFB50446002581B038
:1021E0001E46C80301D5302700E02027880404D507
:1021F00005E038460399B0476D1C641EF9D52846A2
:1022000005B0F0BD0A68531C0B60107070470000E9
:1022100010B50A48C188002908D07D20C00041437C
:102220000748FEF7B9FB0648FEF7C8FB0548417BA7
:10223000002901D10121817610BD00000C01002090
:10224000480500200000002010B5074880780028CD
:1022500002D006A0FFF73EFA0748416907A0FFF742
:1022600039FA002010BD00009400002041542B31A9
:102270003256543D00000000CC00002025640D0AB9
:102280000000000010B53D21F5F775FC401CF5F786
:10229000E7FC0949884201D9022010BD074948617D
:1022A0000749884201D1012100E000210320FDF708
:1022B00045FC002010BD000020BF0200CC00002023
:1022C000FFFF000010B507488078002802D006A064
:1022D000FFF700FA0748C16807A0FFF7FBF90020E5
:1022E00010BD00009400002041542B335633543D60
:1022F00000000000CC00002025640D0A0000000052
:1023000010B53D21F5F737FC401CF5F7A9FC08494D
:10231000884201D9022010BD06490028C86005D0B6
:1023200000210120FDF70AFC002010BD0121F8E783
:1023300020BF0200CC00002010B50748807800289C
:1023400002D006A0FFF7C6F90648016906A0FFF70C
:10235000C1F9002010BD00009400002041542B352D
:1023600056543D00CC00002025640D0A00000000FA
:1023700010B53D21F5F7FFFB401CF5F771FC09494D
:10238000884201D9022010BD0749086107498842E7
:1023900001D1012100E000210220FDF7CFFB002048
:1023A00010BD000020BF0200CC000020FFFF000095
:1023B00010B51048007800280AD10F480078582836
:1023C00015D10E48C078022811D00DA0FFF782F970
:1023D00015A0FFF77FF91D4C2046F6F7D3FE1C48E9
:1023E00004607D20C000F7F77DFB002010BD0320B6
:1023F00010BD00003600002020000020D001002089
:10240000506C65617365207761697420666F722016
:1024100074686520657261736520746F20636F6DE9
:10242000706C6574650D0000436C65617220616CB1
:102430006C2073746F7265642073656E736F7220A5
:10244000646174612E2E2E0D00000000808B020846
:1024500054000020FEB507460026684606808680A8
:102460003D213846F5F787FB0025C01B401CC4B250
:1024700005E0395D79556D1C641CEDB2E4B2384657
:10248000F5F783FBA042F4D87E5501AB6A4619A14B
:1024900038460BF0CDFB022829D168460088002879
:1024A00025D069468988002921D0BC281FD8BC299D
:1024B0001DD888421BD8114A1278002A03D0104B2D
:1024C00001221A700DE00F48007858280DD10E48EF
:1024D000C078022809D00DA0FFF7FCF86846818873
:1024E00000880AF0BDF90020FEBD0320FEBD0220D9
:1024F000FEBD000025642C2564000000360000208D
:102500000000002020000020D001002053746F70D4
:10251000205478206576656E7473207768656E2028
:10252000726561642073656E736F7220646174619B
:102530000D000000F8B506460027684607803D21DB
:102540003046F5F718FB0025801B401CC4B205E09F
:10255000315D71556D1C641CEDB2E4B23046F5F787
:1025600014FBA042F4D8304677556A461EA10BF002
:102570005FFB012807D168460188002903D02F207E
:102580008001814201D90220F8BD1848046800206A
:10259000174B184A05E0083C9C4200D81446401CE2
:1025A00080B28842F7D314480078002803D0134A39
:1025B000012010700CE012480078582811D1114801
:1025C000C07802280DD010A0FFF784F86846018873
:1025D00020460AF047FA7D20C000F7F783FA002072
:1025E000F8BD0320F8BD0000256C750054000020E4
:1025F000808B020880E902083600002001000020DC
:1026000020000020D001002053746F7020547820E7
:102610006576656E7473207768656E207265616497
:102620002073656E736F7220646174610D00000029
:1026300010B506488078002802D005A0FFF74AF8B8
:10264000054906A0FFF746F8002010BD94000020C1
:1026500041542B41504E3D00B315002025730D0A07
:102660000000000070B505460BF0F6F93D21284644
:10267000F5F781FA04462846F5F787FA611B401AF8
:10268000401E282801D9022070BD0748292105468F
:10269000F5F739FA601CF5F778FA0246611C28460E
:1026A000F5F718FA002070BDB315002010B50BF037
:1026B000FBF8002010BD10B53D21F5F75CFA40781D
:1026C000302801D0022010BD0BF0B0F8002010BD62
:1026D000F8B5204CE078042806D0062804D01EA0C7
:1026E000FEF7F8FF0320F8BD012505266D03360728
:1026F00029463046F7F768FC7D27FF00012805D002
:1027000017E001F06DFF3846F7F7ECF9294630463F
:10271000F7F75AFC0128F4D0FEF7C4F8014614A0DC
:10272000FEF7D8FF062011E001F026FF3846F7F744
:10273000D9F929463046F7F747FC0028F4D0FEF7D0
:10274000B1F8014612A0FEF7C5FF0420E07000209A
:10275000F8BD0000D00100205468652064657669EA
:10276000636520697320627573792E0D0A0000007D
:102770005B25755D456E746572206365727469666C
:102780006963617465206D6F64650D0A0000000067
:102790005B25755D45786974206365727469666947
:1027A00063617465206D6F64650D0A00F8B50746B6
:1027B0000C48F7F755FC0C4D0120A8700BA0FEF754
:1027C00089FF0B4E00241820604380198168384629
:1027D00088471420F7F786F9641C412CF3D30020B6
:1027E000A870F8BDE0050020940000200D0A00004C
:1027F000DCE4010810B506488078002802D005A066
:10280000FEF768FF064907A0FEF764FF002010BD31
:102810009400002041542B434C49454E543D000048
:10282000DC15002025730D0A0000000070B5054678
:102830000BF012F93D212846F5F79DF9044628468C
:10284000F5F7A3F9611B401A401E802801D9022028
:1028500070BD074881210546F5F755F9601CF5F76D
:1028600094F90246611C2846F5F734F9002070BD42
:10287000DC15002008B50A488078002802D009A09D
:10288000FEF728FF0B48817A0091014620394A8FD4
:102890000379417E08A0FEF71DFF002008BD00005F
:1028A0009400002041542B434C4F434B4C4F473D29
:1028B00000000000EC00002025642C25642C256419
:1028C0002C25640D0A000000B0B588B007463D21F4
:1028D000F5F751F90025C01B401CC4B205E0385D76
:1028E00070556D1C641CEDB2E4B23846F5F74DF935
:1028F000A042F4D80024745505A902A801910090C3
:1029000006AB04AA15A130460BF092F9042823D196
:102910006846037C012B1FD8018BE1200001814216
:1029200002D31148814217D16846027D202A13D86C
:102930000E4843760346203B59876946097A017160
:1029400082720B4804700BA0FEF7C4FE002007F053
:1029500071F8002008B0B0BD0220FBE725642C25EB
:10296000642C25642C256400FFFF0000EC0000208F
:10297000A401002053657420616674657220636150
:102980006C6962726174696F6E2074696D65206F25
:10299000722074616B65206566666563742061668C
:1029A0007465722041545A0D0A00000010B50648A3
:1029B0008078002802D005A0FEF78CFE064907A00B
:1029C000FEF788FE002010BD9400002041542B51DA
:1029D000434F50533D000000A21B002025730D0AF9
:1029E0000000000070B505460BF036F83D21284682
:1029F000F5F7C1F804462846F5F7C7F8611B401AF9
:102A0000401E3F2801D9022070BD074840210546DD
:102A1000F5F779F8601CF5F7B8F80246611C28460E
:102A2000F5F758F8002070BDA21B002010B507482C
:102A30008078002802D006A0FEF74CFE07484179B6
:102A400007A0FEF747FE002010BD00009400002004
:102A500041542B43535154494D453D00EC00002057
:102A600025640D0A0000000010B53D21F5F783F83C
:102A7000401CF5F7F5F8411E0A2901D3022010BDCC
:102A800001494871002010BDEC00002010B5074836
:102A90004178002903D00021417005A002E0012106
:102AA000417008A0FEF716FE002010BD9400002023
:102AB00045786974204465627567206D6F64650DA3
:102AC0000A000000456E74657220446562756720D7
:102AD0006D6F64650D0A000010B506488078002807
:102AE00002D005A0FEF7F6FD064907A0FEF7F2FDAD
:102AF000002010BD9400002041542B444555493D11
:102B000000000000F214002025730D0A00000000F0
:102B100070B505463D21F5F72EF804462846F5F731
:102B200034F8611B401A102812D1601C03F030FAEF
:102B300000280DD010210748F4F7E5FF601CF5F7D9
:102B400024F80246611C0348F4F7C4FF002070BD5E
:102B5000022070BDF214002010B5064880780028CD
:102B600002D005A0FEF7B6FD064907A0FEF7B2FDAC
:102B7000002010BD9400002041542B444E53434686
:102B8000473D00008A15002025730D0A0000000053
:102B900070B505460AF060FF3D212846F4F7EBFFCB
:102BA00004462846F4F7F1FF611B401A401E28280E
:102BB00001D9022070BD074829210546F4F7A3FF7B
:102BC000601CF4F7E2FF0246611C2846F4F782FF1E
:102BD000002070BD8A15002010B5104880780028AC
:102BE00002D00FA0FEF776FD104C11A0227AE179F9
:102BF000FEF770FDE07900280BD00F480446F4F78B
:102C0000C4FF002805D021460CA0FEF763FD00207C
:102C100010BD0CA0FEF75EFDF9E700009400002057
:102C200041542B424B444E533D000000EC00002029
:102C300025642C25642C00005815002025730D0AEE
:102C4000000000004E554C4C0D0A0000F1B582B05A
:102C50003D210298F4F78FFF00902C210298F4F7A1
:102C60008AFF06462C21401CF4F785FF0446009895
:102C70002C2140783038C5B20098F4F77CFF401C16
:102C8000F4F7EEFFC7B2012D07D82C21009802F00F
:102C90005FFF002801D0002F01D00220FEBD2C21B3
:102CA000009802F055FF022810D0002D1FD02C21D3
:102CB000009802F04DFF032819D10298F4F765FF40
:102CC0000299711A401A401E312803D90CA0FEF750
:102CD00001FDE2E7104832210646F4F714FF601CBC
:102CE000F4F753FF0246611C3046F4F7F3FE0B483D
:102CF000C57107720AA0FEF7EDFC0020FEBD0000C2
:102D00004E4F54453A495020666F726D617420658C
:102D100072726F720D0A000058150020EC0000203E
:102D2000417474656E74696F6E3A54616B652065A9
:102D300066666563742061667465722041545A0D3D
:102D40000A00000010B507488078002802D006A0CD
:102D5000FEF7C0FC07488278417807A0FEF7BAFC6E
:102D6000002010BD9400002041542B444F574E5476
:102D7000453D00000C01002025642C25640D0A004F
:102D800070B506463D21F4F7F6FE0546407830382A
:102D9000C4B2012C0FD82C213046F4F7ECFE0028E9
:102DA00009D02C212846F4F7E6FE401CF4F758FF22
:102DB000C1B2012901D9022070BD0248447081705E
:102DC000002070BD0C010020F6F7E6FE0122134939
:102DD0000220F6F7B7FEF6F7ABFE01211048F6F732
:102DE000A5F905210F48F6F7A1F901210E48F6F7DC
:102DF0009DF90D4801218030F6F798F901210B4823
:102E0000F6F794F9F5F776FF09490120087002F00A
:102E1000C9FF1220F6F7E4F8FEF7ECFC04000808FE
:102E20000058020880860208808A02080089020889
:102E300094000020F6F7B0FE012216490220F6F7B2
:102E400081FEF6F775FE01211348F6F76FF90921A7
:102E50001248F6F76BF905211148F6F767F90121D9
:102E60001048F6F763F90F4801218030F6F75EF954
:102E700001210D48F6F75AF902210C48F6F756F9E8
:102E8000F5F738FF02F08EFF1220F6F7A9F8FEF7EB
:102E9000B1FC000004000808005D020800580208A8
:102EA00080860208808A02080089020880E90208F8
:102EB00010B507488078002802D006A0FEF70AFC6B
:102EC0000748817907A0FEF705FC002010BD00002F
:102ED0009400002041542B47444E533D0000000015
:102EE000EC00002025640D0A0000000010B53D2113
:102EF000F4F741FE401CF4F7B3FE012801D902208B
:102F000010BD02498871002010BD0000EC000020B7
:102F100010B507488078002802D006A0FEF7DAFB3B
:102F20000748C17B07A0891CFEF7D4FB002010BD19
:102F30009400002041542B4745544C4F473D00001E
:102F40000C01002025640D0A0000000010B5F5F703
:102F5000D9FE002010BD000010B53D21F4F70BFE96
:102F600040780024302809D0012231280CD00A49A9
:102F700032280CD033280CD0022010BDF5F7BAFE51
:102F800005482038047705E00448027102E0CC735C
:102F900000E0CA73002010BD0C0100209400002046
:102FA00010B53D21F4F7E7FD4078302803D03128F3
:102FB00004D0022010BD0BF0B9F804E00349012051
:102FC000487203490870002010BD000094000020E2
:102FD000A301002010B5064CA078002802D005A05F
:102FE000FEF778FB618906A0FEF774FB002010BD98
:102FF0009400002041542B474E5353543D00000091
:1030000025640D0A0000000010B53D21F4F7B3FD62
:10301000401CF4F725FE80B20146054A0A39914268
:1030200001D3022010BD03494881002010BD0000DB
:103030004F0200009400002010B5064CA078002834
:1030400002D005A0FEF746FB217A05A0FEF742FB61
:10305000002010BD9400002041542B4750533D00E8
:1030600025640D0A0000000010B53D21F4F783FD32
:10307000401CF4F7F5FD012801D9022010BD0249DA
:103080000872002010BD00009400002010B5074811
:103090008078002802D006A0FEF71CFB0748C18FED
:1030A00007A0FEF717FB002010BD000094000020D1
:1030B00041542B475444433D00000000CC00002005
:1030C00025640D0A0000000010B53D21F4F753FD02
:1030D000401CF4F7C5FD80B2044A411E914201D361
:1030E000022010BD0249C887002010BDFFFF00006C
:1030F000CC00002010B507488078002802D006A038
:10310000FEF7E8FA0748C17907A0FEF7E3FA0020C6
:1031100010BD00009400002041542B494E544D4FE7
:10312000443D0000CC00002025630D0A0000000093
:1031300010B53D21F4F71FFD407809493028C871CA
:1031400007D0312805D0322803D0332801D00220FF
:1031500010BD3038C0B2F5F7EBFE002010BD000006
:10316000CC00002010B507488078002802D006A0C7
:10317000FEF7B0FA0748017807A0FEF7ABFA002087
:1031800010BD00009400002041542B494F544D4F76
:10319000443D00000C01002025640D0A00000000E1
:1031A00010B53D21F4F7E7FC401CF4F759FDC0B21F
:1031B000022801D9022010BD01490870002010BD6D
:1031C0000C01002010B5064CA078002802D005A004
:1031D000FEF780FAE17906A0FEF77CFA002010BD28
:1031E0009400002041542B4950545950453D000053
:1031F00025640D0A0000000010B53D21F4F7BBFC6A
:10320000401CF4F72DFDC0B2012803D0022801D0E4
:10321000022010BD0149C871002010BD940000209B
:1032200010B50A488078002802D009A0FEF752FAAB
:103230000A48F4F7AAFC002805D0084908A0FEF7C0
:1032400049FA002010BD08A1F8E700009400002012
:1032500041542B4C444154413D0000002C28002097
:1032600025730D0A000000004E554C4C0000000074
:1032700010B507488078002802D006A0FEF72AFA89
:1032800007A209A10AA0FEF725FA002010BD000040
:103290009400002041542B4D4F44454C3D0000000C
:1032A00076312E322E31000050532D434200000063
:1032B00025732C25730D0A0010B5064CA078002844
:1032C00002D005A0FEF706FAA17906A0FEF702FAE1
:1032D000002010BD9400002041542B4D514F533D10
:1032E0000000000025640D0A0000000010B53D211B
:1032F000F4F741FC401CF4F7B3FCC0B2022801D93A
:10330000022010BD0249887101204871002010BDC3
:103310009400002010B506488078002802D005A04F
:10332000FEF7D8F9054906A0FEF7D4F9002010BD34
:103330009400002041542B4E54503D00621B00204D
:1033400025730D0A0000000070B505460AF084FBE5
:103350003D212846F4F70FFC04462846F4F715FCF7
:10336000611B401A401E3F2801D9022070BD07484A
:1033700040210546F4F7C7FB601CF4F706FC024643
:10338000611C2846F4F7A6FB002070BD621B0020DC
:1033900010B506488078002802D005A0FEF79AF9FB
:1033A000064907A0FEF796F9002010BD9400002002
:1033B00041542B4F5441434C543D00000A1C002003
:1033C00025730D0A0000000070B505460AF044FBA5
:1033D0003D212846F4F7CFFB04462846F4F7D5FBF9
:1033E000611B401A401E2C2801D9022070BD0748DD
:1033F0002C210546F4F787FB601CF4F7C6FB024658
:10340000611C2846F4F766FB002070BD0A1C0020F2
:1034100010B506488078002802D005A0FEF75AF9BA
:10342000074908A0FEF756F9002010BD94000020BF
:1034300041542B4F54415449544C453D0000000029
:10344000921C002025730D0A0000000070B505468F
:103450000AF002FB3D212846F4F78DFB044628467E
:10346000F4F793FB611B401A401E142801D9022077
:1034700070BD074814210546F4F745FB601CF4F7BE
:1034800084FB0246611C2846F4F724FB002070BD33
:10349000921C002010B506488078002802D005A0B4
:1034A000FEF718F9064907A0FEF714F9002010BD31
:1034B0009400002041542B4F54415645523D00008A
:1034C000A61C002025730D0A0000000070B50546FB
:1034D0000AF0C2FA3D212846F4F74DFB044628467F
:1034E000F4F753FB611B401A401E082801D9022043
:1034F00070BD074808210546F4F705FB601CF4F78A
:1035000044FB0246611C2846F4F7E4FA002070BD33
:10351000A61C002010B506488078002802D005A01F
:10352000FEF7D8F8064907A0FEF7D4F8002010BD32
:103530009400002041542B4F54415057443D00000B
:10354000621C002025730D0A0000000070B50546BE
:103550000AF082FA3D212846F4F70DFB044628467E
:10356000F4F713FB611B401A401E302801D90220DA
:1035700070BD074830210546F4F7C5FA601CF4F722
:1035800004FB0246611C2846F4F7A4FA002070BD33
:10359000621C002010B506488078002802D005A0E3
:1035A000FEF798F8064907A0FEF794F8002010BD32
:1035B0009400002041542B4F54415345523D00008C
:1035C000E21B002025730D0A0000000070B50546BF
:1035D0000AF042FA3D212846F4F7CDFA04462C21A0
:1035E0002846F4F7C8FA002809D02846F4F7CDFA9F
:1035F000611B401A401E282805D9022070BD09A071
:10360000FEF768F8F9E70F4828210546F4F77BFA3A
:10361000601CF4F7BAFA0246611C2846F4F75AFA1D
:10362000002070BD4E4F54453A53455256414444D4
:103630005220464F524D4154204552524F520D0A8E
:1036400000000000E21B002010B50648807800282A
:1036500002D005A0FEF73EF8074908A0FEF73AF8A9
:10366000002010BD9400002041542B4F5441554E72
:10367000414D453D00000000361C002025730D0A19
:103680000000000070B505460AF0E6F93D21284625
:10369000F4F771FA04462846F4F777FA611B401AEA
:1036A000401E2C2801D9022070BD07482C21054658
:1036B000F4F729FA601CF4F768FA0246611C284600
:1036C000F4F708FA002070BD361C002010B507483A
:1036D0008078002802D006A0FDF7FCFF0648027D96
:1036E000017806A0FDF7F6FF002010BD9400002031
:1036F00041542B50524F3D00EC00002025642C25F6
:10370000640D0A0070B506463D21F4F734FA05460B
:1037100040783038C4B2012C05D0022C03D0032CE1
:1037200001D0042C17D12C213046F4F724FA0028BC
:1037300011D02C212846F4F71EFA401CF4F790FA19
:10374000C0B2022C03D0042C01D0012C05D10028DA
:1037500003D0052801D0022070BD04490C70087503
:1037600003A0FDF7B7FF002070BD0000EC000020B3
:10377000417474656E74696F6E3A54616B6520654F
:1037800066666563742061667465722041545A0DE3
:103790000A00000010B507488078002802D006A073
:1037A000FDF798FF0748018B07A0FDF793FF002066
:1037B00010BD00009400002041542B50524F424550
:1037C0003D000000CC000020253034780D0A0000B8
:1037D00008B53D21F4F7CFF9411C04226846FCF7F7
:1037E000A7FC68460088024940BA0883002008BD4B
:1037F000CC00002010B506488078002802D005A033
:10380000FDF768FF074908A0FDF764FF002010BD21
:103810009400002041542B505542544F5049433D91
:1038200000000000A717002025730D0A000000000B
:1038300070B505460AF010F93D212846F4F79BF9CA
:1038400004462846F4F7A1F9611B401A401E80285F
:1038500001D9022070BD074881210546F4F753F9CC
:10386000601CF4F792F90246611C2846F4F732F91D
:10387000002070BDA717002010B5064880780028EA
:1038800002D005A0FDF726FF054906A0FDF722FF9F
:10389000002010BD9400002041542B5057443D009F
:1038A000DE16002025730D0A0000000070B50546E5
:1038B0000AF0D2F83D212846F4F75DF9044628467F
:1038C000F4F763F9611B401A401EC82801D9022091
:1038D00070BD0748C9210546F4F715F9601CF4F7D7
:1038E00054F90246611C2846F4F7F4F8002070BD34
:1038F000DE16002010B507488078002802D006A008
:10390000FDF7E8FE0748016807A0FDF7E3FE002089
:1039100010BD00009400002041542B50574F5244DA
:103920003D000000CC00002025730D0A00000000BF
:10393000F8B507463D21F4F71EF904463846F4F77A
:1039400024F9E61B801B401E082801D90220F8BD7F
:103950003846F4F71AF9801B1B4D022802D1607813
:1039600030282ED00120287108212868F4F7CBF8E0
:103970003846F4F70AF9821B611C521E2868F4F7D6
:10398000A9F82C682046F4F761F900BA000AE1783A
:1039900000020E4D08432860201DF4F757F900BAC5
:1039A000000AE17900020843094C686001212046C1
:1039B000F5F7BCFB032229462046F5F747FC00201B
:1039C000F8BD0220CFE70000CC000020A8070020AF
:1039D000005D020810B506488078002802D005A0D6
:1039E000FDF778FE064907A0FDF774FE002010BD24
:1039F0009400002041542B5142414E443D000000B0
:103A00002E1B002025730D0A0000000070B505462E
:103A10000AF022F83D212846F4F7ADF8044628467E
:103A2000F4F7B3F8611B401A401E352805D82C2145
:103A3000204602F08DF8012801D0022070BD074811
:103A400034210546F4F75FF8601CF4F79EF802464F
:103A5000611C2846F4F73EF8002070BD2E1B0020A4
:103A600070B50124052564032D0721462846F6F785
:103A7000ABFA7D26F600012805D014E000F0B0FD79
:103A80003046F6F72FF821462846F6F79DFA01282A
:103A9000F4D0FCF707FF01460AA00EE000F06CFD31
:103AA0003046F6F71FF821462846F6F78DFA00282B
:103AB000F4D0FCF7F7FE014606A0FDF70BFE002050
:103AC00070BD00005B25755D706F776572206F6E4D
:103AD0000D0A00005B25755D706F776572206F665B
:103AE000660D0A0070B5FCF7DDFE01460848FDF7DB
:103AF000F1FD084D0024182060434019416906A0DB
:103B0000FDF7E8FD641C412CF5D3002070BD0000DA
:103B10009C170208DCE4010825730D0A0000000070
:103B200010B507488078002802D006A0FDF7D2FD26
:103B30000748817B07A0FDF7CDFD002010BD0000E8
:103B40009400002041542B52454450543D00000045
:103B50000C01002025640D0A0000000010B53D2175
:103B6000F4F709F8401CF4F77BF8C0B2012801D93A
:103B7000022010BD002801D0012100E000210248F0
:103B80008173002010BD00000C01002001F056FBE5
:103B90001120F5F725FA0A48C07B01280AD1F5F76C
:103BA000FBFF074807492038027F0220F5F7CAFFCC
:103BB000F5F7BEFF6420F5F795FFFDF71BFE00004B
:103BC0000C0100200C000808012070473EB50F488A
:103BD0008078002802D00EA0FDF77CFD0E484179C8
:103BE000032908D0428900920389C2880BA0FDF7FF
:103BF00071FD00203EBD02894489437B6D461CC592
:103C0000037BC28809A0FDF765FDF2E79400002060
:103C100041542B524F433D000C01002025642C25BC
:103C2000642C25642C25640D0A00000025642C25D5
:103C3000642C25642C25642C25642C25640D0A0035
:103C4000F0B58BB0074600246846848304848484DE
:103C50000474047504763D213846F3F78CFF002682
:103C6000C01B401CC5B205E0795DB955761C6D1CC2
:103C7000F6B2EDB23846F3F788FFA842F4D8BC5547
:103C800006A805A909AD08AE0091029007AB04AAE9
:103C90000196039526A1384609F0CAFF062809D0E7
:103CA00007AB04AA27A138460096019509F0C0FF8A
:103CB00004283AD16846017C032936D8058C24486B
:103CC000854232D86846828C224882422DD82248CA
:103CD00003290FD16B461E7D012E0BD81B7E012BB5
:103CE00008D841716946898BC18006730581437389
:103CF000428107E041716946898BC180058142811B
:103D000004734473C188002909D07D20C000414359
:103D10001248FCF741FE1148FCF750FE02E00F4844
:103D2000FCF784FE00200BB0F0BD0220FBE7000092
:103D300025642C25642C25642C25642C25642C25D5
:103D40006400000025642C25642C25642C25640067
:103D5000204E0000307500000C01002048050020B6
:103D600010B507488078002802D006A0FDF7B2FC05
:103D70000748418C07A0FDF7ADFC002010BD0000F6
:103D80009400002041542B5258444C3D0000000048
:103D9000CC00002025640D0A0000000010B53D2174
:103DA000F3F7E9FE401CF3F75BFF0249488400206B
:103DB00010BD0000CC00002010B51048807800280D
:103DC00002D00FA0FDF786FC114912A0FDF782FC7E
:103DD0000F4846300446F3F7D8FE002809D00FA15B
:103DE0002046F3F7A7FE002803D121460DA0FDF7DA
:103DF00071FC0EA0FDF76EFC002010BD94000020A9
:103E000041542B53455256414444523D000000005A
:103E10001215002025730D0A000000004E554C4C71
:103E20000000000028257329000000000D0A000092
:103E300070B5054609F010FE3D212846F3F79BFEBC
:103E400004462C212846F3F796FE002809D0284680
:103E5000F3F79BFE611B401A401E452805D902203E
:103E600070BD16A0FDF736FCF9E71C484621054653
:103E7000F3F749FE601CF3F788FE0246611C2846F2
:103E8000F3F728FE284602F09BF801280ED02846BA
:103E900002F096F8022809D0284602F0CFF801284F
:103EA00004D0284602F0CAF8022804D10B48322177
:103EB0004630F3F728FE002070BD00004E4F5445F9
:103EC0003A534552564144445220464F524D415474
:103ED000204552524F520D0A0000000012150020DA
:103EE00010B507488078002802D006A0FDF7F2FB45
:103EF0000748017E07A0FDF7EDFB002010BD000084
:103F00009400002041542B534C4545503D00000087
:103F1000EC00002025640D0A000000000349012088
:103F2000087003490220087000207047320000200A
:103F30002E00002010B507488078002802D006A087
:103F4000FDF7C8FB0648817D06A0FDF7C3FB0020F6
:103F500010BD00009400002041542B534E493D00F9
:103F6000EC00002025640D0A0000000010B53D2182
:103F7000F3F701FE401CF3F773FEC0B2012801D92C
:103F8000022010BD01498875002010BDEC00002002
:103F900010B506488078002802D005A0FDF79AFBEE
:103FA000074908A0FDF796FB002010BD94000020F3
:103FB00041542B535542544F5049433D000000009B
:103FC0002818002025730D0A0000000070B5054672
:103FD00009F042FD3D212846F3F7CDFD0446284671
:103FE000F3F7D3FD611B401A401E802801D902203F
:103FF00070BD074881210546F3F785FD601CF3F786
:10400000C4FD0246611C2846F3F764FD002070BD24
:104010002818002010B507488078002802D006A094
:10402000FDF758FB0648816806A0FDF753FB00200A
:1040300010BD00009400002041542B5444433D0027
:10404000CC00002025640D0A0000000010B53D21C1
:10405000F3F791FD401CF3F703FE0146044A3C3997
:10406000914201D3022010BD02498860002010BD9A
:10407000C4FFFF00CC00002000B58FB06846FCF7FD
:10408000A3F803A90098FCF7BBF80B488078002838
:1040900002D00AA0FDF71EFB03AB07CB01910290F3
:1040A0000A4908980092411809A0069B079AFDF753
:1040B00011FB00200FB000BD9400002041542B5490
:1040C000494D455354414D503D0000006C070000E0
:1040D00025642D253032642D25303264205425305E
:1040E00032643A253032643A253032640D0A0000D9
:1040F000F8B5002607463D210096F3F73CFD002564
:10410000C01B401CC4B205E0395D79556D1C641CB0
:10411000EDB2E4B23846F3F738FDA042F4D87E554C
:104120006A460AA1384609F083FD012801D0022021
:10413000F8BD07490098884204D93146FCF7C0F819
:104140000020F8BD03A0FDF7C5FAF0E7256C750067
:104150008000926576616C7565206E65656473207C
:10416000746F20626520677265617465722074687F
:10417000616E20313730343036373230300A0D003E
:1041800010B507488078002802D006A0FDF7A2FAF3
:104190000748C27D417D07A0FDF79CFA002010BDB5
:1041A0009400002041542B544C534D4F443D00008B
:1041B000EC00002025642C25640D0A0070B506462D
:1041C0003D21F3F7D8FC044640783038C5B2022DC3
:1041D00011D82C213046F3F7CEFC00280BD02C212F
:1041E0002046F3F7C8FC401CF3F73AFDC1B2002D9E
:1041F00003D0012202E0022070BD00220248427575
:10420000C175002070BD0000EC00002010B506480C
:104210008078002802D005A0FDF75CFA064907A0C7
:10422000FDF758FA002010BD9400002041542B5592
:104230004E414D453D0000005D16002025730D0ADE
:104240000000000070B5054609F006FC3D21284637
:10425000F3F791FC04462846F3F797FC611B401ADC
:10426000401E802801D9022070BD074881210546E3
:10427000F3F749FC601CF3F788FC0246611C2846F2
:10428000F3F728FC002070BD5D16002010B507482C
:10429000C078042804D006A0FDF71CFA032010BD46
:1042A00009490120C870002010BD0000D001002085
:1042B000546865206465766963652069732062755A
:1042C00073792E0D0A0000009400002010B50648F6
:1042D0008078002802D005A0FDF7FCF9064907A068
:1042E000FDF7F8F9002010BD9400002041542B5533
:1042F0005249313D00000000A918002025730D0A25
:104300000000000070B5054609F0A6FB3D212846D7
:10431000F3F731FC04462846F3F737FC611B401ADB
:10432000401E802801D9022070BD07488121054622
:10433000F3F7E9FB601CF3F728FC0246611C2846F2
:10434000F3F7C8FB002070BDA918002010B506487F
:104350008078002802D005A0FDF7BCF9064907A027
:10436000FDF7B8F9002010BD9400002041542B55F2
:104370005249323D000000002A19002025730D0A21
:104380000000000070B5054609F066FB3D21284697
:10439000F3F7F1FB04462846F3F7F7FB611B401ADD
:1043A000401E802801D9022070BD074881210546A2
:1043B000F3F7A9FB601CF3F7E8FB0246611C2846F3
:1043C000F3F788FB002070BD2A19002010B50648BD
:1043D0008078002802D005A0FDF77CF9064907A0E7
:1043E000FDF778F9002010BD9400002041542B55B2
:1043F0005249333D00000000AB19002025730D0A1F
:104400000000000070B5054609F026FB3D21284656
:10441000F3F7B1FB04462846F3F7B7FB611B401ADC
:10442000401E802801D9022070BD07488121054621
:10443000F3F769FB601CF3F7A8FB0246611C2846F2
:10444000F3F748FB002070BDAB19002010B50648FB
:104450008078002802D005A0FDF73CF9064907A0A6
:10446000FDF738F9002010BD9400002041542B5571
:104470005249343D000000002C1A002025730D0A1B
:104480000000000070B5054609F0E6FA3D21284617
:10449000F3F771FB04462846F3F777FB611B401ADC
:1044A000401E802801D9022070BD074881210546A1
:1044B000F3F729FB601CF3F768FB0246611C2846F2
:1044C000F3F708FB002070BD2C1A002010B5064839
:1044D0008078002802D005A0FDF7FCF8064907A067
:1044E000FDF7F8F8002010BD9400002041542B5532
:1044F0005249353D00000000AD1A002025730D0A19
:104500000000000070B5054609F0A6FA3D212846D6
:10451000F3F731FB04462846F3F737FB611B401ADB
:10452000401E802801D9022070BD07488121054620
:10453000F3F7E9FA601CF3F728FB0246611C2846F2
:10454000F3F7C8FA002070BDAD1A002030B583B073
:104550000446FDF7DDF90546002000900246019073
:1045600021466846F3F7D1FE2846FDF7E7F90199A1
:10457000009803B030BD000010B586B01421684625
:10458000F3F7C1FA1348C26A02210A43C262C06A41
:10459000114C08400590042000900120019000205B
:1045A0000391029069462046F5F74CFC0122042154
:1045B0002046F5F716FD0948F5F794FA0022042184
:1045C0002046F5F70EFDAF20C000F5F78BFA06B0D8
:1045D00010BD00000010024000040050140500004F
:1045E00030B587B014216846F3F78DFA1748C26AD0
:1045F00002210A43C262C06A154C0840059004209B
:10460000009001200190002003910290694620460D
:10461000F5F718FC002204212046F5F7E2FC7D2581
:10462000ED002846F5F75EFA012204212046F5F751
:10463000D8FC2846F5F756FA002204212046F5F763
:10464000D0FC2846F5F74EFA07B030BD0010024006
:1046500000040050F0B587B0002004908B200D2599
:104660000290F7F77BFB0024E800104E27460190EC
:1046700001982043C0B200250090777002990098FD
:10468000F7F7CEFC707800280CD06D1CEDB2052D2C
:10469000F3D30498002803D1641CE4B2082CE7D3B8
:1046A00007B0F0BD00983070FAE7000098010020D4
:1046B00010B50E494A8F111A824201D389B203E024
:1046C000E1200001081881B20948824204D107485C
:1046D00020300179074801E07D20C00041430648B1
:1046E000FCF75AF90448FCF769F910BDCC0000202A
:1046F000FFFF000060EA0000F8040020F8B5FB4F5F
:104700000026FB4C3546B100C819F4F7D9FD2268E4
:10471000010E51552368020C691C5A542368020A81
:10472000A91C5A54EA1C2168761C2D1DF6B2885427
:10473000EDB2022EE7D32068F3F727FA00282068AD
:1047400004D0F3F722FA012823D02AE00622E9490F
:10475000F3F7C0F925682846F3F778FA00BA000A9B
:10476000E9780002E44E08433060281DF3F76EFA42
:1047700000BA000AE9790002084370600121384656
:10478000F4F7D4FC032231463846F4F75FFD0020ED
:1047900006E030212068F3F7EEF9002801D002206E
:1047A0002071D648F4F78CFDD44EE087361D304694
:1047B000F4F786FDD24DE8713046F4F781FD000C28
:1047C00068813046F4F77CFD000A2872301DF4F74A
:1047D00077FD0002000AA060C8480C30F4F770FDB5
:1047E000010EE171302907D0312905D0322903D0DB
:1047F000332901D03020E071E0793038C0B2F4F7CD
:1048000097FBBE480C30F4F75BFDB94D0002000E7B
:1048100020352870012807D0022805D0032803D0AE
:10482000042801D002202870B4481430F4F748FD61
:10483000000E0704B1481030F4F742FD80B2074380
:10484000B04E2761B74200D92661AC481030F4F76A
:1048500037FD000C6084A9481430F4F731FD0004E2
:10486000000E0704A5481830F4F72AFD80B207436C
:10487000E760B74200D9E660A0481430F4F720FDA5
:104880000002000E07049D481830F4F719FD000CD3
:1048900007436761B74200D9666198482C30F4F746
:1048A0000FFD208395480C30F4F70AFD0006000E3A
:1048B000687101D105206871904E30363046F4F7AA
:1048C000FFFC000AA8713046F4F7FAFC884E8B4FC3
:1048D000000C4036307070373846F4F7F1FC0006B3
:1048E000000E00D0012068753846F4F7E9FC000A94
:1048F000E8753846F4F7E4FC000CA8723846F4F783
:10490000DFFC000E28717D487430F4F7D9FC000EEE
:1049100000D00120F07379487430F4F7D1FC784F5F
:10492000000C787175487430F4F7CAFC000AB8714D
:10493000724F78373846F4F7C3FC000EA875384636
:10494000F4F7BEFC000C68763846F4F7B9FC6087D3
:104950006A483030F4F7B4FC684C000E28753434E3
:104960002046F4F7ADFC000E00D00120B0732046C5
:10497000F4F7A6FC000C70712046F4F7A1FC5F4C24
:10498000F08038342046F4F79BFC000C3081204640
:10499000F4F796FC7081241D2046F4F791FC000A80
:1049A00030732046F4F78CFC544C70737C342046F2
:1049B000F4F786FC000C28722046F4F781FC000E08
:1049C000E8712046F4F77CFCB0702046F4F778FCE0
:1049D000000A707049484C4E1C3000273C4600903D
:1049E0000098B9000818F4F76BFC010E3155311925
:1049F000020C4A70020A7F1C241D8A70FFB2C87024
:104A0000E4B2042FECD34048F3F7BFF8002804D1F8
:104A10003EA240A13C48FCF76DFE384848300024D7
:104A2000274600900098A1000818F4F749FCF119F6
:104A3000020EC0314A70020C8A70020A641C3F1DCB
:104A4000CA70E4B20871FFB20A2CEBD32E48C13011
:104A50000446F3F79AF8002804D12CA22DA1204691
:104A6000FCF748FE2C480024274600900098A1003F
:104A70000818F4F725FC2449020EC91920310A70E0
:104A8000020C4A70020A641C3F1D8A70E4B2C870AE
:104A9000FFB2122CEAD31C4820300090F3F775F8CF
:104AA000002804D119A21BA10098FCF723FE1B4F7C
:104AB00000242646A000C019F4F702FC1249020E99
:104AC000891980310A76020C4A76020A641C361D66
:104AD0008A76E4B2C876F6B20A2CEBD30A4898304C
:104AE0000446F3F752F800281FD119E0005D0208D0
:104AF000CC00002058040020A8070020005802081D
:104B00009400002020BF0200F21400204E554C4CAF
:104B10000000000025730000005C0208008B020802
:104B2000F8A2FDA12046FCF7E5FD00242646A000E2
:104B3000C0192830F4F7C4FBF849020E8919603116
:104B40008A71020CCA71020A641C361D0A72E4B230
:104B50004872F6B20C2CEAD32878032815D1287DA8
:104B6000012804D0022804D0032809D00DE0ECA2CB
:104B700007E0687D012801D0F0A202E0F5A200E084
:104B8000FAA2E5A10098FCF7B5FDFE480026E34C2B
:104B9000374600900098B1000818F4F791FBE1192E
:104BA000FF31020E6131CA72020C0A73020A761CCE
:104BB0003F1D4A73F6B28873FFB2202EEAD3F24843
:104BC0000646F2F7E2FF002804D1F04AD2A13046AF
:104BD000FCF790FDEB4880300026374600900098A7
:104BE000B1000818F4F76CFBE119FF31020EE13156
:104BF0000A73020C4A73020A761C3F1D8A73F6B2CE
:104C0000C873FFB2322EEAD3DF4881300646F2F78E
:104C1000BCFF002804D1DD4ABFA13046FCF76AFD85
:104C2000DB480026374600900098B1000818F4F7DA
:104C300047FBE119020EE0318A72020CCA72020AC5
:104C4000761C3F1D0A73F6B24873FFB2202EEBD3D9
:104C5000CD4881380646F2F798FF002804D1CB4AA8
:104C6000ADA13046FCF746FDC948803000263746E6
:104C700000900098B1000818F4F722FBE319152101
:104C80004901020E59184A75020C8A75020A761CEF
:104C90003F1DCA75F6B20876FFB2202EE9D3BD4893
:104CA0000646F2F772FF002804D1B84A9AA13046AE
:104CB000FCF720FDB3488038002637460090009866
:104CC000B1000818F4F7FCFAE31919214901020EA2
:104CD00059188A75020CCA75020A761C3F1D0A769D
:104CE000F6B24876FFB2202EE9D3AA4881300646B4
:104CF000F2F74BFF002804D1A44A87A13046FCF705
:104D0000F9FCA5480026374600900098B100081825
:104D1000F4F7D6FAE3191D214901020E5918CA7594
:104D2000020C0A76020A761C3F1D4A76F6B2887695
:104D3000FFB2202EE9D399480646F2F726FF002855
:104D400004D1924A74A13046FCF7D4FC92488030DA
:104D50000026374600900098B1000818F4F7B0FA22
:104D6000E31921214901020E59180A76020C4A76EC
:104D7000020A761C3F1D8A76F6B2C876FFB2202E54
:104D8000E9D3864881300646F2F7FFFE002804D1B9
:104D90007E4A61A13046FCF7ADFC814800263746CB
:104DA00000900098B1000818F4F78AFAE319252159
:104DB0004901020E59184A76020C8A76020A761CBC
:104DC0003F1DCA76F6B20877FFB2202EE9D37548A8
:104DD0000646F2F7DAFE002804D16C4A4EA13046AE
:104DE000FCF788FC6E48803000263746009000981B
:104DF000B1000818F4F764FAE31929214901020EF9
:104E000059188A76020CCA76020A761C3F1D0A7768
:104E1000F6B24877FFB2202EE9D3624881300646C9
:104E2000F2F7B3FE002804D1584A3BA13046FCF704
:104E300061FC5D480026374600900098B1000818D4
:104E4000F4F73EFAE3192D214901020E5918CA76EA
:104E5000020C0A77020A761C3F1D4A77F6B2887761
:104E6000FFB2202EE9D351480646F2F78EFE002805
:104E700004D1464A28A13046FCF73CFC4C480026A9
:104E8000374600900098B1000818F4F719FAE319B2
:104E900031214901020E59180A77020C4A77020A99
:104EA000761C3F1D8A77F6B2C877FFB20D2EE9D384
:104EB0003E4881300646F2F768FE002804D13DA244
:104EC00015A13046FCF716FC3748803000263746DF
:104ED00000900098B1000818F4F7F2F9E3193321B3
:104EE0004901020E59180A74020C4A74020A761C0F
:104EF0003F1D8A74F6B2C874FFB2102EE9D32B4856
:104F0000B53071E022382E382E382E38222C223837
:104F10002E382E342E34220025730000F214002087
:104F20006D717474332E7468696E67737065616B2C
:104F30002E636F6D2C313838330000006D7174743E
:104F40002E6461746163616B652E636F2C31383838
:104F5000330000006D7174742E6461746163616B61
:104F6000652E636F2C3838383300000062726F6B27
:104F700065722E686976656D712E636F6D2C3138A0
:104F800038330000805A02085D1600200C4B0108DF
:104F900000590208A717002080860208A9180020DF
:104FA00080870208AB19002080880208AD1A002013
:104FB000808A020830783130303030323030303052
:104FC0003030303030663065313839662C307831E9
:104FD00030303034323030303030303030303930C2
:104FE00065313839660000000646F2F7CEFD00282C
:104FF00004D1864A86A13046FCF77CFB8548002612
:10500000374600900098B1000818F4F759F9824922
:10501000020ECB193521490159180A74020C4A7441
:10502000020A761C3F1D8A74F6B2C874FFB2102EB5
:10503000E8D37A480446F2F7A8FD002804D1734A61
:1050400073A12046FCF756FB754F00242646A000AE
:10505000C019F4F735F97049020E8B19372149014F
:1050600059180A74020C4A74020A641C361D8A74A8
:10507000E4B2C874F6B20A2CE9D36848403004465A
:10508000F2F783FD002804D1604A61A12046FCF7B5
:1050900031FB00242646A000C0192830F4F710F98F
:1050A0005D49020E8B190721090259180A76020C74
:1050B0004A76020A641C361D8A76E4B2C876F6B2D5
:1050C0000B2CE8D3554868300446F2F75EFD002803
:1050D00004D14E4A4EA12046FCF70CFB0024264684
:1050E000A000C0195430F4F7EBF84B49020E8B19AD
:1050F0001D21890159180A71020C4A71020A641CA7
:10510000361D8A71E4B2C871F6B20B2CE8D343485D
:1051100094300446F2F739FD002804D13B4A3CA103
:105120002046FCF7E7FA3E4F803700242646A000D1
:10513000C019F4F7C5F83849020E8B193B21490113
:1051400059180A74020C4A74020A641C361D8A74C7
:10515000E4B2C874F6B20C2CE9D33048C03004462F
:10516000F2F713FD002804D1284A29A12046FCF7B4
:10517000C1FA00242646A000C0193030F4F7A0F888
:105180002549020E8B193D21490159180A70020C5C
:105190004A70020A641C361D8A70E4B2C870F6B206
:1051A000022CE8D31D48F0300446F2F7EEFC00284C
:1051B00004D11CA216A12046FCF79CFA0024264626
:1051C000A000C0193830F4F77BF81349020E8B1990
:1051D0003D21490159180A75020C4A75020A641CDE
:1051E000361D8A75E4B2C875F6B2052CE8D30F48AF
:1051F0000446F2F7CAFC002804D10DA204A12046FF
:10520000FCF778FA0C48007B2877F8BD0C4B0108B6
:105210002573000040890208F2140020A21B002020
:1052200080E9020850532D4342000000A61C0020D4
:1052300076312E322E31000000000808FEB58021A4
:10524000FC48F2F760FCFB4880218030F2F75BFC01
:105250008021F948F2F757FCF748C8218030F2F76F
:1052600052FCF54880218038F2F74DFC8021F3484C
:10527000F2F749FCF14880218030F2F744FC8021AC
:10528000EF48F2F740FCEE4880218030F2F73BFC1B
:105290008021EC48F2F737FCEA4880218030F2F7B1
:1052A00032FC8021E848F2F72EFCE748802180306C
:1052B000F2F729FC8021E548F2F725FCE34880213C
:1052C0008030F2F720FC8021E148F2F71CFCE14A33
:1052D000D848D18FE04C01606189237A09041B0210
:1052E0001943E3791943416091688160D1790B06D4
:1052F000114620310D782D042B434D792B43C3608B
:10530000538C1D0413699EB23543056155691B0C0E
:105310002E02360E1B0636043343D66837023F0E84
:105320003F023B4343612B04B5B22B438361138B94
:10533000C3620B7D1D060B4620331E7836043543B1
:105340008E793602354305639D7B5E792D063604E2
:105350003543DE8835434563956C1026F5418563FA
:105360009D896DBAC5630E794D7D360635438E7ABB
:10537000CF7D36043F023E43354305676679DD7BCA
:10538000A4792D06360435432402254345678C7DD8
:10539000497E240609040C43518F0C4311462331E6
:1053A00084674A790C791102214349BA5A78090471
:1053B000120211439A78A94C114300252E46C16769
:1053C00010E067193846F2F741FC00BA000AF97894
:1053D000000208439749B20051182D1D761CEDB20A
:1053E000F6B2C8619D48F2F7D0FBA842E9D8002583
:1053F0002046C1302F46009013E066193046C13078
:10540000F2F724FC00BAC036000A317900020843E2
:10541000BA0088492D1D51187F1C8864EDB2FFB277
:105420000098F2F7B2FBA842E7D8002520462030CA
:105430002E46009012E0601920300746F2F706FC75
:1054400000BA000AF97800020843B20079492D1D1C
:1054500080318850761CEDB2F6B20098F2F795FBD9
:10546000A842E8D800252046FF306C302E46009038
:1054700014E067193846FF306C30F2F7E7FBFF376E
:1054800000BA6137000AB97B00020843B2006A49DA
:105490002D1D8850761CEDB2F6B20098F2F775FB20
:1054A000A842E6D800252046FF30ED302E46009079
:1054B00015E067193846FF30ED30F2F7C7FBFF37CC
:1054C00000BAE137000AF97B00020843B2005A49EA
:1054D0002D1D80318850761CEDB2F6B20098F2F79F
:1054E00054FBA842E5D800252046EA302E4600901D
:1054F00013E067193846EA30F2F7A8FB00BAE03744
:10550000000A797B00020843B2004B492D1D803907
:105510008850761CEDB2F6B20098F2F736FBA8423E
:10552000E7D800254E482E462018009014E04C483D
:1055300067193818F2F78AFB1521490100BA791862
:10554000000A097E00020843B2003C492D1D885024
:10555000761CEDB2F6B20098F2F717FBA842E6D837
:105560003F480025813020182E46009016E03C4828
:10557000671981303818F2F769FB1921490100BA1F
:105580007918000A497E00020843B2002B492D1DFC
:1055900080318850761CEDB2F6B20098F2F7F5FA39
:1055A000A842E4D800252F482E462018009014E089
:1055B0002C4867193818F2F749FB1D21490100BA38
:1055C0007918000A897E00020843B2001C492D1D8B
:1055D0008850761CEDB2F6B20098F2F7D6FAA842DF
:1055E000E6D800258720C00020182E46009016E03F
:1055F00087206719C0003818F2F728FB21214901DC
:1056000000BA7918000AC97E00020843B2000C49AA
:105610002D1D80318850761CEDB2F6B20098F2F75D
:10562000B4FAA842E4D800250F482E46201800906E
:1056300031E00000B4070020340900207C0A00207B
:105640007C0B00207C0C00207C0D00207C0E0020B8
:105650007C0F0020CC00002094000020F2140020D9
:10566000B5020000B7030000B9040000FE48671946
:105670003818F2F7EBFA2521490100BA7918000A27
:10568000097F00020843B200F8492D1D8850761C9E
:10569000EDB2F6B20098F2F778FAA842E6D8F248EE
:1056A0000025813020182E46009016E0EE4867193C
:1056B00081303818F2F7CAFA2921490100BA79185D
:1056C000000A497F00020843B200E8492D1D8031DD
:1056D0008850761CEDB2F6B20098F2F756FAA8425E
:1056E000E4D80025E2482E462018009014E0E04857
:1056F00067193818F2F7AAFA2D21490100BA79186A
:10570000000A897F00020843B200DA492D1D885043
:10571000761CEDB2F6B20098F2F737FAA842E6D856
:10572000D3480025813020182E46009016E0D0483E
:10573000671981303818F2F789FA3121490100BA26
:105740007918000AC97F00020843B200C9492D1D1B
:1057500080318850761CEDB2F6B20098F2F715FA57
:10576000A842E4D80025204698302E46009012E04A
:10577000671938469830F2F769FA00BA8037000A9C
:10578000F97E00020843B200BB492D1D8850761CEB
:10579000EDB2F6B20098F2F7F8F9A842E8D8002581
:1057A000204666302E46009013E067193846663072
:1057B000F2F74CFA00BA6037000A797A000208431F
:1057C000B200AD492D1D5118761C8862EDB2F6B2BB
:1057D0000098F2F7DAF9A842E7D800256721090115
:1057E00061182E46009115E06720671900013818EE
:1057F000F2F72CFA3321490100BA7918000AC97C62
:10580000000208439C49B20080312D1D761C88504F
:10581000EDB2F6B20098F2F7B8F9A842E4D8002544
:105820006B20000120182E46009017E06B206719AE
:1058300000013818F2F70AFA3521490100BA79183F
:10584000000AC97C00020843B2008B492D1D80313B
:105850005118761C0864EDB2F6B20098F2F795F98B
:10586000A842E3D800256F21090161182E46009156
:1058700014E06F20671900013818F2F7E7F93721B3
:10588000490100BA7918000AC97C00020843B20035
:105890002D1D7A49761C8850EDB2F6B20098F2F7C9
:1058A00074F9A842E5D80025E320C00020182E4650
:1058B000009016E0E3206719C0003818F2F7C6F927
:1058C0000721090200BA7918000AC97E00020843BC
:1058D000B2006A492D1D5118761C8862EDB2F6B2ED
:1058E0000098F2F752F9A842E4D8002564482E4601
:1058F0002018009015E0624867193818F2F7A6F9E9
:105900001D21890100BA7918000AC97900020843EB
:10591000B2005A492D1D5118761C4865EDB2F6B2F9
:105920000098F2F732F9A842E5D809215548F3F773
:10593000FDFB554D05212846F3F7F8FB534E012199
:105940003046F3F7F3FB514F012180373846F3F728
:10595000EDFB01214E48F3F7E9FB02214D48F3F737
:10596000E5FB20224C494748F3F770FC4A492022C6
:1059700080314A48F3F76AFC202249494948F3F745
:1059800065FC4749202280314748F3F75FFC4648D1
:10599000322246498030F3F759FC444941482022DD
:1059A000C8318030F3F752FC3F482022404980380C
:1059B000F3F74CFC3E49202280312846F3F746FCA1
:1059C0002A493148202280398030F3F73FFC2022D9
:1059D00026493848F3F73AFC2449364820228031DA
:1059E0008030F3F733FC2A48202222498038F3F72D
:1059F0002DFC2049202280313046F3F727FC20225D
:105A00001D493846F3F722FC1B49202280312048EB
:105A1000F3F71CFC202219491E48F3F717FC8021DC
:105A20001648F2F770F800257720000120182E465E
:105A3000009015E07720671900013818F2F706F991
:105A40003B21490100BA7918000AC97C00020843C9
:105A5000B2000A492D1D8850761CEDB2F6B20098AE
:105A6000F2F793F8A84227E0B90400007C0C00206C
:105A7000BB0500007C0D00207C0E00207C0F002068
:105A8000440700000058020880860208808A020845
:105A90000089020880E90208B4070020005C0208BF
:105AA000B408002000590208805A0208B4090020F6
:105AB000FC0A002080870208BCD800253D277F0112
:105AC000E0192E46019013E06019C0190090F2F71A
:105AD000BDF800BA010A00980902C078B20001437B
:105AE00018482D1D1018761C0163EDB2F6B201980E
:105AF000F2F74BF8A842E7D8002513482E462018A5
:105B0000009015E0104867193818F2F79FF83D210A
:105B1000490100BA7918000AC97D00020843B200A1
:105B200008492D1D5118761C8863EDB2F6B2009815
:105B3000F2F72BF8A842E5D8202202490348F3F7F0
:105B400085FBFEBD7C0F0020B407000000EA0208C0
:105B5000034610B50020024603E08C4200D1401CF1
:105B6000521C9C5C002CF8D110BD0000F0B50C4D0F
:105B70006E17002812D000230DE0C25C56400024AE
:105B8000F7077208FF0F2E467F1EBE435640641C67
:105B9000082CF5D35B1C8B42EFD3F043F0BD000023
:105BA0002083B8EDF0B585B03220F3F79BFF00F00D
:105BB000DBF9F2F7ABFA00222E4BF2F7F3F9F2F72A
:105BC000FFFA074605F086FF012102A8F6F7AAFAB8
:105BD0000398294D0090E868029C002803D000211A
:105BE0000120F9F7ABFF254E2869B04203D0002110
:105BF0000220F9F7A3FF6869B04203D00021032017
:105C0000F9F79CFF1E481F492018884208D2FAF76E
:105C100049FE01461CA0FBF75DFD3220F3F762FF51
:105C20003846F2F7B9FA06460D46FAF73BFE01464A
:105C300032462B461CA0FBF74DFD3220F3F752FFF6
:105C40000098F2F7A9FA06460F462046F2F7A4FAA2
:105C500004460D46FAF726FE014622462B4618A0BA
:105C600001970096FBF736FD6420F3F73BFF05B084
:105C7000F0BD000000408F40CC000020FFFF00007E
:105C8000333383BFCDCC04005B25755D0D0A5053C3
:105C90002D43422073656E736F7220646574656373
:105CA0007465640D0A0D0A005B25755D42617474AC
:105CB0006572793A20252E336620560D0A0D0A00AA
:105CC0005B25755D494443203A2025302E336620FC
:105CD0006D413B5644433A2025302E336620560D05
:105CE0000A0D0A0010B5092109020948F1F70BFF56
:105CF0000748F1F74AFF0649064A401806A1FBF794
:105D0000F9FC0348F1F741FF0D49088010BD000080
:105D10002C280020F21400207B22494D4549223ACC
:105D2000222573222C22446F776E6B6C696E6B5F39
:105D300041636B223A2273756363657373227D003E
:105D40000C0200201CB5092109020B48F1F7DBFE0B
:105D50000948F1F71AFF084908A2401809A1019261
:105D600000910BA30C4A0D49FBF7C4FC0248F1F764
:105D70000CFF0B4908801CBD2C28002050532D43DC
:105D800042000000442D424739352D3030340000A8
:105D900076312E322E310000F2140020D82E020867
:105DA0000C020020F8B580212C48F1F7ACFE2C49FC
:105DB00018252C4CCD873C2060810122E126E27120
:105DC000760100238E600F46A371022040373870A1
:105DD000FF20F5304861084620304276224F4F8739
:105DE0000F21017108218172C2711C481F4A056090
:105DF000217A86600902114341607D218904816115
:105E0000510401631A49436701671A498167110602
:105E1000C167217800291BD000252E4611E01648C5
:105E200047193846F1F712FF00BA000AF978000264
:105E300008430A49B20051182D1D761CEDB2F6B286
:105E4000C8610D48F1F7A1FEA842E8D800202070F3
:105E5000202202490948F3F7F9F9F8BDB4070020F8
:105E6000CC00002094000020FFFF000001003C0057
:105E70000000080FFFFF0100F21400200058020884
:105E800010B5016804460C488160806800280AD07B
:105E90002046F3F7A9F91F20C0062018C0090121E8
:105EA000C001C90644180548844203D3044C204667
:105EB000F3F79AF9204610BD5801002080E9020846
:105EC000808B0208FEB501681C4DA9601C4E29E0BC
:105ED0000830B04224D31B4C2068A8606846FAF70B
:105EE00073F9009AA868101A01D5C043401C3346C4
:105EF0002168A960A968511A01D5C943491C81428A
:105F000001D82746084608349C42F1D91F20C00614
:105F10003818C0090121C001C9064018803004E0CA
:105F20000168A960A9680029D2D1B04204D3054C08
:105F30002046F3F759F92046FEBD00005801002025
:105F400080E90208808B020813B5FF23012269460D
:105F50000448F5F7A5FB034910200968086200987A
:105F60001CBD00007406002010B50648F5F75CFC67
:105F700001460548054A008B5043F1F7B9FC80B251
:105F800010BD0000000002446000F81FB80B0000C4
:105F900070B5054600240BE0F1F742FD0068295D6D
:105FA000415C88004840000601D4002070BD641C9C
:105FB0002846F1F7EAFDA042EED8012070BD0000AE
:105FC00070B58EB004001BD02078002818D019A11D
:105FD0002046F1F7AFFD002812D12C212046F1F721
:105FE00025FE05000CD034216846F1F78CFD2A1BF4
:105FF00021466846F1F76EFD002425466E4611E005
:1060000002200EB070BD305D2E2803D030380A2833
:1060100004D205E06D1CEDB2032D01D90020F0E79C
:10602000641CE4B26846F1F7B0FDA042EBD8012051
:10603000E7E700004E554C4C0000000030B58FB033
:1060400004003AD02078002837D01DA12046F1F76F
:1060500071FD002831D12C212046F1F7E7FD050024
:106060002BD03C216846F1F74EFD2A1B214668469D
:10607000F1F730FD6846F1F788FD00231A466C46BB
:1060800011E0A15C3A290CD00D46303D092D09D90B
:10609000313D052D06D94139052903D900200FB01E
:1060A00030BD5B1C521C8242EBDB072B03D0022B62
:1060B00003DB0320F3E70120F1E70220EFE7000014
:1060C0004E554C4C00000000FEB56C48F3F7C8FF7D
:1060D0006B486C4C007900266B4D012811D1E0789B
:1060E00006280ED0A87F401CC0B2A8771E2808D171
:1060F00063480671AE77FAF7D5FB014663A0FBF75C
:10610000E9FA2046A1785E4F5F4C20372034002901
:1061100002D001290CD017E0E17B012914D1A17D27
:10612000002911D10F21217001216174E6730BE068
:10613000C178022901D0072906D1A27D002A03D106
:10614000594A1278002A04D02673617C012932D082
:1061500079E007291DD00A222A71227B521CD2B273
:1061600022732B799A42F0D3267307291DD0617AC6
:10617000491C6172397801290DD002290ED00329FA
:1061800011D00429E1D148212170484A0121117020
:10619000DBE70622E0E724212170D6E72C212170DD
:1061A0000121434AF3E74021F6E7424A1178491CAE
:1061B00011705521F0E7A17D00295DD1217C0623D6
:1061C000491CC9B221747A795A438A423ED1267455
:1061D000394A667401211170294940310A79521CEB
:1061E000D2B20A71042A08D30E71CA78921CD2B2B4
:1061F000CA700C2A01D30C22CA70042282705E205D
:106200002070887B012821D1B87A002801D1012093
:106210006075287B002814D16846F9F7D5FFBA7A53
:1062200026490098002A07D0154A3C239268821A12
:1062300078795843101A03E07A793C235A43801A3C
:10624000086301202873A07D002815D1286E0A213B
:10625000401C28661A4A48435110904203D9084A04
:1062600092688A4206D3064A92685300984203D93C
:106270008A4201D30120E873FEBD0000E005002042
:10628000CC000020D0010020000000205B25755DBF
:1062900050617373776F72642074696D656F757484
:1062A0000D0A0D0A00000000A0010020B30100202B
:1062B000AE010020B8010020B10100202001002023
:1062C0008051010070B50122094D06461403214694
:1062D0002846F3F786FE3046F3F704FC00222146F9
:1062E0002846F3F77EFE6420F3F7FCFB70BD000048
:1062F00000040050F0B5C54A00248FB091420ADA7C
:106300004B005B08934206D801254A006D05EA421E
:1063100005D1002803D0FBF7EDFA0FB0F0BD012541
:106320002D05A94219DA034308D0002910DA01200B
:10633000FBF704FBFBF7E3FA0FB0F0BD0220FBF71D
:10634000FDFAFBF7CDFA0122D20751400FB0F0BDA4
:106350003524E4433622F1F79DFE0A15AC4B1219A1
:10636000D4180A03120BAB49AB4B56182E403146DA
:10637000594011430192321512190B920022F1F784
:106380009BFD019A0446921C1003A44E000B0D467F
:106390007E44032860D2204673683268F2F7E4F83E
:1063A0001CD10B98002815D0F1F79CFE04460E4630
:1063B0009B4A9C4BF1F78EFD0D4607469A4A9B4B34
:1063C00020463146F1F786FD3A462B46F1F7D0FCE0
:1063D0000FB0F0BD716830680FB0F0BD944A954BB6
:1063E00020462946F1F776FD0022934BF1F76AFD2E
:1063F00006460F4622462B4610461946F1F76AFD1F
:1064000032463B46F1F766FD06460B980F460028DC
:106410001DD0F1F767FE824A824B05910490F1F797
:1064200059FD32463B46F1F74DFD22462B46F1F72A
:1064300043FD04460D467C4A7C4B05990498F1F7D0
:1064400049FD22462B46F1F737FD0FB0F0BD0B4654
:10645000324620462946C4E0012300229B072046FD
:10646000F1F786FC02460B4620462946F1F79AFDD5
:1064700006460F460B98F1F735FE32463B4605912E
:10648000049010461946F1F725FD09910C906B49CF
:106490000198099B421800920C9A19461046F1F790
:1064A00019FD024607910A90654901980B1A654843
:1064B000019303217844079BFBF7BCF9079B0A9AD9
:1064C000F1F708FD0E905F480D9104217844079B79
:1064D0000A9AFBF7AFF9099B0C9AF1F7FBFC019BB9
:1064E000009A1A4300920D9B0E9AF1F741FC009A14
:1064F00001910C90002A4DDD0022D243204629460E
:10650000F1F7C8FD22462B46F1F7E4FC00910A9012
:106510000B9800282BD0424A424B05990498F1F77A
:10652000D9FC07910E90019B0C9A00990A98F1F7FB
:106530001FFC32463B46F1F7CDFC079B0E9AF1F764
:1065400017FC009B0A9AF1F7BDFC22462B46F1F797
:10655000B3FC04460D46344A344B05990498F1F7D0
:10656000B9FC22462B46F1F7A7FC0FB0F0BD019B0A
:106570000C9A0A98F1F7FCFB32463B46F1F7AAFC6D
:10658000009B0A9AF1F79EFC22462B46F1F79AFCF3
:106590000FB0F0BD0B98002827D0214A214B059958
:1065A0000498F1F797FC0791009020462946019B3B
:1065B0000C9AF1F781FC32463B46F1F78BFC079BC6
:1065C000009AF1F779FC22462B46F1F775FC044658
:1065D0000D46154A154B05990498F1F77BFC2246A8
:1065E0002B46F1F769FC0FB0F0BD0B46204629465B
:1065F0000C9AF1F761FC32463B46F1F76BFC224600
:106600002B46F1F75FFC0FB0F0BD00000000F07FFB
:1066100001FCFFFF645F09000000F03F8CB3000045
:10662000763C7935EF39EA3D0000E0FE422EE63F48
:10663000555555555555D53F0000E03F86EBF9FFC0
:1066400051B8060098B100008CB0F3F719FDF9F7C6
:1066500077FEF5F73BFFF5F725FFF6F719F801226E
:10666000FC49FD48F4F798FFFB48F6F72DF8F5F7DD
:10667000EDFFF84901224931F848F4F78DFFF7485A
:10668000F6F722F8F5F7CCFFF2485930F5F70EF996
:10669000F5F7EAF9F5F7DCFE04F090F9FEF72EF8CD
:1066A000F2F766FEEE49EF48FAF70EF9EE49ED48CB
:1066B000FAF772F9EB48FAF781F906F095FBE94829
:1066C000EA49F038FAF700F90520F3F70BFAE54844
:1066D000E7497838FAF7F8F80520F3F703FAE148C4
:1066E000E4498C38FAF7F0F80520F3F7FBF9DD48B8
:1066F000E1496438FAF7E8F804F0C6F90520F3F741
:10670000F1F9F5F7FBFCD748DC495038FAF7DCF82B
:106710000520F3F7E7F9D348D9493C38FAF7D4F81C
:106720000520F3F7DFF9F2F7D9FD0520F3F7DAF9E1
:10673000CC48D4492838FAF7C7F80520F3F7D2F93E
:10674000C848D1491438FAF7BFF80520F3F7CAF959
:10675000F9F736FAFDF77EFF002108A8F5F7E2FC0D
:10676000FFF720FA07F07EF8BA4DC8481B3D686570
:10677000686DFFF7A7FB686506F082FA06F02AF855
:10678000C348F3F76DFC7D20C000FFF79BFDC148B7
:10679000F3F7A8F9C04800792C46203401281BD013
:1067A0007D27FF0001267603052031460007F3F719
:1067B0000BFC012828D059202070B84E0027287BD8
:1067C0000028B74826D004F0E9FD25E0FDF708FFD2
:1067D0003046F3F787F903E07D26F60001277F03B3
:1067E000052039460007F3F7EFFB0128EED05920CA
:1067F0002070F3F7D1F9A8490022091D0220F3F710
:10680000A1F9F3F795F9D8E7FDF7EAFE3846F3F773
:1068100069F9C9E7F9F77EFA207858280CD07D206D
:10682000C000F3F75FF98B48401DF5F757FF572875
:1068300002D1607A401C6072607A062819D9207AE9
:10684000401CC0B22072032817D0FAF72BF801467B
:1068500094A0FAF73FFFF5F7F9FE7E49012249318E
:106860007E48F4F799FE7D48F5F72EFF4F20207003
:106870006772A07D002802D00AE027721DE0A97B84
:10688000052902D2E97B002902D0AF73EF7314E02F
:10689000617E042911D861780C2902D3B27B002AC9
:1068A0000BD0242902D3B17B012906D08449C978B1
:1068B000022904D0072902D00EE0FAF78DFF2278D2
:1068C000582A09D1002807D17E4A1278002A03D11C
:1068D000562222707A4A5771627D002A7ED06F4A12
:1068E000203A527E012A79D1022977D003297FD01C
:1068F00007297DD000287BD16548F3F7B1FB7248AA
:106900000078002805D0F9F7CDFF01466FA0FAF70F
:10691000E1FE05F0DFF801210AA8F5F703FC6F4955
:106920000A98F1F7AAF9F1F7FFFB6D4908806B4966
:106930000B98F1F7A2F9F1F7F7FB6A49088057487D
:106940004038C068002803D000210120F9F7F6F88C
:106950005248403801696448814203D00021022036
:10696000F9F7ECF84D48403841695F48814203D05F
:1069700000210320F9F7E2F86846F9F725FC0098B2
:1069800047490290886007F037F8564902980A880C
:106990005349098806F06CF9686DFFF771FA68656C
:1069A0002C49686D513107F067F8686546480078F2
:1069B00000281CD04B480088F1F7A8FB00224B4B65
:1069C000F1F7F0FA0690464800910088F1F79EFB37
:1069D0000022464BF1F7E6FA024600E008E00B46DB
:1069E000009906980090019141A0FAF773FE67752F
:1069F000A87E00282DD0707900282AD005F06AF8EA
:106A00003089002804D07089002806D1022105E0D1
:106A10007189002901D0002874D0012106A8F5F75A
:106A200081FB2E490698F1F728F9F1F77DFB80B23A
:106A300001902A490798F1F720F9F1F775FB80B228
:106A4000009016484038C06800285ED00021012020
:106A500059E0F4E01B00002074060020F00500203F
:106A600079F8000870050020102700007DF9000863
:106A700061FA0008759F010889AA0108D1920008EF
:106A8000259300081122010865F90008808B02088F
:106A9000E0050020B80B0000000008080C010020F1
:106AA000200100205B25755D52657374617274204E
:106AB000746865206D6F64756C652E2E2E0D0A004E
:106AC000D0010020A0010020950000205B25755D0D
:106AD000434C4F434B3A0D0A0D0A000000007A4424
:106AE000B0000020AC000020FFFF000000408F40FD
:106AF000252E3366206D412C252E336620560D0A37
:106B00000D0A00002CE0F9F719F8CA480169CA48D3
:106B1000814203D000210220F9F710F8C5484169ED
:106B2000C548814203D000210320F9F707F8C34884
:106B30000078002804D0C2A0009A0199FAF7CAFD93
:106B4000707903280ED03089002857D0C04B0199A6
:106B50005A888A1A82423EDB0120A875598041E09A
:106B600003215BE7307B012802D0002808D01BE01E
:106B70003089002818D00199884215D2022006E0F9
:106B80003089002810D0019988420DD90120A875BC
:106B9000012068760846F1F79EFAA8650098F1F79B
:106BA0009AFAE86501206873707B012802D00028FA
:106BB00008D043E07089002840D0009988423DD237
:106BC000022006E07089002838D00099884235D923
:106BD0000120E87526E0404282420FDC0220A875C1
:106BE00001985880012068760198F1F774FAA86539
:106BF0000098F1F770FAE865012068737089002841
:106C00001CD0934B00999A888A1A824203DB012098
:106C1000E875084605E0404282420FDC0220E87534
:106C200000989880012068760198F1F754FAA865D9
:106C30000098F1F750FAE86501206873AF7685484F
:106C40000078012822D18448C17804291ED1A17D71
:106C500000291BD18078042808D0012806D015E02F
:106C6000FDF7BEFC7D20C000F2F73CFF01210520AE
:106C700049030007F3F7A8F90128F1D00120E874CF
:106C8000207075490220C87072480770687D01281D
:106C90000CD17148C178042908D1A17D002905D102
:106CA00001216F7521700222C2702975E07A0128D6
:106CB00034D16948C178042930D1A17D00292DD172
:106CC0008178042908D0012917D026E0FDF788FC37
:106CD0007D20C000F2F706FF0121052049030007CF
:106CE000F3F772F90128F1D05920207013E0FDF775
:106CF00077FC7D20C000F2F7F5FE01210520490355
:106D00000007F3F761F90128F1D00120E874207041
:106D100051490220C870E772AF732F66687E002861
:106D200034D04D48C178042930D1A17D00292DD11E
:106D30008178042908D0012917D026E0FDF750FCFE
:106D40007D20C000F2F7CEFE012105204903000797
:106D5000F3F73AF90128F1D05920207013E0FDF73C
:106D60003FFC7D20C000F2F7BDFE01210520490354
:106D70000007F3F729F90128F1D00120E874207009
:106D800035490220C8706F76AF732F66A07800284F
:106D900002D0FFF799F9A770E07D002807D02E48B0
:106DA000C078042803D10120A0740220A073FAF750
:106DB00097F9207D00281FD03220F2F793FE27A0FC
:106DC000FAF788FC6420F2F78DFE052020210007E9
:106DD000F3F7FAF8012806D0052040210007F3F761
:106DE000F3F8012805D11DA0FAF774FC3220F2F760
:106DF00079FE27750120E07407F084FA1A480078BC
:106E000001280CD11448C178042908D1A17D00299A
:106E100005D10721C170F8F7A3FB1348077020784C
:106E2000582800D0CBE4287F0028FBD10F48F5F785
:106E300019F9C4E4CC000020FFFF000095000020F9
:106E400025642075412C2564206D560D0A0D0A001D
:106E5000200100209D000020D001002041542B5033
:106E600057524D320D0A00009700002041030108DF
:106E700010B5074A0421117000F010F8054802F01F
:106E80005FFC0549082800D009200870C0B210BD79
:106E9000BB010020F4F80108BC01002010B5FF215F
:106EA0000848F0F730FE08A10648F0F737FE104911
:106EB00004480860F0F769FE0E4908600E48007843
:106EC00010BD00002D27002041542B5153534C433B
:106ED00046473D22636163657274222C302C226325
:106EE00061636572742E70656D220D0A00000000EA
:106EF000C8010020CC010020BC01002010B5074AC9
:106F00000421117000F010F8054802F019FC054941
:106F1000082800D009200870C0B210BDBB010020B5
:106F200010F90108BC01002010B5FF210848F0F756
:106F3000EAFD08A10648F0F7F1FD11490448086090
:106F4000F0F723FE0F4908600F48007810BD0000DD
:106F50002D27002041542B5153534C4346473D228B
:106F6000636C69656E7463657274222C302C2263C5
:106F70006C69656E742E70656D220D0A000000004C
:106F8000C8010020CC010020BC01002010B5074A38
:106F90000421117000F010F8054802F0D1FB0549FA
:106FA000082800D009200870C0B210BDBB01002025
:106FB0002CF90108BC01002010B5FF210848F0F7AA
:106FC000A2FD08A10648F0F7A9FD11490448086090
:106FD000F0F7DBFD0F4908600F48007810BD000096
:106FE0002D27002041542B5153534C4346473D22FB
:106FF000636C69656E746B6579222C302C22757315
:1070000065725F6B65792E70656D220D0A00000058
:10701000C8010020CC010020BC01002001480078FC
:1070200070470000BC010020F8B50C4C0221217013
:1070300000F01AF80A4D0B4E192705E0304602F011
:107040007FFB082806D02F702078411E2170F5D2D2
:107050002878F8BD11202870FAE70000BB01002055
:10706000BC01002074110208044805A1016009490F
:10707000112008600848007870470000C80100200F
:1070800041542B51434F4150434C4F53453D300DDC
:107090000A000000CC010020BC010020014800785B
:1070A00070470000BC010020F8B50C4C0221217093
:1070B00000F01AF80A4D0B4E092705E0304602F0A1
:1070C0003FFB082806D02F702078411E2170F5D292
:1070D0002878F8BD08202870FAE70000BB010020DE
:1070E000BC01002040100208044805A101600B49C2
:1070F0001A2008600A48007870470000C801002084
:1071000041542B51434F41504346473D22706470D8
:10711000636964222C302C310D0A0000CC01002060
:10712000BC0100200148007870470000BC0100202D
:10713000F8B50C4C0221217000F01AF80A4D0B4EE4
:10714000092705E0304602F0FBFA082806D02F7028
:107150002078411E2170F5D22878F8BD08202870CB
:10716000FAE70000BB010020BC01002078100208F3
:10717000044805A101600B49192008600A480078FD
:1071800070470000C801002041542B51434F41502B
:107190004845414445523D302C313233342C310D79
:1071A0000A000000CC010020BC010020014800784A
:1071B00070470000BC010020F8B50C4C0421217080
:1071C00000F01AF80A4D0B4E0B2705E0304602F08E
:1071D000B7FA082806D02F702078411E2170F5D20A
:1071E0002878F8BD0A202870FAE70000BB010020CB
:1071F000BC0100205C100208F8B5092109022148F1
:10720000F0F781FC20482C210746F0F7B4FC054636
:107210001EA11C48F0F782FC1B4846300090F0F796
:10722000B4FC194E174C203E00280CD02C2100989D
:10723000F0F7A1FC07462046F0F7A7FC0019BA1B9F
:10724000663A009906E00F48F0F79FFCAA1B001968
:107250003946203AF0F73EFC11A10A48F0F75EFCEF
:1072600029460848F0F75AFC0EA10648F0F756FCEC
:107270000D4804602046F0F788FC0C4908600C4873
:107280000078F8BD2C2800201215002041542B5105
:10729000434F41504F50454E3D302C2200000000DE
:1072A000220000000D0A0000C8010020CC010020CF
:1072B000BC0100200148007870470000BC0100209C
:1072C00010B5074A0021117000F010F8054802F0CF
:1072D00037FA0549082800D009200870C0B210BD4F
:1072E000BB01002094100208BC01002010B5092148
:1072F00009020C48F0F707FC0BA10A48F0F70EFC56
:107300000F490848F0F70AFC0EA10648F0F706FC02
:107310000D4904480860F0F738FC0C4908600C4837
:10732000007810BD2C28002041542B51434F415070
:107330004F5054494F4E3D302C302C302C00000023
:10734000A91800200D0A0000C8010020CC0100206F
:10735000BC0100200148007870470000BC010020FB
:1073600010B5074A0021117000F010F8054802F02E
:10737000E7F90549082800D009200870C0B210BDFF
:10738000BB010020B0100208BC01002010B509218B
:1073900009020C48F0F7B7FB0BA10A48F0F7BEFB57
:1073A0000F490848F0F7BAFB0EA10648F0F7B6FB04
:1073B0000D4904480860F0F7E8FB0C4908600C48E8
:1073C000007810BD2C28002041542B51434F4150D0
:1073D0004F5054494F4E3D302C302C312C00000082
:1073E0002A1900200D0A0000C8010020CC0100204D
:1073F000BC0100200148007870470000BC0100205B
:1074000010B5074A0021117000F010F8054802F08D
:1074100097F90549082800D009200870C0B210BDAE
:10742000BB010020CC100208BC01002010B50921CE
:1074300009020C48F0F767FB0BA10A48F0F76EFB56
:107440000F490848F0F76AFB0EA10648F0F766FB03
:107450000D4904480860F0F798FB0C4908600C4897
:10746000007810BD2C28002041542B51434F41502F
:107470004F5054494F4E3D302C302C322C000000E0
:10748000AB1900200D0A0000C8010020CC0100202B
:10749000BC0100200148007870470000BC010020BA
:1074A00010B5074A0021117000F010F8054802F0ED
:1074B00047F90549082800D009200870C0B210BD5E
:1074C000BB010020E8100208BC01002010B5092112
:1074D00009020C48F0F717FB0BA10A48F0F71EFB56
:1074E0000F490848F0F71AFB0EA10648F0F716FB03
:1074F0000D4904480860F0F748FB0C4908600C4847
:10750000007810BD2C28002041542B51434F41508E
:107510004F5054494F4E3D302C302C332C0000003E
:107520002C1A00200D0A0000C8010020CC01002008
:10753000BC0100200148007870470000BC01002019
:1075400010B5074A0021117000F010F8054802F04C
:10755000F7F80549082800D009200870C0B210BD0E
:10756000BB01002004110208BC01002010B5092154
:1075700009020C48F0F7C7FA0BA10A48F0F7CEFA57
:107580000F490848F0F7CAFA0EA10648F0F7C6FA04
:107590000D4904480860F0F7F8FA0C4908600C48F7
:1075A000007810BD2C28002041542B51434F4150EE
:1075B0004F5054494F4E3D302C302C342C0000009D
:1075C000AD1A00200D0A0000C8010020CC010020E7
:1075D000BC010020F8B50126B60231462048F0F77C
:1075E00092FA2048204C8078012806D1F9F75AF900
:1075F00001461EA0626BFAF76DF81A482038007D2C
:10760000052808D121A1606BF0F794FA002802D078
:1076100022490120087022A1606BF0F78BFA23A1A8
:10762000F0F788FA224D040018D00A21F0F7FEFA8C
:10763000074631460A48F0F766FA3A1BA11C08488B
:10764000921EF0F747FAF9F72DF90146044A19A0FE
:10765000FAF740F817202870C0B2F8BD1620FAE7F4
:107660002C3100200C010020D00100205B25755D2D
:10767000446562756720646F776E6C696E6B206419
:107680006174613A25730D0A000000004576656E4D
:10769000743A53746174757300000000AC010020EB
:1076A0002B51434F41505245435600000D0A0000F4
:1076B000BC0100205B25755D526563656976656474
:1076C00020646F776E6C696E6B20646174613A251B
:1076D000730D0A0010B5FFF77DFF172806D1054886
:1076E0000078002802D1044805F0DCFB034800784C
:1076F00010BD0000AC0100202C310020BC01002096
:1077000010B5084902200870002000F011F8064862
:1077100002F016F80549082800D009200870C0B208
:1077200010BD0000BB01002020110208BC01002098
:1077300010B5092109020A48F0F7E5F909A108483E
:10774000F0F7ECF90DA10648F0F7E8F90C49044808
:107750000860F0F71AFA0B4908600B48007810BD72
:107760002C28002041542B51434F415053454E4447
:107770003D302C312C322C32353500000D0A000002
:10778000C8010020CC010020BC01002010B5084930
:1077900004200870002000F011F8064801F0D0FF26
:1077A0000549082800D009200870C0B210BD0000AB
:1077B000BB0100203C110208BC01002010B50921CA
:1077C00009022D48F0F79FF92C480078012808D0CD
:1077D0002B480078012807D02A480078012806D0D5
:1077E00009E0FEF7AFFA1AE0FEF77CFA17E0264848
:1077F0000078012825D025480078012824D00228C7
:1078000025D0032826D0042827D0052828D00628EC
:1078100029D007282AD064282BD004F0A7F91C4CC3
:10782000002020601448F0F7B0F913491A220A54D6
:1078300008462160F0F7A9F9164908601648007853
:1078400010BDF9F76FFDEAE7F8F762FEE7E7F8F732
:1078500095FEE4E7F8F7C8FEE1E7F8F701FFDEE799
:10786000F8F738FFDBE7F8F76DFFD8E7F8F7A2FF86
:10787000D5E7F8F7D5FFD2E72C280020AC0100208F
:10788000A600002098000020B0010020B9010020CF
:10789000C8010020CC010020BC01002070B5124DB1
:1078A00012A1686BF0F746F9144C002801D024208F
:1078B00015E013A1686BF0F73DF92025002803D0EF
:1078C0000020FFF707FF0CE010480078012801D0E6
:1078D0001E2004E00E480078012802D01F202070EE
:1078E00000E02570207870BDD00100202B51434F5F
:1078F00041504F50454E3A20302C3000BC01002002
:107900002B51434F4150524543560000B0010020D7
:1079100098000020F8B50E480EA1016011490F2013
:1079200008600320104C114D2070114E092705E00E
:10793000304601F005FF082806D02F702078411E40
:107940002170F5D22878F8BD08202870FAE70000E9
:10795000C801002041542B514D54434C4F53453DD9
:10796000300D0A00CC010020BB010020BC0100202A
:1079700098FA01080148007870470000BC01002017
:1079800070B50D480DA10160134919200860134C12
:1079900004202070124D07E0284601F0D1FE08288F
:1079A00006D06420F2F79EF82178481E2070F3D2AA
:1079B0000C48007870BD0000C801002041542B51D4
:1079C0004D544346473D2276657273696F6E222C93
:1079D000302C340D0A000000CC010020BB01002037
:1079E00048F90108BC01002010B5074A04211170B4
:1079F00000F010F8054801F0A3FE0549082800D062
:107A000009200870C0B210BDBB01002080F9010838
:107A1000BC01002010B5FF211B48F0F774F81BA132
:107A20001948F0F77BF81D491748F0F777F81B481D
:107A30001BA181300446F0F77DF8002816D11AA169
:107A40001148F0F76BF821460F48F0F767F8174830
:107A500013A10446F0F76EF8002807D112A10A48D6
:107A6000F0F75CF821460848F0F758F810A10648EE
:107A7000F0F754F80F4904480860F0F786F80E490B
:107A800008600E48007810BD2D27002041542B516E
:107A90004D54434F4E4E3D302C220000DC1500204B
:107AA0004E554C4C00000000222C2200DE16002017
:107AB000220D0A00C8010020CC010020BC010020DA
:107AC0000148007870470000BC010020F8B57D2116
:107AD0000025C9002648F0F716F8264E26A1706B3F
:107AE000F0F728F8044625488078012806D1F8F7F1
:107AF000D9FE014622A0726BF9F7ECFD28A12046C1
:107B0000F0F718F8002800D0012529A1706BF0F7D4
:107B100011F801272A4E002800D03770002D0DD013
:107B20005D212046F0F727F8021B21460E31104850
:107B30000D3AEFF7CFFF2348077009E00A212046EE
:107B4000F0F719F8021BE11C0948521FEFF7C2FFBA
:107B5000F8F7A8FE0146064A1BA0F9F7BBFD3078EE
:107B6000002802D1024805F09DF91F480078F8BDB1
:107B70002C310020D0010020222C22000C010020FA
:107B80005B25755D446562756720646F776E6C690F
:107B90006E6B20646174613A25730D0A0000000069
:107BA0007B22436F6E666967223A225B0000000009
:107BB0004576656E743A5374617475730000000005
:107BC000AC0100200A0200205B25755D52656365EB
:107BD0006976656420646F776E6C696E6B20646192
:107BE00074613A25730D0A00BC010020F8B50E48F7
:107BF0000EA1016011490E2008600320104C114DA8
:107C00002070114E092705E0304601F099FD082843
:107C100006D02F702078411E2170F5D22878F8BD4B
:107C200008202870FAE70000C801002041542B51B9
:107C30004D54444953433D300D0A0000CC0100200F
:107C4000BB010020BC0100207CFA0108014800783B
:107C500070470000BC01002010B5074A04211170D4
:107C600000F010F8054801F06BFD0549082800D028
:107C700009200870C0B210BDBB01002064F90108E2
:107C8000BC010020F8B5FF212248EFF73CFF224855
:107C9000224E00781F4C002812D0304666302C212E
:107CA0000746EFF768FF05461DA12046EFF736FFB0
:107CB0002046EFF76AFF0019AA1B3946663A11E021
:107CC00016482C2120300746EFF755FF054614A132
:107CD0001048EFF723FF0F48EFF757FFAA1B0019D3
:107CE0003946203AEFF7F6FE11A10A48EFF716FFE2
:107CF00029460848EFF712FF0EA10648EFF70EFFDE
:107D00000D4804602046EFF740FF0C4908600C481E
:107D10000078F8BD2D270020B2010020F2140020C9
:107D200041542B514D544F50454E3D302C220000B4
:107D3000220000000D0A0000C8010020CC01002034
:107D4000BC01002010B5084904200870002000F094
:107D500011F8064801F0F4FC0549082800D0092074
:107D60000870C0B210BD0000BB010020D4F90108AA
:107D7000BC01002010B5FF211448EFF7C4FE1448E1
:107D80000078022804D0002804D0012804D007E09D
:107D900010A102E017A100E01EA10C48EFF7BEFE03
:107DA00024490A48EFF7BAFE23A10848EFF7B6FEC8
:107DB00024A10648EFF7B2FE234904480860EFF714
:107DC000E4FE224908602248007810BD2D270020DB
:107DD0009A00002041542B514D545055423D302CB7
:107DE000312C322C302C226368616E6E656C732FDF
:107DF0000000000041542B514D545055423D302C51
:107E0000302C302C302C226368616E6E656C732FC1
:107E10000000000041542B514D545055423D302C30
:107E2000312C312C302C226368616E6E656C732F9F
:107E300000000000A71700202F7075626C6973683E
:107E400000000000220D0A00C8010020CC01002023
:107E5000BC01002010B5084904200870002000F083
:107E600011F8064801F06CFC0549082800D00920EB
:107E70000870C0B210BD0000BB010020F0F901087D
:107E8000BC01002010B5FF211248EFF73CFE12485C
:107E90000078022804D0002804D0012804D007E08C
:107EA0000EA102E012A100E016A10A48EFF736FE8B
:107EB00019490848EFF732FE18A10648EFF72EFEE1
:107EC000174904480860EFF760FE16490860164835
:107ED000007810BD2D2700209A00002041542B511E
:107EE0004D545055423D302C312C322C302C220038
:107EF00041542B514D545055423D302C302C302C98
:107F0000302C220041542B514D545055423D302CC1
:107F1000312C312C302C2200A7170020220D0A0012
:107F2000C8010020CC010020BC01002010B5084988
:107F300004200870002000F011F8064801F000FC51
:107F40000549082800D009200870C0B210BD000003
:107F5000BB0100200CFA0108BC01002010B5FEF79F
:107F600003F8FF211248EFF7CEFD124800780228EF
:107F700004D0002804D0012804D007E00EA102E0BC
:107F800012A100E016A10A48EFF7C8FD19490848F8
:107F9000EFF7C4FD18A10648EFF7C0FD17490448E4
:107FA0000860EFF7F2FD164908601648007810BD2A
:107FB0002D2700209A00002041542B514D5450553C
:107FC000423D302C312C322C302C220041542B518C
:107FD0004D545055423D302C302C302C302C22004A
:107FE00041542B514D545055423D302C312C312CA5
:107FF000302C2200A7170020220D0A00C801002003
:10800000CC010020BC01002010B5084904200870F4
:10801000002000F011F8064801F092FB05490828FD
:1080200000D009200870C0B210BD0000BB010020C4
:1080300028FA0108BC01002010B5FF211248EFF713
:1080400062FD12480078022804D0002804D00128DC
:1080500004D007E00EA102E012A100E016A10A4838
:10806000EFF75CFD19490848EFF758FD18A10648DD
:10807000EFF754FD174904480860EFF786FD1649ED
:1080800008601648007810BD2D2700209A000020B7
:1080900041542B514D545055423D302C312C322CF3
:1080A000302C220041542B514D545055423D302C20
:1080B000302C302C302C220041542B514D54505533
:1080C000423D302C312C312C302C2200A7170020BF
:1080D000220D0A00C8010020CC010020BC010020B4
:1080E00010B5084904200870002000F011F8064877
:1080F00001F026FB0549082800D009200870C0B20D
:1081000010BD0000BB010020B8F90108BC0100202F
:1081100010B5FF211248EFF7F6FC1248007802284C
:1081200004D0002804D0012804D007E00EA102E00A
:1081300012A100E016A10A48EFF7F0FC194908481F
:10814000EFF7ECFC18A10648EFF7E8FC17490448E4
:108150000860EFF71AFD164908601648007810BD50
:108160002D2700209A00002041542B514D5450558A
:10817000423D302C312C322C302C220041542B51DA
:108180004D545055423D302C302C302C302C220098
:1081900041542B514D545055423D302C312C312CF3
:1081A000302C2200A7170020220D0A00C801002051
:1081B000CC010020BC01002010B508490420087043
:1081C000002000F011F8064801F0BAFA0549082825
:1081D00000D009200870C0B210BD0000BB01002013
:1081E00044FA0108BC01002010B5092109023148F8
:1081F000EFF789FC3048007D01280CD02F4800782B
:1082000001280BD02E48007801280AD02D4800788C
:10821000012809D00CE004F025F91DE0FDF792FDDE
:108220001AE0FDF75FFD17E027480078012825D008
:1082300026480078012824D0022825D0032826D0FB
:10824000042827D0052828D0062829D007282AD096
:1082500064282BD003F08AFC1D4C002020601548B8
:10826000EFF793FC13491A220A5408462160EFF7EE
:108270008CFC184908601848007810BDF9F752F8CE
:10828000EAE7F8F745F9E7E7F8F778F9E4E7F8F708
:10829000ABF9E1E7F8F7E4F9DEE7F8F71BFADBE71B
:1082A000F8F750FAD8E7F8F785FAD5E7F8F7B8FA0B
:1082B000D2E700002C280020EC000020AC010020B8
:1082C000A600002098000020B0010020B901002085
:1082D000C8010020CC010020BC01002010B50849D5
:1082E00004200870002000F011F8064801F028FA78
:1082F0000549082800D009200870C0B210BD000050
:10830000BB0100209CF90108BC01002010B5FF2131
:108310002048EFF7F8FB20A11E48EFF7FFFB2248AB
:10832000224C007D01280ED0032816D02146194882
:10833000EFF7F4FB1E480078022818D0002818D068
:10834000012818D01BE01BA11248EFF7E7FB2146DC
:108350001048EFF7E3FB1AA1E9E71CA10D48EFF77E
:10836000DDFB21460B48EFF7D9FB22A1DFE722A175
:1083700002E023A100E024A10648EFF7CFFB244947
:1083800004480860EFF701FC2249086022480078A1
:1083900010BD00002D27002041542B514D54535542
:1083A000423D302C312C2200EC0000202818002007
:1083B0009A0000206368616E6E656C732F00000088
:1083C0002F737562736372696265000074622F6D4A
:1083D0007174742D696E746567726174696F6E2D46
:1083E0007475746F7269616C2F73656E736F7273DD
:1083F0002F0000002F727800222C320D0A0000009E
:10840000222C300D0A000000222C310D0A00000041
:10841000C8010020CC010020BC01002070B52E4C0A
:108420002EA1606BEFF786FB304D002801D00A20AB
:1084300006E02FA1606BEFF77DFB002802D00C2037
:10844000287027E02EA1606BEFF774FB122600283E
:1084500018D130A1606BEFF76DFB002812D132A16B
:10846000606BEFF767FB00280CD134A1606BEFF76E
:1084700061FB1426002805D134A1606BEFF75AFB8D
:10848000002801D02E7005E034A1606BEFF752FB9D
:108490001E21297035A1606BEFF74CFB002802D03C
:1084A0000020FFF713FB34A1606BEFF743FB0028BC
:1084B00005D12AA1606BEFF73DFB002801D0182001
:1084C00006E031A1606BEFF735FB002801D00420F6
:1084D0002870287870BD0000D00100202B514D5429
:1084E0004F50454E3A20302C30000000BC01002097
:1084F0002B514D54434F4E4E3A20302C302C3000EF
:108500002B514D545355423A20302C312C302C32C3
:10851000000000002B514D545355423A20302C316D
:108520002C302C31000000002B514D545355423A51
:1085300020302C312C302C30000000002B514D54B9
:108540005055423A20302C312C3000002B514D54E4
:108550005055423A20302C302C3000002B514D54D5
:10856000444953433A20302C300000002B514D54E5
:1085700052454356000000002B514D545354415472
:108580003A20302C350000002B514D5453544154A7
:108590000000000010B5074A0421117000F010F827
:1085A000054801F0CDF80549082800D009200870D9
:1085B000C0B210BDBB010020D8F80108BC010020EA
:1085C00010B5FF210848EFF79EFA08A10648EFF71B
:1085D000A5FA0C4904480860EFF7D7FA0A49086081
:1085E0000A48007810BD00002D27002041542B516F
:1085F0004D544346473D2273736C222C302C312C52
:10860000300D0A00C8010020CC010020BC01002070
:1086100010B5074A0421117000F010F8054801F068
:108620008FF80549082800D009200870C0B210BD95
:10863000BB010020A0F80108BC01002010B5FF21FB
:108640000D48EFF760FA0DA10B48EFF767FA0A48FB
:10865000EFF79BFA1049084CCA7D00190FA1F9F7F2
:1086600049F8104804602046EFF78FFA0E49086079
:108670000E48007810BD00002D27002041542B51DA
:1086800053534C4346473D227365636C6576656C76
:10869000222C302C00000000EC00002025640D0A84
:1086A00000000000C8010020CC010020BC01002017
:1086B00010B5074A0421117000F010F8054801F0C8
:1086C0003FF80549082800D009200870C0B210BD45
:1086D000BB010020BCF80108BC01002010B5092135
:1086E00009020D48EFF70FFA0CA10B48EFF716FA45
:1086F0000948EFF74AFA0E49074C8A7D00190DA187
:10870000F8F7F8FF0D4804602046EFF73EFA0C49F1
:1087100008600C48007810BD2C28002041542B51D3
:1087200053534C4346473D22736E69222C302C0034
:10873000EC00002025640D0A00000000C8010020A4
:10874000CC010020BC010020F8B50E480EA101604C
:1087500011490E2008600220104C114D2070114E5E
:10876000092705E0304600F0EBFF082806D02F70FF
:108770002078411E2170F5D22878F8BD0820287095
:10878000FAE70000C801002041542B5149434C4FE7
:1087900053453D300D0A0000CC010020BB010020F4
:1087A000BC010020C00C020801480078704700009E
:1087B000BC01002010B5084904200870002000F01A
:1087C00011F8064800F0BCFF0549082800D0092030
:1087D0000870C0B210BD0000BB010020500C0208A0
:1087E000BC01002010B5092109022948EFF78BF9D7
:1087F00028480078012808D027480078012807D0A9
:1088000026480078012806D009E0FDF79BFA1AE017
:10881000FDF768FA17E02248007801281DD02148AA
:10882000007801281CD002281DD003281ED004285F
:108830001FD0052820D0062821D0072822D0642860
:1088400023D003F093F9184911480860EFF79DF918
:10885000164908601648007810BDF8F763FDF2E786
:10886000F7F756FEEFE7F7F789FEECE7F7F7BCFE00
:10887000E9E7F7F7F5FEE6E7F7F72CFFE3E7F7F7A9
:1088800061FFE0E7F7F796FFDDE7F7F7C9FFDAE703
:108890002C280020AC010020A60000209800002019
:1088A000B0010020B9010020C8010020CC01002047
:1088B000BC01002010B5074A0421117000F010F827
:1088C000054800F03DFF0549082800D00920087040
:1088D000C0B210BDBB010020180C0208BC01002072
:1088E000F8B5092109022348EFF70DF922482C2198
:1088F0000746EFF740F9054620A11E48EFF70EF9AD
:108900001D4846300090EFF740F91B4E194C203EB1
:1089100000280CD02C210098EFF72DF907462046AF
:10892000EFF733F90019BA1B663A009906E01148CF
:10893000EFF72BF9AA1B00193946203AEFF7CAF8CE
:1089400013A10C48EFF7EAF829460A48EFF7E6F8D2
:1089500010A10848EFF7E2F80FA10648EFF7DEF89C
:108960000F4804602046EFF710F90E4908600E48E2
:108970000078F8BD2C2800201215002041542B51FE
:10898000494F50454E3D312C302C22544350222C1F
:10899000220000002C3000002C300D0A00000000E6
:1089A000C8010020CC010020BC01002010B5074AFE
:1089B0000421117000F010F8054800F0C1FE0549CF
:1089C000082800D009200870C0B210BDBB010020EB
:1089D000880C0208BC01002010B5FF210A48EFF7FF
:1089E00092F80AA10848EFF799F80CA10648EFF7AA
:1089F00095F80B4904480860EFF7C7F80949086083
:108A00000948007810BD00002D27002041542B514B
:108A10004952443D302C3135303000000D0A000001
:108A2000C8010020CC010020BC010020F0B50121CC
:108A3000B3B0002489024948EFF765F84848494D2A
:108A40008078012806D1F7F72DFF014646A06A6B12
:108A5000F8F740FE4CA1686BEFF76CF8002800D0E7
:108A600001243F4801272038007D052807D14AA16D
:108A7000686BEFF75FF8002801D04B48077020467D
:108A800017264A4C00281ED036487B21406BEFF752
:108A900072F8054633487D21406BEFF7C7F8421B5B
:108AA00029460B312D480C3AEFF714F8404807706F
:108AB000F7F7F8FE0146294A3EA0F8F70BFE3046CC
:108AC000267033B0F0BD43A1686BEFF733F805466D
:108AD0004B21EFF7ABF8421B29466846EEF7FAFF49
:108AE0003A216846EFF747F805460A216846EFF74E
:108AF0009DF8421BA91C1948521FEEF7EBFF1748BF
:108B00001627007830281ED00A212846EFF733F8C0
:108B1000050020D04F21EFF789F80746012189028F
:108B20000E48EEF7F0FF7A1B691C0C48921EEEF718
:108B3000D1FFF7F7B7FE0146084A1EA0F8F7CAFDB5
:108B400026702078BDE72770F7F7ACFE014623A01A
:108B5000F8F7C0FDF5E72770F3E700002C3100209F
:108B60000C010020D00100205B25755D4465627515
:108B70006720646F776E6C696E6B20646174613A14
:108B800025730D0A000000007B22436F6E66696743
:108B9000223A225B000000004576656E743A5374F9
:108BA0006174757300000000AC010020BC0100205E
:108BB0000A0200205B25755D526563656976656410
:108BC00020646F776E6C696E6B20646174613A2506
:108BD000730D0A0051495244000000005B25755D89
:108BE0004E6F206461746120696E206275666665EF
:108BF000720D0A0010B5FFF719FF172806D10548B6
:108C00000078002802D1044804F04CF903480078A9
:108C100010BD0000AC0100202C310020BC01002060
:108C200070B50C4C0221217000F01AF8FF260A4D95
:108C3000F53607E0284600F083FD082806D03046C8
:108C4000F0F750FF2178481E2070F3D203480078D7
:108C500070BD0000BB010020340C0208BC010020E4
:108C600010B50924240221463648EEF74CFF364859
:108C70000078012808D035480078012807D034480A
:108C80000078012806D009E0FDF75CF81AE0FDF74E
:108C900029F817E02F480078012837D02E480078AF
:108CA000012836D0022837D0032838D0042839D0FC
:108CB00005283AD006283BD007283CD064283DD070
:108CC00002F054FF21461F48EEF71DFF23A11D4867
:108CD000EEF724FF24A11B48EEF720FF1948EEF71A
:108CE00054FF2249174C0A88001921A1F8F702FD08
:108CF00020A12046EEF712FF1F4804602046EEF741
:108D000044FF1E4908601E48007810BDF8F70AFBB2
:108D1000D8E7F7F7FDFBD5E7F7F730FCD2E7F7F731
:108D200063FCCFE7F7F79CFCCCE7F7F7D3FCC9E788
:108D3000F7F708FDC6E7F7F73DFDC3E7F7F770FD66
:108D4000C0E700002C280020AC010020A600002075
:108D500098000020B0010020B901002041542B519F
:108D60004953454E443D0000302C00000C020020C9
:108D7000256400000D0A0000C8010020CC0100207D
:108D8000BC01002010B5074A0421117000F010F852
:108D9000054800F0D5FC0549082800D009200870D6
:108DA000C0B210BDBB0100206C0C0208BC01002049
:108DB00010B5092109020D48EEF7A5FE0CA10B48DC
:108DC000EEF7ACFE0EA10948EEF7A8FE02F0CEFECB
:108DD0000CA10648EEF7A2FE0B4904480860EEF726
:108DE000D4FE0A4908600A48007810BD2C280020EB
:108DF00041542B514953454E4445583D0000000015
:108E0000302C2200220D0A00C8010020CC010020D5
:108E1000BC01002070B5104D10A1686BEEF78AFE02
:108E2000104C002804D00020FFF7E4FE202010E0C2
:108E30000DA1686BEEF77EFE002801D00E2008E041
:108E40000BA1686BEEF776FE002801D0102000E041
:108E50001E202070C0B270BDD00100202B5149529D
:108E6000443A0000BC01002053454E44204F4B00C3
:108E700053454E44204641494C000000F8B50E4889
:108E80000EA1016011490E2008600320104C114D05
:108E90002070114E092705E0304600F051FC0828EB
:108EA00006D02F702078411E2170F5D22878F8BDA9
:108EB00008202870FAE70000C801002041542B5117
:108EC00049434C4F53453D300D0A0000CC01002072
:108ED000BB010020BC0100200C0102080148007801
:108EE00070470000BC01002010B50849042008703C
:108EF000002000F011F8064800F022FC054908287F
:108F000000D009200870C0B210BD0000BB010020D5
:108F10009C000208BC01002010B509210902294863
:108F2000EEF7F1FD28480078012808D0274800789E
:108F3000012807D026480078012806D009E0FCF770
:108F400001FF1AE0FCF7CEFE17E022480078012866
:108F50001DD02148007801281CD002281DD00328EC
:108F60001ED004281FD0052820D0062821D007288D
:108F700022D0642823D002F0F9FD18491148086076
:108F8000EEF703FE164908601648007810BDF8F7A2
:108F9000C9F9F2E7F7F7BCFAEFE7F7F7EFFAECE712
:108FA000F7F722FBE9E7F7F75BFBE6E7F7F792FB5A
:108FB000E3E7F7F7C7FBE0E7F7F7FCFBDDE7F7F7D9
:108FC0002FFCDAE72C280020AC010020A6000020AE
:108FD00098000020B0010020B9010020C801002045
:108FE000CC010020BC01002010B5074A04211170FB
:108FF00000F010F8054800F0A3FB0549082800D050
:1090000009200870C0B210BDBB0100206400020836
:10901000BC010020F8B5092109023A48EEF773FDBA
:1090200039482C210090EEF7A6FD0646364C37480D
:10903000203C007D2746334D6637002817D034A1E9
:109040002846EEF76BFD3846EEF79FFD002839D035
:109050002C213846EEF78FFD00902846EEF795FD5F
:10906000431900983946021B1846663A31E030A190
:109070002448EEF753FD3846EEF787FD00280ED062
:109080002C213846EEF777FD00901E48EEF77DFD67
:10909000431900983946021B1846663A06E01948FB
:1090A000EEF773FD321B4019203A0099EEF712FDDE
:1090B0001EA11448EEF732FD31461248EEF72EFDA0
:1090C00021A111E00F48EEF760FD321B4019203A54
:1090D0000099EEF7FFFC1DA10A48EEF71FFD31468F
:1090E0000848EEF71BFD1AA10648EEF717FD1A48CF
:1090F00005602846EEF749FD1849086018480078D1
:10910000F8BD00002C28002012150020EC000020E3
:1091100041542B51494F50454E3D312C302C225556
:1091200044502053455256494345222C220000000A
:1091300041542B51494F50454E3D312C302C225536
:109140004450222C220000000D0A0000222C300086
:109150002C300D0A00000000C8010020CC010020C6
:10916000BC01002010B5074A0421117000F010F86E
:10917000054800F0E5FA0549082800D009200870E4
:10918000C0B210BDBB010020D4000208BC01002009
:1091900010B5FF210D48EEF7B6FC0D48007D002804
:1091A00011D00CA10948EEF7B9FC0DA10748EEF764
:1091B000B5FC0C4905480860EEF7E7FC0A49086071
:1091C0000A48007810BD0AA1ECE700002D27002016
:1091D000EC00002041542B514952443D3000000026
:1091E0000D0A0000C8010020CC010020BC010020B5
:1091F00041542B514952443D302C31353030000020
:10920000F0B50121B3B0002489025848EEF77BFC89
:109210005748584D8078012806D1F7F743FB01469F
:1092200055A06A6BF8F756FA5BA1686BEEF782FC03
:10923000002800D001244E4E0127203E307D052815
:1092400026D159A1686BEEF775FC002801D05A4869
:109250000770307D05281BD158A1686BEEF76AFCBA
:10926000002806D0F7F71EFB014657A0F8F732FAA0
:109270000EE0307D05280BD158480178002902D036
:10928000012903D004E05648077001E00021017075
:1092900020461726534C00281ED036487B21406BB1
:1092A000EEF769FC054633487D21406BEEF7BEFCC6
:1092B000421B29460B312D480C3AEEF70BFC4A486D
:1092C0000770F7F7EFFA0146284A48A0F8F702FAC4
:1092D0003046267033B0F0BD4CA1686BEEF72AFC27
:1092E00005464B21EEF7A2FC421B29466846EEF7E5
:1092F000F1FB3A216846EEF73EFC05460A21684636
:10930000EEF794FC421BA91C1848521FEEF7E2FB33
:1093100016481627007830281ED00A212846EEF776
:109320002AFC050020D04F21EEF780FC07460121E2
:1093300089020E48EEF7E7FB7A1B691C0B48921E68
:10934000EEF7C8FBF7F7AEFA0146084A27A0F8F790
:10935000C1F926702078BDE72770F7F7A3FA014618
:109360002CA0F8F7B7F9F5E72770F3E72C310020C8
:109370000C010020D00100205B25755D44656275FD
:109380006720646F776E6C696E6B20646174613AFC
:1093900025730D0A000000007B22436F6E6669672B
:1093A000223A225B000000004576656E743A5374E1
:1093B0006174757300000000AC010020436F6E669D
:1093C00069726D3D323030005B25755D436F6E66AE
:1093D00069726D2041434B0D0A0000000902002014
:1093E00008020020BC0100200A0200205B25755DF8
:1093F000526563656976656420646F776E6C696E2B
:109400006B20646174613A25730D0A00514952441E
:10941000000000005B25755D4E6F20646174612063
:10942000696E206275666665720D0A0010B5FFF7F9
:10943000E7FE172806D105480078002802D1044825
:1094400003F030FD0348007810BD0000AC0100209F
:109450002C310020BC01002010B5074A04211170F6
:1094600000F010F8054800F06BF90549082800D015
:1094700009200870C0B210BDBB01002080000208A6
:10948000BC010020F8B50924240221464C48EEF71F
:109490003AFB4C480078012808D04B480078012856
:1094A00007D04A480078012806D009E0FCF74AFCBA
:1094B0001AE0FCF717FC17E04548007801283ED079
:1094C0004448007801283DD002283ED003283FD0F0
:1094D000042840D0052841D0062842D0072843D090
:1094E000642844D002F042FB21463548EEF70BFBDE
:1094F00039A13348EEF712FB3AA13148EEF70EFBE3
:109500002F48EEF742FB38492D4C0A88001937A145
:10951000F8F7F0F837480746EEF737FB354E663E6A
:10952000002827D02C213846EEF725FB054620469B
:10953000EEF72BFB0019AA1B3946663A28E0F7F72D
:10954000F1FED1E7F6F7E4FFCEE7F7F717F8CBE740
:10955000F7F74AF8C8E7F7F783F8C5E7F7F7BAF877
:10956000C2E7F7F7EFF8BFE7F7F724F9BCE7F7F73B
:1095700057F9B9E71F482C2146380746EEF7FBFAA2
:1095800005460F48EEF701FBAA1B00193946203AA1
:10959000EEF7A0FA18A10A48EEF7C0FA29460848E3
:1095A000EEF7BCFA15A10648EEF7B8FA14480460C5
:1095B0002046EEF7EAFA1349086013480078F8BD30
:1095C0002C280020AC010020A600002098000020DC
:1095D000B0010020B901002041542B514953454EA0
:1095E000443D0000302C00000C02002025642C2299
:1095F0000000000058150020220000000D0A0000A5
:10960000C8010020CC010020BC01002010B5074A91
:109610000421117000F010F8054800F091F8054998
:10962000082800D009200870C0B210BDBB0100207E
:10963000B8000208BC01002010B5092109020D483C
:10964000EEF761FA0CA10B48EEF768FA0EA1094893
:10965000EEF764FA02F08AFA0CA10648EEF75EFA19
:109660000C4904480860EEF790FA0B4908600B4873
:10967000007810BD2C28002041542B514953454EF1
:109680004445583D00000000302C2200222C300DB3
:109690000A000000C8010020CC010020BC0100200D
:1096A00070B5104D10A1686BEEF744FA104C00280D
:1096B00004D00020FFF7BAFE202010E00DA1686B57
:1096C000EEF738FA002801D00E2008E00BA1686BF5
:1096D000EEF730FA002801D0102000E01E202070A4
:1096E000C0B270BDD00100202B514952443A000055
:1096F000BC01002053454E44204F4B0053454E447F
:10970000204641494C00000010B5094C09A0A06258
:109710000420E0620320E07604E0084800F010F83E
:10972000082803D0E07E411EE176F6D2207F10BDEE
:10973000A001002041540D0A00000000F4EA0108D5
:10974000F8B505461E4F002038861E49786BEEF7A7
:10975000DAF93C46303CA08DA16A82B21A48F2F791
:1097600009F8F0F745FC064618488079012804D12D
:10977000A86826280FD042280DD0F0F739FCA98917
:10978000801B8842F9D32968786BEEF7D3F900285B
:109790000AD0082011E0F0F72BFC811BAA890C48A5
:1097A00010188142F7D3EEE76968786BEEF7C2F9DB
:1097B000002801D0092000E004202077C0B2F8BDC5
:1097C000D001002014050000F0050020EC0000206E
:1097D000B80B000070B5094C09A0A0620620E06239
:1097E000E076094D04E02846FFF7AAFF082803D0D9
:1097F000E17E481EE076F6D2207F70BDA0010020F9
:10980000415445300D0A000010EB0108F0B52E4818
:1098100091B0406B2DA1EEF78DF92E4C050019D0BB
:1098200014216846EEF76FF92BA16846EEF776F93A
:10983000294600A8112208310230EEF74BF968469C
:10984000EFF7E0FD254D2649A8600A780021012A9E
:1098500003D008E00620207732E0224A1378002B5C
:1098600001D0E8601170204F0126387800280DD013
:1098700005A8F6F7A9FC0599A868091A61620021F4
:10988000F6F71EFD6670A67000203870174818495C
:10989000408F884214D015482030407E01280FD1D7
:1098A000207900280CD105A9A868F6F7A9FC06982C
:1098B0003C2148430599401880B2FAF7F9FE267119
:1098C000207F11B0F0BD0000D00100202B43434C9D
:1098D0004B000000A00100203230000020010020D9
:1098E0009C0000201000002038000020CC00002048
:1098F000FFFF0000F8B50F4C0FA1A1620A21E16241
:1099000007461049002088600320E0760E4D0926A6
:1099100005E02846FFF714FF082806D02677E07EEA
:10992000411EE176F5D2207FF8BD3846FFF76EFF85
:109930002077F8E7A001002041542B43434C4B3FD4
:109940000D0A00002001002028EC0108F0B52E4887
:1099500091B0406B2DA1EEF7EDF82E4C050019D01B
:1099600014216846EEF7CFF82BA16846EEF7D6F83B
:10997000294600A8112208310230EEF7ABF86846FC
:10998000EFF740FD254D2649A8600A780021012AFD
:1099900003D008E00620207732E0224A1378002B1B
:1099A00001D0E8601170204F0126387800280DD0D2
:1099B00005A8F6F709FC0599A868091A6162002153
:1099C000F6F77EFC6670A6700020387017481849BC
:1099D000408F884214D015482030407E01280FD196
:1099E000207900280CD105A9A868F6F709FC06988B
:1099F0003C2148430599401880B2FAF759FE267178
:109A0000207F11B0F0BD0000D00100202B43434C5B
:109A10004B000000A0010020323000002001002097
:109A20009C0000201000002038000020CC00002006
:109A3000FFFF0000F8B50F4C0FA1A1620A21E162FF
:109A400007461049002088600320E0760E4D092665
:109A500005E02846FFF774FE082806D02677E07E4A
:109A6000411EE176F5D2207FF8BD3846FFF76EFF44
:109A70002077F8E7A001002041542B43434C4B3F93
:109A80000D0A0000200100200CEC0108F1B5274C64
:109A900084B027A0A0620820E06200262748FFF7D4
:109AA0004FFE08283FD127460096303701963A21CD
:109AB000786BEEF7BBF802902C21786BEEF75BF831
:109AC0000146029800250F1A7F1E0CE0EEF75DF8A4
:109AD00069464018154930314A6BE91D525C18A19E
:109AE000F7F708FE6D1CAF426846EFDCEEF7B8F8FA
:109AF000C0B2632817D16672049800F023F80F4DA6
:109B0000A83D04E02846FFF71BFE082803D0E17EAD
:109B1000481EE076F6D201206072049800F012F838
:109B20002846FFF70DFE207F05B0F0BDA001002004
:109B300041542B4353510D0A0000000098EC0108DA
:109B40002563000010B5C8210748EDF7DCFF074C7E
:109B500007A1627A0448F7F7CDFD0348A062EEF74B
:109B600014F8E062207F10BD981E0020A0010020A4
:109B700041542B4346554E3D25640D0A000000001C
:109B8000F8B5002400F028F80F4E0E4D3746303758
:109B90000E48F0F765FA641CE4B22846FFF7D0FDE2
:109BA00008280BD0FF202D30EFF79CFF08A0796B21
:109BB000F7F790FD322CEBD3307FF8BD08203077DB
:109BC000FAE700002CEB0108A0010020E0050020CE
:109BD00025730D0A0000000010B5C8210948EDF7F3
:109BE00092FF09A10748EDF799FF0AA10548EDF793
:109BF00095FF094C0348A062EDF7C7FFE062207FA4
:109C000010BD0000981E002041542B43474154547E
:109C10003F0000000D0A0000A00100200148007F65
:109C200070470000A001002070B5094C0221E176C8
:109C300000F012F8074D04E02846FFF781FD0828E0
:109C400003D0E17E481EE076F6D2207F70BD000092
:109C5000A001002044EC010810B5C8210748EDF729
:109C600052FF074A07A10548F7F744FD0D4C03488A
:109C7000A062EDF78AFFE062207F10BD981E0020F1
:109C8000B315002041542B434744434F4E543D31BC
:109C90002C22495056345636222C222573220D0A86
:109CA00000000000A001002070B5124E12A1706BE0
:109CB000EDF740FF044612A1706BEDF73BFF054640
:109CC00011A1706BEDF736FF014630463038002C9D
:109CD00001D021220277002D01D022220277002913
:109CE00001D0232202772C430C4301D109210177B3
:109CF000007F70BDD0010020424739352D4D310025
:109D0000424739352D4D3200424739352D4D33000C
:109D1000F8B50D4C074609250CA0E562A0620320AA
:109D2000E0760D4E05E03046FFF70AFD082806D024
:109D30002577E07E411EE176F5D2207FF8BD3846DA
:109D4000FFF7B2FF2077F8E7A001002041542B4332
:109D5000474D4D0D0A0000009CEB0108F8B5184D69
:109D600018A0A8620920E8620320E876184C04E0F5
:109D70002046FFF7E5FC082805D0E97E491EE97674
:109D8000F6D2287FF8BD0E4814214C300646EDF778
:109D9000BAFE0B4F0A213037786BEDF7ECFE044624
:109DA0004F21786BEDF7E7FE002CEAD00028E8D0D1
:109DB000021B611C3046521FEDF7D0FEE1E70000A8
:109DC000A001002041542B4347534E0D0A000000D0
:109DD00048EB0108F8B5184D18A0A8620920E86200
:109DE0000320E876184C04E02046FFF7A9FC082879
:109DF00005D0E97E491EE976F6D2287FF8BD0E48E7
:109E0000142138300646EDF77EFE0B4F0A2130371D
:109E1000786BEDF7B0FE04464F21786BEDF7ABFEA3
:109E2000002CEAD00028E8D0021B611C3046521FEB
:109E3000EDF794FEE1E70000A001002041542B4320
:109E4000494D490D0A00000064EB010870B500F0AF
:109E500019F80320094C0A4DE076092605E028464A
:109E6000FFF76EFC082806D02677E17E481EE076D4
:109E7000F5D2207F70BD08202077FAE7A0010020EE
:109E80007CEC010810B5C8210D48EDF73CFE0DA192
:109E90000B48EDF743FE0F490948EDF73FFE0CA1D3
:109EA0000748EDF73BFE0CA10548EDF737FE0B4CDC
:109EB0000348A062EDF769FEE062207F10BD00005C
:109EC000981E002041542B434F50533D312C322CCF
:109ED00022000000A21B00200D0A0000A0010020AB
:109EE000FEB51E4C1EA0A0620820E062022026469D
:109EF000E07630362CE01D48FFF722FC082827D1F9
:109F00000020009001903A21706BEDF78FFE07461C
:109F10002C21706BEDF72FFE0025C71B7F1E0AE07A
:109F2000EDF733FE69464018726BE91D525C10A1D3
:109F3000F7F7E0FB6D1CAF426846F1DCEDF790FEF1
:109F4000C0B270701F2801D8002805D11A202077D0
:109F5000E07E411EE176CED2207FFEBDA001002032
:109F600041542B4353510D0A0000000098EC0108A6
:109F70002563000010B50448F6F758FD0348817DBD
:109F8000002900D1017010BDE40400202000002051
:109F90000148007F70470000A001002070B5094C07
:109FA0000221E17600F012F8074D04E02846FFF7A1
:109FB000C7FB082803D0E17E481EE076F6D2207F5A
:109FC00070BD0000A0010020D4EB010810B5C8212D
:109FD0000848EDF798FD084808A102780548F7F70A
:109FE00089FB0D4C0348A062EDF7CFFDE062207FB6
:109FF00010BD0000981E00200C01002041542B5180
:10A000004346473D22696F746F706D6F6465222C03
:10A0100025642C310D0A0000A001002009207047A2
:10A020000148007F70470000A001002070B5094C76
:10A030000221E17600F012F8074D04E02846FFF710
:10A040007FFB082803D0E17E481EE076F6D2207F11
:10A0500070BD0000A0010020B8EB010810B5C821B8
:10A060000748EDF750FD074A07A10548F7F742FBFF
:10A070000C4C0348A062EDF788FDE062207F10BD24
:10A08000981E00202E1B002041542B514346473D73
:10A090002262616E64222C3078462C25732C310D9F
:10A0A0000A000000A0010020FEB5464C6E21606B46
:10A0B000EDF7BCFD07462C214348EDF7B7FD0190B5
:10A0C0002E21606BFBF744FD032801DB012500E036
:10A0D00000253A21606BFBF73BFD032801DD0120E1
:10A0E00000E00020374C394E303C002F5AD0019907
:10A0F000002957D0054355D02C213846EDF73BFDBC
:10A1000005460A21EDF737FD02902F4832214630EF
:10A110000090EDF7F8FC0098EDF737FD2A4F029913
:10A12000203FC3194A1B1846A91C6630121FEDF7C1
:10A13000D1FC0198EDF729FD05460098EDF725FDC6
:10A14000C0192A4666300199EDF7C4FCF6F7AAFB60
:10A1500001461FA0009AF7F7BDFAFBF76FF8A57A42
:10A16000002D0BD096211F48EDF7CDFC2A461EA1ED
:10A170001C48F7F7BFFA1B4803F000FD9621194869
:10A18000EDF7C1FC13A11748009AF7F7B3FA154889
:10A1900003F0F4FC082020770020A072002030702B
:10A1A000207FFEBDF6F77EFB014618A0F7F792FA76
:10A1B0003078012802D1A07A401CA07209202077B3
:10A1C000ECE70000D0010020121500201100002053
:10A1D0005B25755D446F6D61696E2049503A25734A
:10A1E0000D0A000060210020446F6D61696E206ED1
:10A1F000616D65207265736F6C7574696F6E206632
:10A2000061696C65642A25640D0A00005B25755D33
:10A21000446F6D61696E206E616D65207265736F4C
:10A220006C7574696F6E206661696C65640D0A00F7
:10A2300070B500F019F80420094C0A4DE0760926A3
:10A2400005E02846FFF77CFA082806D02677E17E4D
:10A25000481EE076F5D2207F70BD08202077FAE70F
:10A26000A00100205CED010870B5C8211648EDF78B
:10A270004AFC16482C210646EDF7D8FC124D040086
:10A280001AD013A12846EDF749FC15A12846EDF791
:10A2900045FC2846EDF779FC0C4940192039621A33
:10A2A0003146203AEDF716FC0DA12846EDF736FCB5
:10A2B0000CA12846EDF732FC0B4C2846A562EDF7C1
:10A2C00064FCE062207F70BD981E00201215002003
:10A2D00041542B5149444E534749503D312C0000C5
:10A2E000220000000D0A0000A0010020F8B50D4971
:10A2F000082509780C4C022912D000F019F8032027
:10A30000E0760A4E092705E03046FFF719FA0828DB
:10A3100006D02777E07E411EE176F5D2207FF8BD9A
:10A320002577FBE79B000020A001002024ED010819
:10A3300010B5C8210B48EDF7E6FB0BA10948EDF776
:10A34000EDFB0D490748EDF7E9FB0CA10548EDF7DA
:10A35000E5FB0B4C0348A062EDF717FCE062207FA1
:10A3600010BD0000981E002041542B5149444E530B
:10A370004346473D312C00008A1500200D0A00009D
:10A38000A001002070B50B4C0BA1A1620921E16274
:10A390000521E17600F018F80A4D04E02846FFF7A1
:10A3A000CFF9082803D0E17E481EE076F6D2207F60
:10A3B00070BD0000A001002041542B514750530DA7
:10A3C0000A00000060EC010810B5C8210748EDF74D
:10A3D0009AFB07A10548EDF7A1FB084C0348A062D2
:10A3E000EDF7D3FBE062207F10BD0000981E002037
:10A3F00041542B514750533D310D0A00A00100201C
:10A40000F0B58BB000200290039004902F4C059083
:10A4100006900790089009902DA1606BEDF78AFBDC
:10A420002746303F00284DD02C21606BEDF7A3FB71
:10A4300005462C21401CEDF79EFB04462C21401CB8
:10A44000EDF799FB064602A8EDF79FFB02A940181D
:10A45000621B691C521EEDF73DFB06A8EDF795FB4C
:10A4600006A94018321B611C521EEDF733FB02A8EF
:10A47000FAF76CF8194CE161A06106A8FAF766F8E2
:10A4800061622062F6F70EFA0146626A206A009065
:10A49000019213A0E369A269F7F71CF99621184805
:10A4A000EDF731FB616A206A0191009015A1144813
:10A4B000E369A269F7F71EF9114803F05FFB387FE3
:10A4C0000BB0F0BD07203877F9E70000D00100207D
:10A4D0002B514750534C4F430000000020010020F7
:10A4E0005B25755D6C617469747564653A25662CCD
:10A4F0006C6F6E6769747564653A25660D0A0000B5
:10A50000602100206C617469747564653A25662C5D
:10A510006C6F6E6769747564653A256600000000AB
:10A52000F8B507460D4C0EA0A0621020E062032093
:10A53000E076104D092605E02846FFF701F90828C6
:10A5400006D02677E07E411EE176F5D2207FF8BD69
:10A550003846FFF755FF2077F8E70000A0010020FC
:10A5600041542B514750534C4F433D322C300D0A30
:10A570000000000078ED010870B5094C0421E17677
:10A5800000F012F8074D04E02846FFF7D9F8082834
:10A5900003D0E17E481EE076F6D2207F70BD000039
:10A5A000A001002094ED010810B5C8210748EDF77F
:10A5B000AAFA07A10548EDF7B1FA094C0348A062D1
:10A5C000EDF7E3FAE062207F10BD0000981E002046
:10A5D00041542B51475053454E440D0A0000000092
:10A5E000A00100200148007F70470000A00100206A
:10A5F00070B5094C0221E17600F012F8074D04E035
:10A600002846FFF79DF8082803D0E17E481EE07633
:10A61000F6D2207F70BD0000A001002008ED0108E7
:10A6200010B5C8210748EDF76EFA07A10548EDF708
:10A6300075FA094C0348A062EDF7A7FAE062207FA3
:10A6400010BD0000981E002041542B514941435435
:10A650003D310D0A00000000A00100200148007FEC
:10A6600070470000A001002070B5094C0A21E17676
:10A6700000F012F8074D04E02846FFF761F80828BB
:10A6800003D0E17E481EE076F6D2207F70BD000048
:10A69000A001002080EB010810B5C8210A48EDF7A1
:10A6A00032FA0A48007D00280BD009A10648EDF7D0
:10A6B00035FA0E4C0448A062EDF767FAE062207F9D
:10A6C00010BD0BA1F2E70000981E0020EC00002056
:10A6D00041542B51494346473D2264617461666F82
:10A6E000726D6174222C302C300D0A00A001002004
:10A6F00041542B51494346473D2264617461666F62
:10A70000726D6174222C312C300D0A000148007FDB
:10A7100070470000A001002070B5094C0321E176CC
:10A7200000F012F8074D04E02846FFF709F8082862
:10A7300003D0E17E481EE076F6D2207F70BD000097
:10A74000A0010020D0EC010810B5C8210F48EDF79A
:10A75000DAF911480EA10446EDF7ECF901000F48B3
:10A760000CD002780EA10948F6F7C4FF134C074835
:10A77000A062EDF70AFAE062207F10BD027823465E
:10A780000FA10248F6F7B6FFF0E70000981E002080
:10A790004E554C4C00000000B31500209B000020DB
:10A7A00041542B5149435347503D312C25642C22B1
:10A7B000222C22222C22222C310D0A00A001002062
:10A7C00041542B5149435347503D312C25642C2291
:10A7D0002573222C22222C22222C310D0A0000006B
:10A7E0000148007F70470000A001002070B5094CAF
:10A7F0000421E17600F012F8074D04E02846FEF748
:10A800009FFF082803D0E17E481EE076F6D2207F25
:10A8100070BD0000A0010020ECEC010810B5C821BB
:10A820000748EDF770F907A10548EDF777F9094CEE
:10A830000348A062EDF7A9F9E062207F10BD000097
:10A84000981E002041542B514944454143543D3109
:10A850000D0A0000A001002070B500F019F80320D7
:10A86000094C0A4DE076092605E02846FEF768FF08
:10A87000082806D02677E17E481EE076F5D2207FB4
:10A8800070BD08202077FAE7A001002040ED010804
:10A8900010B5C8210B48EDF736F90BA10948EDF7C3
:10A8A0003DF90C490748EDF739F90BA10548EDF7DB
:10A8B00035F90A4C0348A062EDF767F9E062207FA2
:10A8C00010BD0000981E002041542B514E54503DA5
:10A8D000312C0000621B00200D0A0000A0010020A6
:10A8E00070B594B050216846EDF70DF9124C13A1E4
:10A8F000606BEDF71FF92646303E002818D03A214C
:10A90000606BEDF738F905464F21606BEDF78EF976
:10A91000421BA91C6846921FEDF7DCF8F5F7C2FF51
:10A9200001466A4608A0F6F7D5FE307F14B070BD28
:10A9300009203077F2E70000D00100202B514E575C
:10A94000494E464F000000005B25755D4E657477EB
:10A950006F726B20496E666F726D6174696F6E3ACB
:10A9600025730D0A00000000F8B507460D4C0EA037
:10A97000A0620C20E0620320E0760F4D092605E07E
:10A980002846FEF7DDFE082806D02677E07E411E29
:10A99000E176F5D2207FF8BD3846FFF7A1FF20779A
:10A9A000F8E70000A001002041542B514E57494EBA
:10A9B000464F0D0A00000000B4EC0108F8B52B4D1D
:10A9C0002868040C87B203F017F9294B0246188156
:10A9D000462128482E1D5981462F2ED014040C43A1
:10A9E0000821EDF790F8EFF7D7F822462946022024
:10A9F000EFF7A8F8012231460220EFF7A3F8EFF7AE
:10AA000097F809211C48EEF791FB05211B48EEF74A
:10AA10008DFB01211A48EEF789FB1948012180308E
:10AA2000EEF784FB01211748EEF780FBEEF762F9A1
:10AA3000FBF7B8F9FAF702FC14E0944215D01404BD
:10AA40000C430821EDF75FF8EFF7A6F822462946F8
:10AA50000220EFF777F8012231460220EFF772F873
:10AA6000EFF766F81220EEF7BBFAF8BD0000080811
:10AA7000A0000020A61C00200058020880860208C2
:10AA8000808A02080089020810B505490548F5F7D3
:10AA900083FF0448F5F792FF03480121017610BDBA
:10AAA000005C26050C0500202000002010B500F0F9
:10AAB0000FF80548FEF744FE0449082800D0092095
:10AAC0000870C0B210BD0000CCFB0108BC01002022
:10AAD00010B5092109021C48EDF715F81BA11A4809
:10AAE000EDF71CF81D491848EDF718F81B481CA194
:10AAF0002C300446EDF71EF8002817D11AA1124891
:10AB0000EDF70CF821461048EDF708F8134814A1AA
:10AB100058300446EDF70EF8002807D112A10A4874
:10AB2000ECF7FCFF21460848ECF7F8FF0FA10648B8
:10AB3000ECF7F4FF0E4904480860EDF726F80D49DC
:10AB400008600D48007810BD2C28002041542B517E
:10AB50004D54434F4E4E3D302C2200000A1C002025
:10AB60004E554C4C00000000222C2200220D0A0001
:10AB7000C8010020CC010020BC01002010B500F06D
:10AB80000FF80548FEF7DCFD0449082800D009202D
:10AB90000870C0B210BD0000B0FB0108BC0100206D
:10ABA00070B5092109021848ECF7ADFF17482C21B0
:10ABB0000646ECF7E0FF054615A11348ECF7AEFF9B
:10ABC0001148ECF7E2FF104C6F21031914480901FA
:10ABD000281A421A31461846ECF77CFF11A120468C
:10ABE000ECF79CFF29462046ECF798FF0EA1204683
:10ABF000ECF794FF0D4804602046ECF7C6FF0C49C3
:10AC000008600C48007870BD2C280020E21B002052
:10AC100041542B514D544F50454E3D302C22000095
:10AC2000F2140020220000000D0A0000C8010020DC
:10AC3000CC010020BC01002010B500F00FF8054841
:10AC4000FEF77EFD0449082800D009200870C0B234
:10AC500010BD0000E8FB0108BC01002010B509216F
:10AC600009021948ECF74FFF18A11748ECF756FFF7
:10AC70001B48154C0178002907D0012907D002296B
:10AC800003D0032915D0042905D116A100E01BA18A
:10AC90000D48ECF743FF22A10B48ECF73FFF21489A
:10ACA00004602046ECF771FF1F4908601F480078D8
:10ACB00010BD0548ECF769FF1D4900190A881DA160
:10ACC000F6F718FDE7E700002C28002041542B512F
:10ACD0004D545055423D302C302C302C302C22001D
:10ACE0000300002076312F646576696365732F6DEC
:10ACF000652F74656C656D657472790076312F64AB
:10AD00006576696365732F6D652F6174747269620E
:10AD1000757465732F726571756573742F310000DA
:10AD2000220D0A00C8010020CC010020BC01002037
:10AD30007C00002076322F66772F726571756573FF
:10AD4000742F312F6368756E6B2F2564000000002F
:10AD500010B5002000F00EF80448FEF7F1FC04499D
:10AD6000082800D009200870C0B210BD04FC0108FA
:10AD7000BC01002070B5092109021A48ECF7C3FE96
:10AD80001948184C0078002808D0012809D002285A
:10AD90000AD003280BD0042811D012E0F5F762FB8B
:10ADA0000FE0F5F745FB0CE0F5F794FB09E00D48E3
:10ADB000ECF7EBFE00190DA1F6F79CFC01E0F5F7AE
:10ADC00053FD0C4D002028600648ECF7DEFE1A22E9
:10ADD000225420462C60ECF7D8FE0749086007484B
:10ADE000007870BD2C28002003000020313032385C
:10ADF00000000000C8010020CC010020BC010020A0
:10AE000070B56848407E00286DD067A16848ECF7AF
:10AE100091FE002867D1674C7D262078F6007510DA
:10AE2000012805D160A16448ECF784FE002805D014
:10AE30002078022858D0032871D076E00020FCF753
:10AE4000BBF908284FD13046EEF74CFE0020FCF746
:10AE50006FF9082847D12C462846EEF743FE00201C
:10AE6000FCF72EFA08283ED12046EEF73BFE52486A
:10AE70004DA18130ECF75EFE002821D1FCF770FA7D
:10AE800008281DD12046EEF72DFE47A14B48ECF7D0
:10AE900051FE002814D1FCF7B3FA082810D120463F
:10AEA000EEF720FE454840A18130ECF743FE002834
:10AEB00006D1FCF7F5FA082802D12046EEF712FE7B
:10AEC0000020FCF71DFC08280DD12046EEF70AFEF5
:10AED0000020FCF75BFC082805D12046EEF702FEB7
:10AEE0000020FCF7A1F870BD207D0528FBD10020D3
:10AEF000FEF77AF80828F6D13046EEF7F3FD002089
:10AF0000FEF7AAFA0828EED10020FDF7EDFF28464B
:10AF1000EEF7E8FD0020FDF7B1FF70BDFFE722A1CD
:10AF20002748ECF707FE00281CD020780428F4D12D
:10AF3000207D0528F1D10020FDF7BCFC0828ECD1CC
:10AF40003046EEF7CFFD0020FDF76AFE0828E4D179
:10AF50000020FDF72FFC2846EEF7C4FD0020FDF78A
:10AF6000F3FBDAE70020FCF777FE0828D5D130465E
:10AF7000EEF7B8FD0020FCF737FD0828CDD12846B4
:10AF8000EEF7B0FD0020FDF73FF80828C5D10020FE
:10AF9000FDF712F92846EEF7A5FD0020FCF7BAFCF4
:10AFA000BBE70000A00100204E554C4C0000000003
:10AFB00012150020EC000020A9180020AB19002079
:10AFC000A7170020F8B58C4C8CA1606BECF7B2FD94
:10AFD0008E4D002801D00A2030E08DA1606BECF787
:10AFE000A9FD002801D00C2028E08DA1606BECF7B2
:10AFF000A1FD1226002818D18EA1606BECF79AFDF6
:10B00000002812D190A1606BECF794FD00280CD1C0
:10B0100092A1606BECF78EFD1426002805D193A158
:10B02000606BECF787FD002801D02E7007E093A13C
:10B03000606BECF77FFD002801D01820287093A1E9
:10B04000606BECF777FD002867D093480078012803
:10B050005FD192480078924E01284FD191A1606B48
:10B060002FE092A1ECF798FD00280CD091A1384672
:10B07000ECF792FD002812D091A13846ECF78CFD38
:10B08000002813D01BE087A10020ECF7ABFDECF704
:10B09000E7FD8E4908608149002008700FE081A11A
:10B0A0000020ECF79FFD0146894806E07DA10020C5
:10B0B000ECF798FD014686480F38ECF77BFD79A147
:10B0C0000020ECF78FFD0700CBD137707F48006878
:10B0D00000280AD07F480090ECF757FD02467C48D4
:10B0E0000099ECF770FD002818D07BA0F6F7F2FA73
:10B0F00081490320087081490120087030780128B7
:10B1000026D07FA0F6F7E6FA6420EEF7EBFC1A20D3
:10B11000287061480078032858D05FE06D481430EB
:10B120000090ECF732FD0246694800990F38ECF7C1
:10B130004AFD002804D07848076001203070DDE720
:10B140006D49032008706D48062101703770D5E7FE
:10B1500072A0F6F7BFFAFF272D373846EEF7C2FC8C
:10B160005B4976A0F6F7B6FA3846EEF7BBFC5849CD
:10B1700078A00F39F6F7AEFA3846EEF7B3FC534E27
:10B1800031687AA0F6F7A6FA3846EEF7ABFC3068DD
:10B190007B490860F6F728FAF6F778FA01210020D3
:10B1A000F6F7EEF8F6F75CFAFF26F5363046EEF7DE
:10B1B00099FCF6F76BFA01210804F6F7E1F8F6F7C7
:10B1C0004FFA3046EEF78EFC1B20A1E76D48017860
:10B1D000012903D11B212970002101706AA1606B34
:10B1E000ECF7A8FC002804D01B2028706A49012035
:10B1F00008702878F8BD0000D00100202B514D5474
:10B200004F50454E3A20302C30000000BC01002049
:10B210002B514D54434F4E4E3A20302C302C3000A1
:10B220002B514D545355423A20302C312C302C3276
:10B23000000000002B514D545355423A20302C3120
:10B240002C302C31000000002B514D545355423A04
:10B2500020302C312C302C30000000002B514D546C
:10B260005055423A20302C312C3000002B514D5497
:10B270005055423A20302C302C3000002B514D5488
:10B28000444953433A20302C300000002B514D5498
:10B290005245435600000000030000200800002033
:10B2A000090000207B7D2C223A00000066775F7346
:10B2B000697A650066775F7469746C6500000000E8
:10B2C00066775F76657273696F6E0000800000209C
:10B2D00019270020921C0020496E636F6E736973FA
:10B2E00074656E74206669726D7761726520746929
:10B2F000746C650D0A000000B8010020B90100203F
:10B30000436F6E73697374656E74206669726D77CE
:10B310006172650D0A00000050000020496E636FE5
:10B320006E73697374656E74206669726D7761728D
:10B33000652076657273696F6E0D0A0073657276AB
:10B3400065725F66775F7469746C652025730D0A9A
:10B35000000000007365727665725F66775F7665E0
:10B360007273696F6E2025730D0A00007365727623
:10B3700065725F66775F73697A652025640D0A00E0
:10B3800084000020020000202B514D54535441549E
:10B390003A20302C31000000B6010020F0B5F74D06
:10B3A000044628789DB000287ED00421A06AECF7DE
:10B3B000AAFB0120189000201990F148C0780228BB
:10B3C00072D1F04E307858286ED100202870EE49A6
:10B3D000EE48F5F7E1FAED48F5F7F0FAEC49002010
:10B3E0000AAA4B6A1B68850053514B6A1B1D4B62AE
:10B3F000401C0228F5DBE648E54D8030006B0290EA
:10B40000E3488030406B4C3584460A99614561D8E9
:10B41000029881425ED300295CD0287D0028A06A72
:10B4200077D0ECF7B2FBA16ADA4B40181A46103A13
:10B43000D9A1F6F75FF90CA90A98F4F7E1FE0B9889
:10B44000010C80B20190D24800912C30078B002F64
:10B4500072D0380A02286FD80846ECF73CFEDB4968
:10B46000ECF748FC0146384601F046F807460391E0
:10B470000198ECF74BFE0022D54BECF793FD0290C0
:10B4800001910098ECF742FE0022D14BECF78AFDC7
:10B4900005910090A06AECF778FBA16A029A401827
:10B4A00003990897099100E0CBE201990692079170
:10B4B000009A04920C9F0D9B0F9A0E990293009292
:10B4C0000191C449119A03975218C3A1109BF6F732
:10B4D00011F95DE0AE48426ACB498A4202D30020AE
:10B4E00018902EE10A9A02998A4204D3624502D842
:10B4F0000120189091E700210AAA436A1B688F0077
:10B50000D351436A1B1D4362491C0229F5DB7CE7CA
:10B51000FFE7ECF73AFBA16A0B9A4018BBA1F6F7DC
:10B52000E9F8A06AECF731FBA16A0A9A4018B7A1C2
:10B53000F6F7E0F82CE0FFE70198ECF7E7FD0022D2
:10B54000A34BECF72FFD074601910098ECF7DEFDC9
:10B5500000229F4BECF726FD00910290A06AECF7C9
:10B5600014FBA16A009A401801990791029905926B
:10B5700004910F9906970E9A00910C9F0D9B01A9BB
:10B580008CC19449119A109B5218A2A1F6F7B2F8F7
:10B590002878022801D0042802D1287D002805D06F
:10B5A000A06AECF7F2FAA085794FC1E0A06AECF747
:10B5B000ECFAC003000CF6E700200AA97A6A1268C8
:10B5C0008300CA507A6A121D7A62401C0228F5DB99
:10B5D0006F480A998030026B91427CD3406B814264
:10B5E00079D8287D00284FD008460CA9F4F708FE2A
:10B5F0000B99080C009088B2019065482C30008BA4
:10B600000290002853D0000A022850D80098ECF786
:10B6100062FD6E49ECF76EFB0146029800F06CFF8C
:10B62000049003910198ECF771FD0022684BECF750
:10B63000B9FC029001910098ECF768FD0022644B80
:10B64000ECF7B0FC05910090A06AECF79EFAA16AB5
:10B65000401884460499039808910990029901982A
:10B6600007900098049006910F980E9900900C9BFB
:10B670000D9A01A80EC057481199109B0A1870A185
:10B680006046F6F737F843E0A06AECF77EFAA16A65
:10B690000B9A40185DA1F6F72DF8A06AECF775FA41
:10B6A000A16A0A9A401859A1F6F724F830E00198E7
:10B6B000ECF72CFD0022464BECF774FC0490019152
:10B6C0000098ECF723FD0022414BECF76BFC009156
:10B6D0000290A06A00E027E0ECF757FAA16A0D9A01
:10B6E00040180199079184460498069000990298A1
:10B6F000059104900F980E9900900C9B01A80EC024
:10B7000034481199109B0A1859A16046F5F7F2FFC9
:10B710002878022801D0042802D1287D002829D0C9
:10B72000A06AECF732FAA085796A3748814208D2DC
:10B73000A06AECF72AFA01463F200001814200D8B6
:10B740003AE7287D00280CD054A1A06AECF7E6F96E
:10B75000287802280FD004280DD0A06AECF715FA3B
:10B76000A0850B4F796A2848814205D3F5F79AF8EE
:10B77000014695E0A7E0ACE0BBE000001800002027
:10B78000D001002020000020881300005C0500206C
:10B79000A0000020021500207B22494D4549223A95
:10B7A000222573222C22494D5349223A2225732205
:10B7B0002C224D6573736167655F54797065223A19
:10B7C00022446174616C6F67222C000000007A448F
:10B7D00000408F406C0700002225642F2530326422
:10B7E0002F2530326420253032643A253032643AD5
:10B7F00025303264223A5B252E33662C252E3366A3
:10B800002C252E32665D000080E90208252E38784E
:10B81000000000002225642F253032642F253032AD
:10B820006420253032643A253032643A253032645F
:10B83000223A5B252E33662C252E33665D000000F0
:10B840002C2225642F253032642F253032642025A8
:10B850003032643A253032643A25303264223A5B21
:10B86000252E33662C252E33662C252E32665D0060
:10B870002C2225642F253032642F25303264202578
:10B880003032643A253032643A25303264223A5BF1
:10B89000252E33662C252E33665D00007D000000CA
:10B8A00075A0F5F717FF7D48F5F7C0F87C49002033
:10B8B00008702878012812D0022812D0032812D04C
:10B8C000042812D013E0A06AECF75FF9C003000C63
:10B8D00029E7A06AECF759F9C003000C40E72420DF
:10B8E00004E02C2002E0402000E0482030700120DD
:10B8F0001990786AB8626B48436B026B29E002C802
:10B90000B8628A4201D88B4227D26749884220D345
:10B91000F4F7C8FF014658A0F5F7DCFE5F48F5F7DD
:10B9200085F85F49002008702878012806D0022891
:10B9300006D0032806D0042806D007E0242004E01F
:10B940002C2002E0402000E04820307001201990B7
:10B9500003E05549B86A8842D1D3189800280BD023
:10B960006FD02878514C012863D0022865D0032875
:10B970006AD0042871D076E04848F5F757F848496E
:10B9800000200870F4F78EFF014649A0F5F7A2FEEB
:10B990000027A06AECF7F9F8A16A002240184B4989
:10B9A000F5F7A8FE7F1CFFB2082FF2D328780228F3
:10B9B00001D0042802D1287D00280DD0A06AECF720
:10B9C000E4F8A085287801280CD002280ED003289E
:10B9D00010D0042817D049E0A06AECF7D6F8C003CD
:10B9E000000CEEE70020FBF78BFE0FE00020FDF7D8
:10B9F00033FD0BE00020FCF773FB082806D1002084
:10BA0000FCF7DAFB02E00020FDF70AF928780128AC
:10BA100006D0022806D0032806D0042806D025E048
:10BA2000242004E02C2002E0402000E04820307078
:10BA30001CE00020FBF764FE12E00020FDF70CFD87
:10BA40000EE016E000E008E00020FCF749FB0828C3
:10BA500009D10020FCF7B0FB02E00020FDF7E0F880
:10BA6000082800D07C621998002802D018490020CC
:10BA700008701DB0F0BD00005B25755D73656E64D8
:10BA800020726574726965766520646174612063F3
:10BA90006F6D706C657465640D0D0A005C050020A7
:10BAA0000C0000202001002080E90208808B0208A1
:10BAB0005B25755D4E6F20646174612072657472E0
:10BAC00069657665640D0D0A000000000CB8010878
:10BAD000A001002070B5224D6869002806D0012120
:10BAE0000320F4F72BF81420EDF7FCFF2869002859
:10BAF00006D001210220F4F721F81420EDF7F2FF1F
:10BB0000184CE868A04206D001210846F4F716F860
:10BB10001420EDF7E7FF2969E868884200D208465B
:10BB2000A04200D100206969814202D9A14200D01F
:10BB3000084600246421EBF7DBFE05460DE0642097
:10BB4000EDF7D0FF64212046EBF7D2FE002902D1A9
:10BB50000548EEF785FA641CA4B2A542EFD870BD83
:10BB6000CC000020FFFF0000E0050020F0B5F44EFF
:10BB7000BFB0317DF348F44D3990002920D0F3A0B7
:10BB80000690F4A00590F7A10A91F8A18C46FBA1BC
:10BB90000191FFA10791314620314B79FF49EFA078
:10BBA0000A784978F3A4F8A7032B7DD0012A7CD02A
:10BBB000022A7BD00446012979D0022978D01BE1E2
:10BBC000E148EBF7E2FF40196622F5A1F5F792FD97
:10BBD000DC4F0024103F07E0EBF7D7FF40193A5D38
:10BBE000EFA1F5F787FD641CD6481038EBF7CDFFC1
:10BBF000A042D548F0D8EBF7C8FF40196622E8A16B
:10BC0000F5F778FD002408E0EBF7BFFF39190A7C4F
:10BC10004019E3A1F5F76EFD641C3998EBF7B5FF09
:10BC2000A042C948F0D8EBF7B0FFC74C4622001934
:10BC3000DCA1F5F75FFD01F0DFFF05462046EBF7DD
:10BC4000A4FF00192A46D7A1F5F754FD2046EBF7CB
:10BC50009CFFD24D00192A8AD4A1F5F74BFD20464E
:10BC6000EBF793FF0019EA79CEA1F5F743FD2046E3
:10BC7000EBF78BFF0019AA7CCAA1F5F73BFD204624
:10BC8000EBF783FF0019EA7CC6A1F5F733FD052029
:10BC900001210007EEF798F907462046EBF775FFFC
:10BCA00000193A46BFA104E09DE0CBE0CCE0CDE036
:10BCB000CEE0F5F71FFD2046EBF767FF0019AA79E4
:10BCC000B8A1F5F717FD2046EBF75FFF00192A78BA
:10BCD000B4A1F5F70FFD2046EBF757FF00196A787E
:10BCE000B0A1F5F707FD2046EBF74FFF9449001987
:10BCF00020390A8BADA1F5F7FDFC0022AD4BE969B7
:10BD0000A869ECF7E7F8ECF723FA07462046EBF7CB
:10BD10003CFF00193A46A8A1F5F7ECFC0022A54B20
:10BD2000696A286AECF7D6F8ECF712FA074620465B
:10BD3000EBF72BFF00193A469FA1F5F7DBFC2046F5
:10BD4000EBF723FF00199CA1EA68F5F7D3FC204626
:10BD5000EBF71BFF0019AA8A94A1F5F7CBFC20464C
:10BD6000EBF713FF0019EA8A90A1F5F7C3FC204610
:10BD7000EBF70BFF001990A1AA68F5F7BBFC707EEA
:10BD800001282ED1747A002528E0641E00D52034C5
:10BD90008B49A0004118896C03918949803940186A
:10BDA00007686948EBF7F1FE67493A0C40187FA134
:10BDB000F5F7A0FC6448EBF7E8FE6349BAB2401817
:10BDC0007AA1F5F797FC6048EBF7DFFE5E49039A2E
:10BDD000401879A1F5F78EFC6D1CEDB2B07AA8423F
:10BDE000D3D83FB0F0BD012A02D0022A26D00446A3
:10BDF000012902D0022923D00746684822A9C06839
:10BE0000F4F7FEF902A8F4F7DFF92DA90298F4F788
:10BE1000F7F94D48EBF7B9FE80B23B90484820381F
:10BE2000028B6848002A7DD0110A02297AD8120AAA
:10BE300010D0012977D0022976D01BE2019CD7E7E8
:10BE4000079FDAE7069CB6E6059CB4E60A9FD4E7AE
:10BE50006746D2E70088ECF759F900225A4BECF715
:10BE6000A1F802900391052001210007EEF7ACF83C
:10BE70000690334855492038008B096800F03CFB98
:10BE80000490534805910068ECF786F93A904F48C2
:10BE900007910068ECF780F93C9017912A48EBF77E
:10BEA00074FE239A25994019844620921E91229B64
:10BEB00024984849279A21931F90511826981C913D
:10BEC00036491D90086A496A1B911A9033492E9A87
:10BED0008869C969199118902D9B2F9830991490F1
:10BEE000139115923B49329A31981693511812903A
:10BEF0001191394810970F9440780E900298039949
:10BF00000C900D912548069980790A9004980B9120
:10BF1000089005990A4809912038008B06900799E6
:10BF20003A9802E046E160E0D0E0059104903C9848
:10BF30000290044A179929A003910090103A51E009
:10BF4000EC000020021500202C2800204944435F0B
:10BF5000494E43004944435F444543004E554C4CD1
:10BF6000000000005644435F494E43005644435F7F
:10BF7000444543004944435F4C4F57004944435FA5
:10BF800048494748000000005644435F4C4F570063
:10BF90005644435F48494748000000002001002004
:10BFA00025630000252E327800000000252E34780D
:10BFB0000000000080842E41252E3878000000000B
:10BFC000800C0808AE00002000408F40B400002024
:10BFD000B80000206C070000D001002050532D4312
:10BFE00042000000F249399BE0E00088ECF78EF84F
:10BFF0000022F04BEBF7D6FF0290039105200121C0
:10C000000007EDF7E1FF0690EB48EC49008B09686B
:10C0100000F072FA0490EA4805910068ECF7BCF869
:10C020003A90E64807910068ECF7B6F83C90179113
:10C03000E448EBF7AAFD239A2599401984462092FB
:10C040001E91229B2498E049279A21931F90511812
:10C0500026981C91DD491D90086A496A1B911A9027
:10C06000DA492E9A8869C969199118902D9B2F98E1
:10C070003099149013911592D349329A31985118EE
:10C08000169312901191D24810970F9440780E9009
:10C09000029803990C900D91CC48069980790A90EA
:10C0A00004980B91059908900991C3480799008B52
:10C0B00006903A98059104903C9802901799039144
:10C0C000C4480090C44AC549399B6FE00088ECF72A
:10C0D0001DF80022B74BEBF765FF02900391052096
:10C0E00001210007EDF770FF0690B348B349008BBC
:10C0F000096800F001FA0490B14805910068ECF776
:10C100004BF83A90AD4807910068ECF745F83C9041
:10C110001791AC48EBF739FD239A259940198446CD
:10C1200020921E91229B2498A749279A21931F9021
:10C13000511826981C91A5491D90086A496A1B91BF
:10C140001A90A2492E9A8869C969199118902D9B55
:10C150002F9830991490139115929B49329A3198E7
:10C160005118169312901191994810970F94407896
:10C170000E90029803990C900D919448069980793D
:10C180000A9004980B910599089009918A4807999B
:10C19000008B06903A98059104903C98179902906C
:10C1A00003918C488C4A8E49399B00906046F5F784
:10C1B000A1FA5FE00088EBF7A9FF00227D4BEBF7C7
:10C1C000F1FE02900391052001210007EDF7FCFE2E
:10C1D00006907B480068EBF7DFFF049077480591F5
:10C1E0000068EBF7D9FF1E9013917648EBF7CDFC72
:10C1F0004019844625992498229B239A1D931C92CA
:10C200001A917149279A1B905118189126986F49D5
:10C210001990086A496A17916C4916908869C9692A
:10C22000159114902E9A2F982D9B30990F91119261
:10C230006549329A10905118319812930E900D91D1
:10C2400063480C970B9440780A90039902980890E1
:10C2500009915E4806998079079106901E98029090
:10C2600013995C48039100905B4A5E496046399B94
:10C27000F5F740FA707E01287ED13078747AB77A6B
:10C28000012804D1142F02DB1427002601E0002628
:10C290007EE0641E00D52034A00053490190401870
:10C2A000806C0CA9F3F7ACFF4F4901988039401816
:10C2B0000068010C80B202903F480091008B019011
:10C2C000002838D0000A022835D80846EBF703FFCB
:10C2D0004649EBF70FFD0146019800F00DF9049077
:10C2E00005910298EBF712FF0022324BEBF75AFE52
:10C2F000029003910098EBF709FF00222D4BEBF71A
:10C3000051FE009001912F48EBF73FFC4019844605
:10C310000D9A0F980E9908900C9B09A80EC0119ABF
:10C3200029491098511806910790721C30A1604657
:10C33000F5F7E0F92AE00298EBF7E8FE00221D4B42
:10C34000EBF730FE029003910098EBF7DFFE00223E
:10C35000184BEBF727FE009001911A48EBF715FCFC
:10C36000401984460F980E9906900C9B0D9A07A8C9
:10C370000EC01549119A00E00DE051181098049173
:10C380000590721C28A16046F5F7B4F9761CF6B248
:10C39000BE4200DA7DE731A10A48EBF7BFFB09484E
:10C3A000EBF7F3FB3B99401A2D49088019E5000093
:10C3B000002B020800408F40CC000020B400002079
:10C3C000B80000202C2800206C070000200100206D
:10C3D000D0010020DCBF0108F2140020C0290208AF
:10C3E00074280208402C0208800C080800007A44D7
:10C3F0002C222564223A5B252E33662C252E3366AB
:10C400002C252E32662C2225642D253032642D25D4
:10C4100030326454253032643A253032643A253063
:10C4200032645A225D0000002C222564223A5B25EA
:10C430002E33662C252E33662C2225642D25303292
:10C44000642D2530326454253032643A253032640C
:10C450003A253032645A225D000000007D00000061
:10C460000C020020F0B509218BB009021948EBF746
:10C470004AFB19480088EBF749FE0022174BEBF7FF
:10C4800091FD064616480F460068EBF785FE044608
:10C4900014480D460068EBF77FFE0B461249024632
:10C4A000086A496A0991104908908869C969069023
:10C4B00007910E480E4940780094049001ACE0C406
:10C4C0000448F5F717F90348EBF75FFB09490880C3
:10C4D0000BB0F0BD2C280020AE00002000408F40A3
:10C4E000B8000020B400002020010020D00100206E
:10C4F000582D02080C020020F8B502460020130A4D
:10C5000081270C46FF05051F0146D2B2002B2AD019
:10C51000984E012B3CD0022B6FD1BC426DDD012A1D
:10C5200051D0954D022A73D0032A72D0042A71D0BB
:10C53000924E052A47D0062A6DD0072A6CD0082AC9
:10C540006BD0092A6AD00A2A69D00B2A68D00C2A33
:10C5500053D12046EBF720FE0022894BEBF7ACFCD1
:10C5600000223346ADE0BC4247DD1046642148431B
:10C57000EBF7CCFD2A46EBF78DFD06460D4620462F
:10C58000EBF70AFE00227F4BEBF796FC3246E5E024
:10C59000BC4232DD012A1CD0022A24D07A4D032A63
:10C5A0002CD0042A3DD0052A45D0062A4DD0072A92
:10C5B00055D0082A5DD0092A65D00A2A6DD00B2AE9
:10C5C00076D00C2A19D12046EBF7E6FD00226D4B00
:10C5D000C4E72046EBF7E0FD00226A4BEBF76CFC6A
:10C5E0006A4A6B4B6DE02046EBF7D6FD0022654BA7
:10C5F000EBF762FC2A46EBF74DFDF8BD2046EBF762
:10C60000CBFD00225F4BEBF757FC2A46614B58E00D
:10C610005AE05FE068E071E07AE083E08CE095E06A
:10C620009EE02046EBF7B8FD0022564BEBF744FCAA
:10C630000022594B45E02046EBF7AEFD0022514B5E
:10C64000EBF73AFC0022554B3BE02046EBF7A4FD0C
:10C6500000224C4BEBF730FC0022514B31E02046DE
:10C66000EBF79AFD0022474BEBF726FC00224D4BDF
:10C6700027E02046EBF790FD0022424BEBF71CFC35
:10C680002A46494B1DE02046EBF786FD00223C4B35
:10C69000EBF712FC2A46454B13E02046EBF77CFDF6
:10C6A0000022384BEBF708FC0022414B09E0FFE782
:10C6B0002046EBF771FD0022324BEBF7FDFB002229
:10C6C0003C4BEBF707FCF8BD2046EBF765FD00227D
:10C6D0002C4B40E02046EBF75FFD0022294BEBF7A7
:10C6E000EBFB0022344BECE72046EBF755FD002234
:10C6F000244BEBF7E1FB0022304BE2E72046EBF75F
:10C700004BFD00221F4BEBF7D7FB00222C4BD8E749
:10C710002046EBF741FD00221A4BEBF7CDFB002240
:10C72000284BCEE72046EBF737FD0022154BEBF701
:10C73000C3FB0022244BC4E72046EBF72DFD00226B
:10C74000104BEBF7B9FB0022204BBAE72046EBF782
:10C7500023FD00220A4BEBF7AFFB00222B46B0E78C
:10C760002046EBF719FD0022054BEBF7A5FB002255
:10C77000174BA6E7000019400000294000405F4029
:10C7800000002840000010409A99999933333333C0
:10C790003333A33F9999B93F0000C43F0000E43F01
:10C7A0000000044000000E40999979BF9999893F93
:10C7B0000000D43F0000094000C0324000404F401C
:10C7C0000070674000406F400088734000888340DD
:10C7D0000000394010B51248F4F77CFF114800788A
:10C7E000012806D0022806D0032806D0042806D047
:10C7F00008E00DA004E00EA002E00FA000E010A0F1
:10C80000F4F768FF07484C380079012802D10EA0E0
:10C81000F4F760FF012149021048EBF774F910BDED
:10C8200000270208EC000020434F41500D0A000091
:10C830005544500D0A0000004D5154540D0A00009B
:10C840005443500D0A00000064726167696E6F5FA7
:10C85000363630315F6F74610D0A0000601F0020B2
:10C86000F0B5574AC00199B080180890C8015449E2
:10C87000544F80314018544C099099E0014653A020
:10C88000F4F728FF00200BA9089A12688300CA5009
:10C89000089A401C121D08920228F5DB0DA90B987E
:10C8A000F3F7AEFC0C98000C0A900C9885B20B982C
:10C8B000002877D096214448EBF725F92846EBF776
:10C8C00025FC0022434BEBF76DFB05460E460A980C
:10C8D000EBF71CFC00223F4BEBF764FB04AA63C29E
:10C8E0000DAE0FCE019203900291129A00933AA1DD
:10C8F0003548643A119BF4F7FDFE3D8B002D46D080
:10C90000280A022843D8290A04D0012816D0022870
:10C9100028D03CE00A98EBF7DEFB3D49EBF7EAF95B
:10C9200001462846FFF7E8FD05460E462648EBF788
:10C930002CF900192A46334636A126E00A98EBF76F
:10C94000CAFB3349EBF7D6F901462846FFF7D4FD79
:10C9500005460E461C48EBF718F900192A463346DF
:10C9600031A112E00A98EBF7B6FB2949EBF7C2F9BF
:10C9700001462846FFF7C0FD05460E461248EBF774
:10C9800004F900192A4633462BA1F4F7B3FE0E48EA
:10C99000EBF7FBF8001930A1F4F7ACFE0A492FA021
:10C9A000F4F798FE2EA0F4F795FE00200B900C9063
:10C9B00009990898884200D260E7012019B0F0BDBB
:10C9C000008B0208CC000020B81D00202530582024
:10C9D0000000000000408F4025642F25642F25644F
:10C9E00020253032643A253032643A2530326420D2
:10C9F0006964635F696E7075743D252E33662076B9
:10CA000064635F696E7075743D252E3366000000A7
:10CA100000007A442077617465725F646565703ADE
:10CA2000252E3366000000002070726573737572E6
:10CA3000653A252E33660000206469666665726576
:10CA40006E7469616C5F70726573737572653A3A82
:10CA5000252E3366000000000D0000002573000045
:10CA60000A0D0000F0B59BB00F4601240890A6E027
:10CA7000214656A0F4F72EFE554A564B00200BA92E
:10CA8000089D2D6886008D51089D2D1D08959542A5
:10CA900000D30893401C0228F2DB0DA90B98F3F792
:10CAA000AFFB0C98000C09900C9885B20B980028ED
:10CAB0007DD096214848EBF726F82846EBF726FB71
:10CAC0000022464BEBF76EFA05460E460998EBF747
:10CAD0001DFB0022414BEBF765FA0A4604A965C12C
:10CAE0000DAE0FCE019203900291129A00933CA1D9
:10CAF0003948643A119BF4F7FDFD4748058B002D3A
:10CB000049D0280A022846D8290A04D0012817D07B
:10CB100002282AD03FE00998EBF7DDFA3F49EBF70E
:10CB2000E9F801462846FFF7E7FC05460E462A4885
:10CB3000EBF72BF82849334640182A4638A128E05D
:10CB40000998EBF7C8FA3549EBF7D4F801462846BF
:10CB5000FFF7D2FC05460E461F48EBF716F81E49B4
:10CB60002A464018334633A113E00998EBF7B3FA8D
:10CB70002A49EBF7BFF801462846FFF7BDFC0546FA
:10CB80000E461548EBF701F813492A46401833467C
:10CB90002CA1F4F7AFFD1048EAF7F7FF0E49401853
:10CBA00030A1F4F7A7FD0C492FA0F4F793FD2FA0B7
:10CBB000F4F790FD0020641C0B90A4B20C90BC42D2
:10CBC00000D855E701201BB0F0BD0000256420000F
:10CBD00080E90208808B0208B81D002000408F40C9
:10CBE00025642F25642F256420253032643A2530B2
:10CBF00032643A25303264206964635F696E70750F
:10CC0000743D252E3366207664635F696E7075749B
:10CC10003D252E3366000000CC00002000007A4441
:10CC20002077617465725F646565703A252E33669E
:10CC3000000000002070726573737572653A252ECE
:10CC40003366000020646966666572656E746961AA
:10CC50006C5F70726573737572653A3A252E336630
:10CC6000000000000D000000257300000A0D000008
:10CC7000024B186008041043586070476C00002095
:10CC800010B5204C2069002804DAF3F70BFE0146AA
:10CC90001DA02EE02069400004D5F3F703FE0146F5
:10CCA00021A026E02069800004D5F3F7FBFD0146B2
:10CCB00026A01EE02069C00004D5F3F7F3FD01466D
:10CCC0002DA016E02069000104D5F3F7EBFD014625
:10CCD00031A00EE02069400104D5F3F7E3FD0146E1
:10CCE00034A006E02069800105D5F3F7DBFD01469D
:10CCF00037A0F4F7EFFC20690121C9050843206142
:10CD000010BD0000401002405B25755D7265626FCA
:10CD10006F74206572726F723A4C6F772D706F77F7
:10CD20006572210D0A0000005B25755D7265626FFA
:10CD30006F74206572726F723A57696E646F7720F4
:10CD40007761746368646F67210D0A005B25755D08
:10CD50007265626F6F74206572726F723A496E64A9
:10CD60006570656E64656E74207761746368646F66
:10CD700067210D0A000000005B25755D7265626F1A
:10CD80006F74206572726F723A536F667477617256
:10CD900065210D0A000000005B25755D7265626FFC
:10CDA0006F74206572726F723A504F522F50445216
:10CDB000210D0A005B25755D7265626F6F742065D9
:10CDC00072726F723A4E525354210D0A00000000E5
:10CDD0005B25755D7265626F6F74206572726F722C
:10CDE0003A424F52210D0A0030B587B014216846EF
:10CDF000EAF789FE1C48C26A01210A43C262C06A7E
:10CE00000C030840009405900020052501912D0792
:10CE1000029069462846EDF715F80022214628467B
:10CE2000EDF7DFF8FF202D30ECF75CFE0122214604
:10CE30002846EDF7D6F8C820ECF754FE0B490CA0B5
:10CE4000F4F748FC3220ECF74DFE0022214628463C
:10CE5000EDF7C7F8C820ECF745FE01222146284629
:10CE6000EDF7BFF807B030BD00100240F21400200B
:10CE700041542B4E414D4525730D0A0070B50024D9
:10CE80000546264606E0285D0D2801D00A2800D177
:10CE90002E55641C2846EAF778FEA042F3D82846AF
:10CEA00070BD0000F1B5FF488EB00078FE4C2646FC
:10CEB00025462C3E203501280AD034216846EAF761
:10CEC00022FE0E98EAF761FE32287DD93227E4E28D
:10CED000F6A10E98EAF72EFE002876D0DC21F44861
:10CEE000EAF711FEF3A10E98EAF724FE07460A219D
:10CEF000EAF741FEC21B39460E31ED48103AEAF717
:10CF0000E9FDEB484621FC300746EAF7FCFDE8481E
:10CF1000EAF73BFE0246E6493846EAF7DBFDDC214C
:10CF2000E348EAF7F0FDE7A10E98EAF703FE0746AB
:10CF30000A21EAF720FEC21B39460C31DC480E3AC2
:10CF4000EAF7C8FDE34881210746EAF7DCFDD84847
:10CF5000EAF71BFE0246D6493846EAF7BBFDDC215C
:10CF6000D348EAF7D0FDDCA10E98EAF7E3FD0746C7
:10CF70000A21EAF700FEC21B39460B31CC480D3AB4
:10CF8000EAF7A8FDD348812181300746EAF7BBFDC7
:10CF9000C748EAF7FAFD0246C5493846EAF79AFD5E
:10CFA000DC21C348EAF7AFFDCEA10E98EAF7C2FD37
:10CFB00007460A21EAF7DFFDC21B39460931BC48A2
:10CFC0000B3AEAF787FD01E063E221E2C848C92194
:10CFD0000746EAF798FDB648EAF7D7FD0246B44996
:10CFE0003846EAF777FDDC21B148EAF78CFDC1A1AC
:10CFF0000E98EAF79FFD07460A21EAF7BCFDC21B1F
:10D0000039460E31AA48103AEAF764FDB848812142
:10D01000C9300746EAF777FDA548EAF7B6FD0246AC
:10D02000A3493846EAF756FDDC21A148EAF76BFD33
:10D03000B4A10E98EAF77EFD07460A21EAF79BFDA8
:10D04000C21B39460E319A48103AEAF743FDB148FF
:10D0500081210746EAF757FD9548EAF796FD024613
:10D0600093493846EAF736FDDC219148EAF74BFD53
:10D07000A9A10E98EAF75EFD07460A21EAF77BFDB3
:10D08000C21B394609318A480B3AEAF723FD884822
:10D09000EAF7E6FDA060DC218548EAF734FDA1A1AE
:10D0A0000E98EAF747FD07460A21EAF764FDC21B1E
:10D0B000394609317E480B3AEAF70CFD85482921AB
:10D0C00029380746EAF71FFD7948EAF75EFD024670
:10D0D00077493846EAF7FEFCDC217548EAF713FD8C
:10D0E00093A10E98EAF726FD07460A21EAF743FDC9
:10D0F000C21B394609316E480B3AEAF7EBFC6C4922
:10D100000878303828708878DC21303828756848ED
:10D11000EAF7F9FC89A10E98EAF70CFD07460A2107
:10D12000EAF729FDC21B39460D3161480F3AEAF78B
:10D13000D1FC5F48EAF794FD6871DC215C48EAF7AE
:10D14000E2FC82A10E98EAF7F5FC07460A21EAF70D
:10D1500012FDC21B39460B3155480D3AEAF7BAFCAD
:10D160005348EAF77DFDE8712C215148EAF703FDA9
:10D170002C21EAF700FD401CEAF772FD2872DC2141
:10D180004B48EAF7C0FC74A10E98EAF7D3FC0746B7
:10D190000A21EAF7F0FCC21B39460A3144480C3A2E
:10D1A000EAF798FC4248EAF75BFDA871DC214048A9
:10D1B000EAF7A9FC6BA10E98EAF7BCFC07460A2126
:10D1C000EAF7D9FCC21B39460C3139480E3AEAF766
:10D1D00081FC3748EAF744FD002800D0012068753B
:10D1E0002C213348EAF7C7FC2C21EAF7C4FC401C89
:10D1F000EAF736FDE875DC212D48EAF784FC5DA1ED
:10D200000E98EAF797FC05460A21EAF7B4FC421BA0
:10D2100029460A3126480C3AEAF75CFC2448EAF72A
:10D220001FFD57490870DC212148EAF76CFC55A125
:10D230000E98EAF77FFC05460A21EAF79CFC421BA0
:10D2400029460C311A480E3AEAF744FC1848EAF726
:10D2500007FD50490870DC211548EAF754FC4EA13F
:10D260000E98EAF767FC05460A21EAF784FC421BA0
:10D2700029460A310E480C3AEAF72CFC0C48EAF72A
:10D28000EFFCE087DC210A48EAF73DFC45A10E9857
:10D29000EAF750FC04460A21EAF76DFC021B21461E
:10D2A0000B3185E00A020020CC0000200A000000BB
:10D2B0001614002041542B534552564144445222E7
:10D2C0003A22000041542B434C49454E54223A2205
:10D2D00000000000DC15002041542B554E414D4507
:10D2E000223A220041542B505744223A2200000097
:10D2F000DE16002041542B505542544F50494322D2
:10D300003A22000041542B535542544F5049432276
:10D310003A2200002818002041542B544443223A5A
:10D320002200000041542B41504E223A22000000BE
:10D3300041542B50524F223A2200000041542B43BB
:10D34000535154494D45223A2200000041542B428A
:10D350004B444E53223A220041542B47444E532211
:10D360003A22000041542B544C534D4F44223A2250
:10D370000000000041542B4D514F53223A2200002F
:10D380009A00002041542B495054595045223A22CA
:10D39000000000009B00002041542B4754444322CE
:10D3A0003A22000041542B474E535354223A220054
:10D3B000E8480D3AEAF78EFBE648EAF751FCE64901
:10D3C0000880DC21E348EAF79EFBE4A10E98EAF727
:10D3D000B1FB04460A21EAF7CEFB021B21460931C4
:10D3E000DC480B3AEAF776FBDA48EAF739FCDE4923
:10D3F0000870F7F723FFDDA1D648EAF79BFB00286A
:10D400002BD0F3F74FFA0146D9A0F4F763F9ACE05B
:10D410000024E54D17E0285D3B282AD0E248EAF7D2
:10D42000B4FB401EA04202D1285D5D2821D0285DBA
:10D430007B2806D07D2804D0DC4A71795054491CE1
:10D440007171641CA4B2D848EAF79FFBA042E2D8ED
:10D45000B078002801D0F7F7F1FE0020B070D44971
:10D46000F070087001218902CF48EAF74CFB0FB039
:10D47000F0BD0127F770CD48EBF796FB002801D1EE
:10D48000B770B771FF21C948EAF73DFB0020707102
:10D49000D7E70E98EAF779FBC7B20E98FFF7EEFCD4
:10D4A0003A4668460E99F2F743FE0E98EAF76DFB8E
:10D4B0006946C0050978000E08297DD008DCBD4A00
:10D4C0000B00F4F75AF9081315272E4C1354611367
:10D4D000322972D006DC092970D013296FD0312986
:10D4E00004D1F0E0F8296BD0F9296AD0B2A01DE18F
:10D4F0000428BCD1694648788978000409020843A9
:10D500006946C978B44A084301463C399142AED8CD
:10D51000A060FBE00228AAD168464178AF480170BC
:10D52000F4E00628A3D168464078002801D00126FF
:10D5300000E00026694648880B79E12740BA49791E
:10D540003F01B84201D39042E3D12029E1D86E7661
:10D5500060872B71A972A24900200870D6E00228CA
:10D5600085D168464078FF2881D1F4F751F9042825
:10D570000CD16846C07803282BD83030E0713038A1
:10D58000C0B2EBF7D5FCC1E0042822D00528B0D109
:10D5900069468878C9780004090208436946097910
:10D5A00008439049884200D90846694649780129CC
:10D5B00013D0022919D005E024E0AAE02CE080E095
:10D5C000B7E0BEE0032994D16061904215D10121FA
:10D5D00014E06846408840BAE7E7E060002802D0DF
:10D5E000002101200BE00121FBE72061904201D1E5
:10D5F000012100E00021022001E000210320F2F7D8
:10D600009DFA83E0032886D1684681784278080233
:10D61000104340BA208379E0734F744C082834D00B
:10D620000A289DD168464578032D99D10379012BAD
:10D6300000D91CE7C279012AFBD8408846BA68465F
:10D6400081794079090201436846008949BA40BAA4
:10D65000B942EED8664FB842EBD86571E6802373C5
:10D66000218162736081F7F7E9FD6079002824D099
:10D67000E188002921D07D20C00041435D48F3F7B7
:10D680008BF95C48F3F79AF9F1E668464278022A8A
:10D69000FAD8408843BA6846808841BA6846C0884C
:10D6A000B94240BAF0D8524DA842EDD86271E38039
:10D6B00021816081F7F7C2FDDAE74E48F3F7B6F94A
:10D6C000D5E602281CD00928DED16D46681CEAF791
:10D6D000BDFA00BA040A6846007924020443681DB2
:10D6E000F461EAF7B3FA00BA010A6846007A09025F
:10D6F000014331628C4200D9346201207070B6E679
:10D7000068464078411E1D29BED86871F7F796FD1E
:10D71000ADE60228B8D1684640780028B4D1364C2E
:10D720002046EBF72FFD3548046035A0F3F7D2FF14
:10D730009DE60228A8D1684640780128A4D139493D
:10D7400006E00228A0D16846407801289CD13649DD
:10D7500008708CE6161400209E00002041542B47D0
:10D760005053223A220000009C00002041545A00ED
:10D770005B25755D5265736574207468652064650A
:10D780007669636520616674657220726563656998
:10D7900076696E672074686520646F776E6C696E59
:10D7A0006B2E2E2E0D0A00002C310020AE1C002006
:10D7B0000A020020FFFF0000446F776E73747265E9
:10D7C000616D20706172616D657465722065727241
:10D7D0006F720D0A00000000C3FFFF009A000020D6
:10D7E000A401002020BF0200204E00000C010020F8
:10D7F0003075000048050020808B0208540000208E
:10D80000436C65617220616C6C2073746F72656427
:10D810002073656E736F7220646174612E2E2E0DFD
:10D82000000000009800002097000020F8B50B4889
:10D8300000214172ECF7B0F9094F0024084EC837B7
:10D84000A500A819ECF760F9E819ECF75DF9641C7C
:10D85000E4B2202CF4D3ECF76BF9F8BDEC00002017
:10D86000000C080810B50E4900200E4A48728300CB
:10D870009B189B6C002B0BD0401CC0B22028F6D309
:10D88000002083009C18A36CE46CA34202D3401CCC
:10D89000487210BD401CC0B22028F2D310BD000059
:10D8A000EC000020800C0808F0B53B483B4F447A60
:10D8B00095B00025202C00D30024A100C819866C47
:10D8C000002E60D03548803808180068011400B276
:10D8D0000590314803912038018B009100292CD00C
:10D8E000080A022829D80398EAF7EAFB2C49EAF744
:10D8F00001FA01460098FEF7FFFD02900491059899
:10D90000EAF7F0FB0022274BEAF74CFB009001916D
:10D910000398EAF7E7FB0022224BEAF743FB0246B3
:10D92000049B029804901C4805932038008B0290B9
:10D930000B461DA0F3F7CEFE14E00598EAF7D2FBE4
:10D940000022184BEAF72EFB009001910398EAF7AA
:10D95000C9FB0022134BEAF725FB02460B4619A030
:10D96000F3F7B8FE06A93046F2F74AFC06AB07CB40
:10D970000191029017480B990092091816A0099B73
:10D980000A9AF3F7A7FE641C6D1CEDB2E4B2202DD9
:10D9900090D315B0F0BD0000EC000020800C08080A
:10D9A00000007A4400408F407B252E3366206D4175
:10D9B0002C252E336620562C253034782C252E32FB
:10D9C000660000007B252E3366206D412C252E330A
:10D9D000662056006C0700002C25642F2530326429
:10D9E0002F2530326420253032643A253032643AB3
:10D9F000253032647D0D0A0070B5154C607A202800
:10DA000001D30020607212484C38018A80890D04CD
:10DA10000543ECF7C1F8607A0E49800041182A46A8
:10DA20000220ECF78FF8ECF783F8ECF7B5F808482C
:10DA3000084934308268607AC83180004118022079
:10DA4000ECF780F8ECF774F8607A401C607270BDF7
:10DA5000EC000020000C080810B500210A4604E084
:10DA6000202B01D04354491C521C835C002BF7D15E
:10DA70000022425410BD0000F3B581B006460025D7
:10DA8000EFF3108472B6ECF70FF90E4F0DE0029829
:10DA9000A900425831460220ECF7E8F800280CD0E3
:10DAA00084F3108808A0F3F715FEBE42EFD3ECF71D
:10DAB000CFF884F310883046FEBD6D1C361D022D54
:10DAC000F3D1F4E780E902086572726F7220696E23
:10DAD00020466C617368205772697465206F7065A9
:10DAE000726174696F6E0A0D00000000F0B5FFB03E
:10DAF00082B00121490201A8EAF705F800252C4669
:10DB000001AF1B4E13E07F2C0DD870190090EAF77F
:10DB10009DF800BA010A00980902C0780143A000EC
:10DB200039507F2C08D02D1D641CADB2A4B2104812
:10DB3000EAF72BF8A842E6D80E4C207F13280CD821
:10DB40000D4D400240190421EBF7F0FA207F8022AE
:10DB50004002401901A9EBF779FB207F401CC0B2BD
:10DB60002077142801D1002020777FB002B0F0BDCB
:10DB7000601F0020EC000020005E020870B5044623
:10DB80001848C07B01282CD11748E9F7FEFF05464D
:10DB90002046E9F7FAFF2818FF25FF35AE1CA842FA
:10DBA00005D9FFF7A3FF31460F48E9F7ACFF0F484F
:10DBB000E9F7EBFFA84214D80B48E9F7E6FF0A495A
:10DBC000224640180AA1F3F795FD0A4CE079002897
:10DBD00007D0FFF78BFF31460348E9F794FF002099
:10DBE000E07170BD0C010020601F0020F56201088B
:10DBF00025730000A00100201CB5002100910AA09F
:10DC00006B46019107E002781446303C092C02D89B
:10DC10005A54491CC9B20278401C002AF3D1184654
:10DC2000EAF71EF880B21CBD76312E322E3100008C
:10DC30000FB410B504AA039900F004F810BC08BC96
:10DC400004B01847F7B5FFB091B00D460646E9F7A6
:10DC50009CFF079000200990049028786D1C0028F4
:10DC600070D0252832D100220823114604242878B8
:10DC70006D1C372840D014DC32283DD008DC002849
:10DC80007ED0252822D0302836D0312843D133E029
:10DC9000332831D034282FD035282DD036283AD10A
:10DCA0002AE064282FD008DC382825D0392823D052
:10DCB000442826D058282ED145E0682811D06C2859
:10DCC00017D0752821D0782825D13CE00799002964
:10DCD0007EDD3178814235D10798401E761C079051
:10DCE000BBE72878682801D02143C0E719436D1CA1
:10DCF000BDE701200143BAE70A277A431218303AF8
:10DD0000B5E701200143032003E001230320DB02E8
:10DD100019430A230493079B002B59DD03289CD148
:10DD20005C48521E824200D90246521C0520000364
:10DD30000143029200200EAA01910C920D9001461F
:10DD4000029A77E0A4E00123DB02032019431023A9
:10DD5000E0E73478412C17D00DDC22462B3A130033
:10DD6000F3F70BFD0F506A4B6A6A3E3E3E3E3E3E65
:10DD70003E3E3E3E6A00612C1AD015DC224600E091
:10DD800081E0423A042A57D8049A0A2A54DD05232E
:10DD9000019A1B039A430192049AD317E9F702FEF2
:10DDA000E20F3623DB4312E02246623A042A43D8CC
:10DDB000049A0A2A40DD0523019A1B039A43019223
:10DDC000049AD317E9F7EEFDE20F5623DB4300E098
:10DDD00056E00027FF43E3187A41C01851411BE089
:10DDE0000523019A1B039A430192049AD317E9F77A
:10DDF000D9FDE20F2F23DB43E9E7019A920401D416
:10DE000001220D92019AD20416D50123019A1B0317
:10DE10009A435B001A4301920C9A14700C9A521C9C
:10DE20000C92079A521E0792002A05DD029A521E92
:10DE3000761C0292002A8CD10199490428D40C99AD
:10DE400000220A700D99002900D040420199C907AB
:10DE500003D092990A6810600CE00199490703D534
:10DE600092990A68108005E001990907F1D5929905
:10DE70000A681070091D09989291401C0990ECE6FF
:10DE80000998002801D10020C0437FB014B0F0BD34
:10DE90000998FAE7FF010000FEB5754800780527EC
:10DEA0003F07002811D020213846ECF78DF80128D3
:10DEB00005D040213846ECF787F8012805D13220FB
:10DEC000EBF710FE6BA0F3F705FC6D48ECF7C8F814
:10DED000FDF700FE6B486C4E007800280CD06B48B4
:10DEE00031460068E9F706FF00906948314600684E
:10DEF000E9F700FF019003E001216846EEF712F90F
:10DF0000644D009868610198A86131460098E9F76E
:10DF1000B4FEEAF709F92C468034A0823146019814
:10DF2000E9F7ABFEEAF700F9E0820120EBF73CFAF3
:10DF30000520EBF7D7FD05273F0702213846ECF710
:10DF400043F8A07410213846ECF73EF8E074002046
:10DF5000EBF72AFA2746543FF868002803D000213F
:10DF60000120F1F7EBFD4C483969814203D00021D3
:10DF70000220F1F7E3FD48487969814203D000218E
:10DF80000320F1F7DBFD43486C304079022802D0D2
:10DF9000287800280FD131460098E9F76EFEEAF79D
:10DFA000C3F8608031460198E9F767FEEAF7BCF8EC
:10DFB000A080012028703948394E007820703078D0
:10DFC000607038480078A071F7F7CEFF2082E881B2
:10DFD000EAF79CF80022344BE9F7E4FF07460D46C8
:10DFE000F2F760FC01463A462B4630A0F3F772FB8D
:10DFF000F2F758FC0146A27C31A0F3F76BFBF2F775
:10E0000051FC0146E27C32A0F3F764FB05200121BC
:10E010000007EBF7D9FF0546F2F744FC01462A4614
:10E020002FA0F3F757FB0098EAF7B6F807460D461E
:10E03000F2F738FC01463A462B462EA0F3F74AFB8E
:10E040000198EAF7A9F807460D46F2F72BFC0146BE
:10E050003A462B462EA0F3F73DFB33481149407852
:10E06000E071002008700D4908703070FEBD00009E
:10E070003300002041542B5057524D320D0A0000FE
:10E08000E00500200D00002000007A445800002028
:10E090005C000020A0000020FFFF00001600002010
:10E0A000170000202300002000408F405B25755D95
:10E0B0004241543A25302E336620560D0A000000A6
:10E0C0005B25755D494E313A25640D0A000000005C
:10E0D0005B25755D494E323A25640D0A000000004B
:10E0E0005B25755D4750494F5F455854493A256453
:10E0F0000D0A00005B25755D4944435F496E7075EC
:10E10000743A25302E3366206D410D0A0000000060
:10E110005B25755D5644435F496E7075743A2530D2
:10E120002E336620560D0A00D0010020FEB551485E
:10E13000EBF796FFFDF7CEFC012101A8EDF7F2FF0A
:10E140004D4D019868610298A8610120EBF72CF908
:10E150000520EBF7C7FC052002210007EBF734FF91
:10E16000002800D001200090052010210007EBF7C7
:10E170002BFF002801D0012600E000260020EBF74D
:10E1800013F93D4C2C34E068002803D00021012015
:10E19000F1F7D4FC394F2069B84203D000210220A6
:10E1A000F1F7CCFC6069B84203D000210320F1F7FD
:10E1B000C5FC3148304C6C304079803402280ED197
:10E1C0002F4F01983946E9F758FDE9F7ADFF608018
:10E1D00039460298E9F751FDE9F7A6FFA080F7F765
:10E1E000C3FE2082E881E9F791FF0022254BE9F781
:10E1F000D9FE05460C46F2F755FB01462A46234652
:10E2000021A0F3F767FAF2F74DFB014623A0009A2D
:10E21000F3F760FAF2F746FB0146324623A0F3F724
:10E2200059FA052001210007EBF7CEFE0446F2F76C
:10E2300039FB0146224621A0F3F74CFA0198E9F791
:10E24000ABFF04460D46F2F72DFB014622462B4656
:10E250001FA0F3F73FFA0298E9F79EFF04460D4628
:10E26000F2F720FB014622462B4620A0F3F732FAB4
:10E27000FEBD0000E0050020A0000020FFFF000020
:10E2800000007A4400408F405B25755D4241543A5E
:10E2900025302E336620560D0A0000005B25755D83
:10E2A000494E313A25640D0A000000005B25755D7A
:10E2B000494E323A25640D0A000000005B25755D69
:10E2C0004750494F5F455854493A25640D0A0000AC
:10E2D0005B25755D4944435F496E7075743A25301E
:10E2E0002E3366206D410D0A000000005B25755D30
:10E2F0005644435F496E7075743A25302E3366205C
:10E30000560D0A00F0B55A4C87B0A07C012863D1A5
:10E310000025A574A07B012601285FD002285BD1CF
:10E32000A6755448E5750676A820EAF759FE5248C6
:10E33000F2F77CFB50481438F2F778FB4E48643013
:10E34000F2F774FB4C487830F2F770FB4A488C3097
:10E35000F2F76CFB4848A030F2F768FB4648B4304F
:10E36000F2F764FB5E2020702046EEF7B7F9434FCA
:10E370003878002812D0404841492830F2F7A4FAF2
:10E380003D4840492830F2F707FB012251033E483F
:10E39000EBF727FE38482830F2F710FB2575E674B6
:10E3A00000216846EDF7BEFE00210846F1F7C6FBE6
:10E3B0000020EAF7BDFD387800280BD03220EBF7BB
:10E3C00091FB32A0F3F786F96420EBF78BFB32A0C8
:10E3D000F3F780F93D70A57307B0F0BDA573142164
:10E3E0006846E9F790FB2E48C16A3143C162C06AB2
:10E3F0000127C0073F03C00F00970590052069461D
:10E40000019602950007EBF71DFD05200022394615
:10E410000007EBF7E6FDC820EBF764FB05200122BF
:10E4200039460007EBF7DDFD1E491348F2F7B4FA51
:10E430001148F2F7C3FAE574A07D0028CCD11A4840
:10E44000C0780428C8D10C481438F2F7EFFA09480C
:10E45000203881687D20C000414307481438F2F716
:10E460009BFA05481438F2F7A9FAE672B4E70000FF
:10E4700020000020EC00002094040020A6010020D1
:10E48000D5F80008881300000004005041542B50B8
:10E4900057524D320D0A0000534C4545500D0A00AD
:10E4A0000010024060EA0000D0010020341702088A
:10E4B0003C170208481702086C1702088017020868
:10E4C0005C1702081F1C1F1E1F1E1F1F1E1F1E1F62
:10E4D0001F1D1F1E1F1E1F1F1E1F1E1F641D020843
:10E4E0000600000071320108C93B0108C93B010860
:10E4F0009C2302085C1F020801000000C93B0108C0
:10E50000C93B01088D3B01082C1F0208541D02085D
:10E5100005000000D92A0108112B0108C93B010898
:10E52000C01B0208A81D020806000000E13E010809
:10E53000C93B01081D3F01083C260208401D020896
:10E5400006000000C93B0108C93B01088D2A0108EB
:10E55000DC260208801C020806000000F5380108CD
:10E5600031390108C93B010814210208881A020840
:10E5700005000000C93B0108C93B0108C92D01087D
:10E58000F0240208D81D020804000000C93B01085D
:10E59000C93B0108352E010868260208CC1D020877
:10E5A00009000000B93D0108313E0108C93B0108DE
:10E5B00010260208D01E020807000000F5270108F7
:10E5C0002D280108C93B0108181C0208C41C0208B8
:10E5D000060000000D42010845420108C93B010840
:10E5E000182202088C1C0208040000007938010877
:10E5F000AD380108C93B0108E8200208A01B020849
:10E6000009000000F537010831380108C93B01084D
:10E61000FC1F0208AC1B020809000000913F010822
:10E62000CD3F0108C93B01082C200208901B0208BD
:10E6300004000000154001084D400108C93B0108D5
:10E64000A8240208901D02080400000031260108D9
:10E6500065260108C93B0108701D0208741E0208E6
:10E6600005000000C522010801230108C93B01087B
:10E6700004240208241F02080400000039230108B2
:10E6800071230108C93B0108742402081C1F0208F9
:10E69000050000004922010885220108C93B010844
:10E6A0003C240208A01C020806000000953701085F
:10E6B000D1370108C93B01081C230208981D020834
:10E6C00004000000CD36010805370108C93B0108E8
:10E6D000B41902085C1D020805000000613D010834
:10E6E0009D3D0108C93B010844220208A01D020803
:10E6F00004000000C93B0108B7260108AD26010847
:10E70000881F0208641B020806000000213201086D
:10E71000C93B0108C93B0108601F0208001D02082F
:10E720000F000000C93B0108A12F0108C93B0108E7
:10E730009C2602081C1D020807000000592B010836
:10E74000912B0108C93B0108E0230208DC1C0208E8
:10E75000080000002D2A0108692A0108C93B0108A8
:10E760007C190208001E020806000000D92B0108CF
:10E770004D2C0108C93B0108F8180208F81D0208D1
:10E7800005000000B12E0108ED2E0108C93B01086B
:10E7900034190208501C02080700000081410108DA
:10E7A000BD410108C93B0108541902080C1E0208AA
:10E7B00005000000B9320108ED320108C93B01082B
:10E7C000F41E02084C1D020804000000353F010839
:10E7D0006D3F0108C93B010870220208E81C0208CD
:10E7E00007000000C5310108F9310108C93B0108E3
:10E7F000401B0208801A020807000000CD420108F1
:10E8000005430108C93B01085C1A0208B41A020852
:10E81000070000004D43010885430108C93B01087A
:10E82000901A0208E01A020807000000CD43010810
:10E8300005440108C93B0108BC1A02080C1B020868
:10E84000070000004D44010885440108C93B010848
:10E85000E81A0208381B020807000000CD4401082E
:10E8600005450108C93B0108141B02085C1C02088D
:10E8700007000000F530010831310108C93B0108EB
:10E88000F8190208281D02080B000000752801086D
:10E89000C9280108C93B0108AC220208341D02083E
:10E8A00007000000112F0108592F01084D2F010802
:10E8B00060250208B41D02080A0000007940010822
:10E8C000F1400108C93B010880200208141D02081C
:10E8D00004000000C93B0108C93B0108AD2701083D
:10E8E00040250208F41C020809000000452D01081B
:10E8F000812D0108C93B010884250208541F020824
:10E9000004000000C93B0108C93B0108613A010845
:10E91000B4210208E81E020806000000D52F0108F5
:10E9200009300108C93B0108481E0208341E0208CC
:10E93000040000003930010869300108C93B0108B2
:10E94000141E0208981B0208050000008D30010803
:10E95000C9300108C93B0108DC220208441C020836
:10E9600008000000D53901080D3A0108C93B01082B
:10E970005C200208681C02080900000065310108DB
:10E98000A1310108C93B01087C1E0208B81B02081E
:10E9900004000000CD3B0108413C0108C93B0108CF
:10E9A000482302087C1B020807000000C93B01083D
:10E9B00055240108C93B01085C180208701B0208B5
:10E9C00008000000C93B010835250108C93B0108C2
:10E9D0002C180208841B020809000000C93B01082A
:10E9E000C93B0108B12301089C180208DC1E02087B
:10E9F00008000000213B01085D3B0108C93B0108FC
:10EA0000B01F0208C41D02080600000015330108EB
:10EA100049330108C93B0108C02302083C1E020813
:10EA200008000000AD290108E5290108C93B0108DB
:10EA300040210208741C02080A000000C93B0108BA
:10EA4000C93B0108D126010864210208AC1C020858
:10EA500008000000C93B0108C93B01088D420108BC
:10EA6000DC180208E01D02080700000095350108C7
:10EA7000CD350108C93B0108E0250208C41E020883
:10EA80000700000091330108C9330108C93B0108A0
:10EA9000E81B0208D01C02080900000049360108E2
:10EAA00085360108C93B0108E4210208941C0208CC
:10EAB00007000000153501084D350108C93B010864
:10EAC000B4200208B81C0208090000001134010833
:10EAD0004D340108C93B010888210208EC1D0208D9
:10EAE0000700000095340108CD340108C93B010836
:10EAF00070230208682802080000000000000000DF
:10EB00002C010000099701081DA001081DA00108A3
:10EB1000682802086C280208010000002C0100008F
:10EB2000D59701081DA001081DA00108582802085A
:10EB30006C280208020000002C010000819B0108E3
:10EB4000D99B01081DA00108682802086C2802084A
:10EB5000040000002C0100001DA001081DA00108F8
:10EB60005D9D0108682802086C2802080300000067
:10EB70002C0100001DA001081DA00108D59D010861
:10EB8000682802086C28020805000000F401000053
:10EB900069A6010899A601085DA60108682802086F
:10EBA0006C280208060000002C010000119D0108DD
:10EBB0001DA00108A99C0108682802086C28020809
:10EBC00007000000F40100002DA001085DA001086D
:10EBD00021A00108682802086C280208080000002B
:10EBE000F40100009D9F0108CD9F0108919F01083D
:10EBF000682802086C28020809000000D0070000FD
:10EC00008D9A0108459B01081DA00108682802088B
:10EC10006C2802080A0000002C010000359A010847
:10EC20001DA001084D990108682802086C280208F7
:10EC30000B0000002C010000F59801081DA0010840
:10EC40000D980108682802086C2802080C000000D2
:10EC50002C010000299C0108599C01081D9C0108F9
:10EC6000682802086C2802080D0000002C01000032
:10EC700085A30108C9A301081DA00108682802088E
:10EC80006C2802080E0000002C0100004D9E0108B7
:10EC9000859E01081DA00108682802086C2802084A
:10ECA0000F0000002C0100001DA001081DA001089C
:10ECB000E19E0108682802086C2802081000000084
:10ECC0002C01000069A901081DA00108E1A80108A4
:10ECD000682802086C28020811000000F4010000F6
:10ECE00019A7010849A701080DA70108682802080B
:10ECF0006C28020812000000F4010000EDA70108D2
:10ED00001DA80108E1A70108682802086C2802086C
:10ED100013000000F4010000F1A5010821A601087C
:10ED2000E5A50108682802086C2802081400000004
:10ED30002C010000EDA2010831A301081DA001086B
:10ED4000682802086C28020815000000D00700009F
:10ED500059A8010891A801081DA001086828020807
:10ED60006C28020816000000D007000031A201083C
:10ED700069A20108A9A00108682802086C280208F5
:10ED800017000000E803000021A501081DA00108EC
:10ED900001A40108682802086C2802081800000075
:10EDA000F401000079A50108A9A501081DA001082A
:10EDB000682802086C28020819000000F40100000D
:10EDC000A9700108E97001089D700108682802080F
:10EDD0006C2802081A000000F4010000B971010853
:10EDE000F9710108AD710108682802086C28020851
:10EDF0001B000000F401000031710108717101086D
:10EE000025710108682802086C2802081C0000000F
:10EE1000F4010000C1720108ED720108B572010829
:10EE2000682802086C2802081D000000F401000098
:10EE3000617301088D730108557301086828020881
:10EE40006C2802081E000000F40100000174010893
:10EE50002D740108F5730108682802086C2802085F
:10EE60001F000000F4010000A1740108CD74010826
:10EE700095740108682802086C2802082000000028
:10EE8000F4010000417501086D7501083575010830
:10EE9000642802086C28020821000000F401000028
:10EEA00001770108317701081DA0010868280208D0
:10EEB0006C28020822000000E80300008D7701089A
:10EEC000BD7701081DA00108682802086C28020807
:10EED00023000000F4010000D57601081DA0010800
:10EEE000D5750108682802086C2802082400000073
:10EEF000F401000029700108697001081D70010803
:10EF000000000000000000002500000000000000DC
:10EF10009D7801081DA001081DA0010848280208CD
:10EF20006C28020826000000DC050000E98F0108BB
:10EF3000159001081DA00108642802086C28020829
:10EF400027000000E8030000599401088594010897
:10EF50001DA00108682802086C280208280000008B
:10EF6000E8030000E98E0108198F01081DA00108BF
:10EF7000682802086C28020829000000E803000045
:10EF80000D960108399601081DA00108682802089D
:10EF90006C2802082A000000E803000065910108BF
:10EFA000919101081DA00108682802086C28020838
:10EFB0002B000000F40100002D9401081DA00108A1
:10EFC00001920108682802086C2802082C00000041
:10EFD000F40100007D8E0108DD8E01081DA00108EE
:10EFE00000000000000000002D00000000000000F4
:10EFF000A19601081DA001081DA0010868280208AB
:10F000006C2802082E0000002C0100001186010867
:10F010003D8601081DA00108682802086C28020826
:10F020002F0000002C010000B1860108DD860108D8
:10F030001DA00108682802086C28020830000000A2
:10F040002C01000095850108C18501081DA001085B
:10F05000682802086C280208310000002C0100001A
:10F06000716E01089D6E01081DA001086828020844
:10F070006C280208320000002C010000FD6E01081F
:10F08000296F01081DA00108682802086C280208E1
:10F09000330000002C0100008D6F0108B96F0108DA
:10F0A0001DA00108682802086C280208340000002E
:10F0B000C80000001DA00108817901081DA00108F9
:10F0C000682802086C28020835000000B00400001F
:10F0D000597C0108857C01081DA0010868280208E8
:10F0E0006C28020836000000F4010000E9790108EC
:10F0F000157A01081DA00108682802086C2802087A
:10F1000037000000F4010000DD8201080D830108D2
:10F110001DA00108642802086C28020838000000BD
:10F12000F4010000E1800108118101081DA001081F
:10F13000642802086C28020839000000F40100006D
:10F14000457D0108757D01081DA00108642802089D
:10F150006C2802083A000000F4010000557E010806
:10F16000857E01081DA00108642802086C28020899
:10F170003B000000F40100002D7F01085D7F0108C5
:10F180001DA00108642802086C2802083C00000049
:10F19000F401000009800108398001081DA0010860
:10F1A000682802086C2802083D000000E8030000FF
:10F1B000B9810108E98101081DA001086828020839
:10F1C0006C2802083E000000F4010000C17A01082A
:10F1D000CD7A01081DA00108682802086C280208E1
:10F1E0003F000000F4010000ED7B01084D7C0108A8
:10F1F0001DA00108682802086C28020840000000D1
:10F20000F401000015790108757901081DA00108B5
:10F2100000000000000000004100000000000000AD
:10F220001D8401081DA001081DA00108482802082E
:10F230006C28020842000000DC050000B5880108C7
:10F24000E18801081DA00108642802086C28020852
:10F2500043000000E8030000218C0108618C0108D4
:10F260001DA00108682802086C280208440000005C
:10F27000E8030000B5870108E58701081DA0010823
:10F28000682802086C28020845000000E803000016
:10F29000858D0108B18D01081DA0010868280208AC
:10F2A0006C28020846000000E8030000AD89010850
:10F2B000D98901081DA00108682802086C280208E5
:10F2C00047000000F4010000F58B01081DA00108B3
:10F2D0002D8A0108682802086C28020848000000EE
:10F2E000A00F000049870108A98701081DA0010897
:10F2F00000000000000000004900000000000000C5
:10F30000158E01081DA001081DA00108682802082B
:10F310006C2802084A000000E80300007DAB0108E9
:10F32000A1AB01081DA00108682802086C2802088A
:10F330004B000000F4010000ADAA0108D1AA0108A9
:10F340001DA00108642802086C2802084C00000077
:10F350002C01000039AC01085DAC01081DA00108BA
:10F36000682802086C2802084D0000002C010000EB
:10F3700051AD010875AD01081DA001080000000095
:10F38000000000004E00000000000000C5AF0108B2
:10F390001DA001081DA00108682802080000000047
:10F3A000000000002C010000099701081DA00108C1
:10F3B0001DA00108682802086C280208010000004E
:10F3C0002C010000D59701081DA001081DA001080F
:10F3D000582802086C280208020000002C010000D6
:10F3E000819B0108D99B01081DA00108682802081B
:10F3F0006C280208040000002C0100001DA0010878
:10F400001DA001085D9D0108682802086C280208FB
:10F41000030000002C0100001DA001081DA0010830
:10F42000D59D0108682802086C2802080500000024
:10F43000F401000069A6010899A601085DA601086B
:10F44000682802086C280208060000002C01000051
:10F45000119D01081DA00108A99C01086828020847
:10F460006C28020807000000F40100002DA001082C
:10F470005DA0010821A00108682802086C28020884
:10F4800008000000F40100009D9F0108CD9F0108C5
:10F49000919F0108682802086C28020809000000F2
:10F4A000D00700008D9A0108459B01081DA00108A6
:10F4B000682802086C2802080A0000002C010000DD
:10F4C000359A01081DA001084D9901086828020815
:10F4D0006C2802080B0000002C010000F5980108C0
:10F4E0001DA001080D980108682802086C28020870
:10F4F0000C0000002C010000299C0108599C010807
:10F500001D9C0108682802086C2802080D000000F4
:10F510002C01000085A30108C9A301081DA0010852
:10F52000682802086C2802080E0000002C01000068
:10F530004D9E0108859E01081DA00108682802084B
:10F540006C2802080F0000002C0100001DA001081B
:10F550001DA00108E19E0108682802086C28020825
:10F56000100000002C01000069A901081DA001087D
:10F57000E1A80108682802086C28020811000000B0
:10F58000F401000019A7010849A701080DA7010807
:10F59000682802086C28020812000000F40100002C
:10F5A000EDA701081DA80108E1A7010868280208C5
:10F5B0006C28020813000000F4010000F1A5010806
:10F5C00021A60108E5A50108682802086C280208A0
:10F5D000140000002C010000EDA2010831A3010875
:10F5E0001DA00108682802086C2802081500000008
:10F5F000D007000059A8010891A801081DA0010822
:10F60000682802086C28020816000000D0070000D5
:10F6100031A2010869A20108A9A00108682802080E
:10F620006C28020817000000E803000021A501086B
:10F630001DA0010801A40108682802086C2802081E
:10F6400018000000F401000079A50108A9A501082F
:10F650001DA00108682802086C2802081900000093
:10F66000F4010000A9700108E97001089D7001080B
:10F67000682802086C2802081A000000F401000043
:10F68000B9710108F9710108AD7101086828020813
:10F690006C2802081B000000F40100003171010811
:10F6A0007171010825710108682802086C28020898
:10F6B0001C000000F4010000C1720108ED72010895
:10F6C000B5720108682802086C2802081D000000B5
:10F6D000F4010000617301088D730108557301087E
:10F6E000682802086C2802081E000000F4010000CF
:10F6F000017401082D740108F573010868280208D7
:10F700006C2802081F000000F4010000A174010829
:10F71000CD74010895740108682802086C28020855
:10F7200020000000F4010000417501086D7501081A
:10F7300035750108642802086C28020821000000C1
:10F74000F401000001770108317701081DA00108CC
:10F75000682802086C28020822000000E803000064
:10F760008D770108BD7701081DA0010868280208EF
:10F770006C28020823000000F4010000D57601087F
:10F780001DA00108D5750108682802086C28020828
:10F7900024000000F40100002970010869700108CC
:10F7A0001D7001080000000000000000250000009E
:10F7B000000000009D7801081DA001081DA001089F
:10F7C000482802086C28020826000000DC0500001A
:10F7D000E98F0108159001081DA00108642802089E
:10F7E0006C28020827000000E80300005994010873
:10F7F000859401081DA00108682802086C280208E9
:10F8000028000000E8030000E98E0108198F0108B4
:10F810001DA00108682802086C28020829000000C1
:10F82000E80300000D960108399601081DA00108A3
:10F83000682802086C2802082A000000E80300007B
:10F8400065910108919101081DA00108682802082E
:10F850006C2802082B000000F40100002D94010820
:10F860001DA0010801920108682802086C280208FE
:10F870002C000000F40100007D8E0108DD8E0108DF
:10F880001DA0010800000000000000002D00000085
:10F8900000000000A19601081DA001081DA001089C
:10F8A000682802086C2802082E0000002C010000C5
:10F8B000118601083D8601081DA00108682802087C
:10F8C0006C2802082F0000002C010000B1860108FE
:10F8D000DD8601081DA00108682802086C280208BE
:10F8E000300000002C01000095850108C185010849
:10F8F0001DA00108682802086C28020831000000D9
:10F900002C010000716E01089D6E01081DA0010808
:10F91000682802086C280208320000002C01000050
:10F92000FD6E0108296F01081DA001086828020862
:10F930006C280208330000002C0100008D6F0108C4
:10F94000B96F01081DA00108682802086C28020888
:10F9500034000000C80000001DA0010881790108E2
:10F960001DA00108682802086C2802083500000064
:10F97000B0040000597C0108857C01081DA0010825
:10F98000682802086C28020836000000F401000014
:10F99000E9790108157A01081DA001086828020804
:10F9A0006C28020837000000F4010000DD82010825
:10F9B0000D8301081DA00108642802086C280208B4
:10F9C00038000000F4010000E18001081181010805
:10F9D0001DA00108642802086C28020839000000F4
:10F9E000F4010000457D0108757D01081DA0010896
:10F9F000642802086C2802083A000000F4010000A4
:10FA0000557E0108857E01081DA0010864280208B2
:10FA10006C2802083B000000F40100002D7F010863
:10FA20005D7F01081DA00108642802086C280208F7
:10FA30003C000000F4010000098001083980010841
:10FA40001DA00108682802086C2802083D0000007B
:10FA5000E8030000B9810108E98101081DA001083F
:10FA6000682802086C2802083E000000F40100002B
:10FA7000C17A0108CD7A01081DA001086828020892
:10FA80006C2802083F000000F4010000ED7B010833
:10FA90004D7C01081DA00108682802086C28020896
:10FAA00040000000F4010000157901087579010893
:10FAB0001DA001080000000000000000410000003F
:10FAC000000000001D8401081DA001081DA0010800
:10FAD000482802086C28020842000000DC050000EB
:10FAE000B5880108E18801081DA001086428020802
:10FAF0006C28020843000000E8030000218C010884
:10FB0000618C01081DA00108682802086C28020801
:10FB100044000000E8030000B5870108E5870108FC
:10FB20001DA00108682802086C2802084500000092
:10FB3000E8030000858D0108B18D01081DA00108B2
:10FB4000682802086C28020846000000E80300004C
:10FB5000AD890108D98901081DA00108682802089B
:10FB60006C28020847000000F4010000F58B010832
:10FB70001DA001082D8A0108682802086C280208C7
:10FB800048000000A00F000049870108A98701086C
:10FB90001DA0010800000000000000004900000056
:10FBA00000000000158E01081DA001081DA001081D
:10FBB000682802086C2802084A000000E8030000D8
:10FBC0007DAB0108A1AB01081DA00108682802084F
:10FBD0006C2802084B000000F4010000ADAA0108E7
:10FBE000D1AA01081DA00108642802086C28020897
:10FBF0004C0000002C01000039AC01085DAC01088C
:10FC00001DA00108682802086C2802084D000000A9
:10FC10002C01000051AD010875AD01081DA00108BF
:10FC200000000000000000004E0000000000000086
:10FC3000C5AF01081DA001081DA001086828020821
:10FC400000000000000000002C01000009970108DE
:10FC50001DA001081DA00108682802086C280208E0
:10FC6000010000002C010000D59701081DA001082B
:10FC70001DA00108582802086C2802080200000094
:10FC80002C010000819B0108D99B01081DA00108DF
:10FC9000682802086C280208040000002C010000FB
:10FCA0001DA001081DA001085D9D0108682802082B
:10FCB0006C280208030000002C0100001DA00108B0
:10FCC0001DA00108D59D0108682802086C280208BB
:10FCD00005000000F401000069A6010899A60108CA
:10FCE0005DA60108682802086C28020806000000CA
:10FCF0002C010000119D01081DA00108A99C01080C
:10FD0000682802086C28020807000000F4010000BF
:10FD10002DA001085DA0010821A0010868280208A3
:10FD20006C28020808000000F40100009D9F0108F3
:10FD3000CD9F0108919F0108682802086C280208DD
:10FD400009000000D00700008D9A0108459B0108BA
:10FD50001DA00108682802086C2802080A0000009B
:10FD60002C010000359A01081DA001084D990108D9
:10FD7000682802086C2802080B0000002C01000013
:10FD8000F59801081DA001080D98010868280208CF
:10FD90006C2802080C0000002C010000299C0108BE
:10FDA000599C01081D9C0108682802086C2802085B
:10FDB0000D0000002C01000085A30108C9A3010863
:10FDC0001DA00108682802086C2802080E00000027
:10FDD0002C0100004D9E0108859E01081DA0010810
:10FDE000682802086C2802080F0000002C0100009F
:10FDF0001DA001081DA00108E19E01086828020855
:10FE00006C280208100000002C01000069A90108FC
:10FE10001DA00108E1A80108682802086C28020852
:10FE200011000000F401000019A7010849A701080A
:10FE30000DA70108682802086C28020812000000BB
:10FE4000F4010000EDA701081DA80108E1A70108C1
:10FE5000682802086C28020813000000F401000062
:10FE6000F1A5010821A60108E5A5010868280208F6
:10FE70006C280208140000002C010000EDA201080B
:10FE800031A301081DA00108682802086C28020897
:10FE900015000000D007000059A8010891A801082A
:10FEA0001DA00108682802086C280208160000003E
:10FEB000D007000031A2010869A20108A9A0010829
:10FEC000682802086C28020817000000E8030000F8
:10FED00021A501081DA0010801A401086828020845
:10FEE0006C28020818000000F401000079A5010840
:10FEF000A9A501081DA00108682802086C280208AD
:10FF000019000000F4010000A9700108E97001085F
:10FF10009D700108682802086C2802081A00000079
:10FF2000F4010000B9710108F9710108AD7101080F
:10FF3000682802086C2802081B000000F401000079
:10FF400031710108717101082571010868280208E2
:10FF50006C2802081C000000F4010000C1720108B6
:10FF6000ED720108B5720108682802086C280208C1
:10FF70001D000000F4010000617301088D73010889
:10FF800055730108682802086C2802081E0000004A
:10FF9000F4010000017401082D740108F5730108D3
:10FFA000682802086C2802081F000000F401000005
:10FFB000A1740108CD74010895740108682802082D
:10FFC0006C28020820000000F401000041750108BF
:10FFD0006D75010835750108642802086C2802084F
:10FFE00021000000F40100000177010831770108C9
:10FFF0001DA00108682802086C28020822000000E1
:020000040802F0
:10000000E80300008D770108BD7701081DA00108F5
:10001000682802086C28020823000000F401000090
:10002000D57601081DA00108D575010868280208C9
:100030006C28020824000000F40100002970010867
:10004000697001081D700108000000000000000038
:1000500025000000000000009D7801081DA0010897
:100060001DA00108482802086C280208260000008C
:10007000DC050000E98F0108159001081DA00108AA
:10008000642802086C28020827000000E80300002A
:1000900059940108859401081DA0010868280208E8
:1000A0006C28020828000000E8030000E98E01081F
:1000B000198F01081DA00108682802086C28020891
:1000C00029000000E80300000D9601083996010898
:1000D0001DA00108682802086C2802082A000000F8
:1000E000E803000065910108919101081DA0010835
:1000F000682802086C2802082B000000F4010000A8
:100100002D9401081DA00108019201086828020829
:100110006C2802082C000000F40100007D8E01080C
:10012000DD8E01081DA00108000000000000000095
:100130002D00000000000000A19601081DA001088C
:100140001DA00108682802086C2802082E00000083
:100150002C010000118601083D8601081DA0010840
:10016000682802086C2802082F0000002C010000FB
:10017000B1860108DD8601081DA001086828020873
:100180006C280208300000002C0100009585010851
:10019000C18501081DA00108682802086C28020812
:1001A000310000002C010000716E01089D6E0108F5
:1001B0001DA00108682802086C280208320000000F
:1001C0002C010000FD6E0108296F01081DA0010827
:1001D000682802086C280208330000002C01000087
:1001E0008D6F0108B96F01081DA001086828020879
:1001F0006C28020834000000C80000001DA001089F
:10020000817901081DA00108682802086C280208ED
:1002100035000000B0040000597C0108857C01080D
:100220001DA00108682802086C280208360000009A
:10023000F4010000E9790108157A01081DA0010800
:10024000682802086C28020837000000F40100004A
:10025000DD8201080D8301081DA001086428020841
:100260006C28020838000000F4010000E180010859
:10027000118101081DA00108642802086C280208E9
:1002800039000000F4010000457D0108757D01087A
:100290001DA00108642802086C2802083A0000002A
:1002A000F4010000557E0108857E01081DA00108AB
:1002B000642802086C2802083B000000F4010000DA
:1002C0002D7F01085D7F01081DA001086428020838
:1002D0006C2802083C000000F401000009800108BD
:1002E000398001081DA00108682802086C2802084E
:1002F0003D000000E8030000B9810108E981010820
:100300001DA00108682802086C2802083E000000B1
:10031000F4010000C17A0108CD7A01081DA001088E
:10032000682802086C2802083F000000F401000061
:10033000ED7B01084D7C01081DA00108682802081A
:100340006C28020840000000F40100001579010843
:10035000757901081DA001080000000000000000E0
:1003600041000000000000001D8401081DA00108DC
:100370001DA00108482802086C280208420000005D
:10038000DC050000B5880108E18801081DA001080E
:10039000642802086C28020843000000E8030000FB
:1003A000218C0108618C01081DA001086828020841
:1003B0006C28020844000000E8030000B58701082B
:1003C000E58701081DA00108682802086C280208BA
:1003D00045000000E8030000858D0108B18D01088B
:1003E0001DA00108682802086C28020846000000C9
:1003F000E8030000AD890108D98901081DA00108A2
:10040000682802086C28020847000000F401000078
:10041000F58B01081DA001082D8A01086828020833
:100420006C28020848000000A00F0000498701085E
:10043000A98701081DA001080000000000000000BD
:100440004900000000000000158E01081DA00108F1
:100450001DA00108682802086C2802084A00000054
:10046000E80300007DAB0108A1AB01081DA0010855
:10047000682802086C2802084B000000F401000004
:10048000ADAA0108D1AA01081DA00108642802082C
:100490006C2802084C0000002C01000039AC010857
:1004A0005DAC01081DA00108682802086C2802083C
:1004B0004D0000002C01000051AD010875AD010890
:1004C0001DA0010800000000000000004E00000018
:1004D00000000000C5AF01081DA001081DA0010813
:1004E0006828020800000000000000002C01000045
:1004F000099701081DA001081DA00108682802082D
:100500006C280208010000002C010000D5970108AA
:100510001DA001081DA00108582802086C28020827
:10052000020000002C010000819B0108D99B0108FA
:100530001DA00108682802086C28020804000000B9
:100540002C0100001DA001081DA001085D9D0108EF
:10055000682802086C280208030000002C01000033
:100560001DA001081DA00108D59D010868280208EA
:100570006C28020805000000F401000069A60108CB
:1005800099A601085DA60108682802086C280208DF
:10059000060000002C010000119D01081DA00108AB
:1005A000A99C0108682802086C28020807000000BE
:1005B000F40100002DA001085DA0010821A00108A0
:1005C000682802086C28020808000000F4010000F6
:1005D0009D9F0108CD9F0108919F0108682802088E
:1005E0006C28020809000000D00700008D9A01085D
:1005F000459B01081DA00108682802086C28020814
:100600000A0000002C010000359A01081DA0010815
:100610004D990108682802086C2802080B000000A8
:100620002C010000F59801081DA001080D98010893
:10063000682802086C2802080C0000002C01000049
:10064000299C0108599C01081D9C01086828020882
:100650006C2802080D0000002C01000085A3010891
:10066000C9A301081DA00108682802086C28020817
:100670000E0000002C0100004D9E0108859E01081F
:100680001DA00108682802086C2802080F0000005D
:100690002C0100001DA001081DA00108E19E010819
:1006A000682802086C280208100000002C010000D5
:1006B00069A901081DA00108E1A80108682802082D
:1006C0006C28020811000000F401000019A70108BD
:1006D00049A701080DA70108682802086C2802082C
:1006E00012000000F4010000EDA701081DA8010898
:1006F000E1A70108682802086C280208130000001E
:10070000F4010000F1A5010821A60108E5A50108F2
:10071000682802086C280208140000002C01000060
:10072000EDA2010831A301081DA0010868280208F4
:100730006C28020815000000D007000059A8010825
:1007400091A801081DA00108682802086C28020869
:1007500016000000D007000031A2010869A20108BC
:10076000A9A00108682802086C28020817000000E8
:10077000E803000021A501081DA0010801A401084B
:10078000682802086C28020818000000F401000024
:1007900079A50108A9A501081DA00108682802087B
:1007A0006C28020819000000F4010000A97001087B
:1007B000E97001089D700108682802086C28020889
:1007C0001A000000F4010000B9710108F971010874
:1007D000AD710108682802086C2802081B0000009F
:1007E000F4010000317101087171010825710108DF
:1007F000682802086C2802081C000000F4010000B0
:10080000C1720108ED720108B5720108682802087A
:100810006C2802081D000000F4010000617301084B
:100820008D73010855730108682802086C280208B6
:100830001E000000F4010000017401082D7401087D
:10084000F5730108682802086C2802081F000000E0
:10085000F4010000A1740108CD7401089574010829
:10086000682802086C28020820000000F40100003B
:10087000417501086D750108357501086428020885
:100880006C28020821000000F40100000177010833
:10089000317701081DA00108682802086C280208A9
:1008A00022000000E80300008D770108BD770108F1
:1008B0001DA00108682802086C2802082300000017
:1008C000F4010000D57601081DA00108D5750108C6
:1008D000682802086C28020824000000F4010000C7
:1008E00029700108697001081D70010800000000EE
:1008F0000000000025000000000000009D780108B5
:100900001DA001081DA00108482802086C28020843
:1009100026000000DC050000E98F010815900108A1
:100920001DA00108642802086C28020827000000A6
:10093000E803000059940108859401081DA00108EE
:10094000682802086C28020828000000E80300005C
:10095000E98E0108198F01081DA001086828020806
:100960006C28020829000000E80300000D96010829
:10097000399601081DA00108682802086C280208A1
:100980002A000000E8030000659101089191010828
:100990001DA00108682802086C2802082B0000002E
:1009A000F40100002D9401081DA001080192010826
:1009B000682802086C2802082C000000F4010000DE
:1009C0007D8E0108DD8E01081DA0010800000000D9
:1009D000000000002D00000000000000A1960108AA
:1009E0001DA001081DA00108682802086C28020843
:1009F0002E0000002C010000118601083D86010830
:100A00001DA00108682802086C2802082F000000B9
:100A10002C010000B1860108DD8601081DA0010837
:100A2000682802086C280208300000002C01000031
:100A300095850108C18501081DA0010868280208E4
:100A40006C280208310000002C010000716E0108C2
:100A50009D6E01081DA00108682802086C28020884
:100A6000320000002C010000FD6E0108296F010812
:100A70001DA00108682802086C2802083300000045
:100A80002C0100008D6F0108B96F01081DA001083D
:100A9000682802086C28020834000000C800000022
:100AA0001DA00108817901081DA00108682802081D
:100AB0006C28020835000000B0040000597C0108D1
:100AC000857C01081DA00108682802086C2802081E
:100AD00036000000F4010000E9790108157A0108E8
:100AE0001DA00108682802086C28020837000000D1
:100AF000F4010000DD8201080D8301081DA001083A
:100B0000642802086C28020838000000F401000084
:100B1000E1800108118101081DA001086428020874
:100B20006C28020839000000F4010000457D01082E
:100B3000757D01081DA00108642802086C280208C0
:100B40003A000000F4010000557E0108857E01088E
:100B50001DA00108642802086C2802083B00000060
:100B6000F40100002D7F01085D7F01081DA0010830
:100B7000642802086C2802083C000000F401000010
:100B800009800108398001081DA0010868280208B1
:100B90006C2802083D000000E8030000B98101084C
:100BA000E98101081DA00108682802086C280208D4
:100BB0003E000000F4010000C17A0108CD7A01086E
:100BC0001DA00108682802086C2802083F000000E8
:100BD000F4010000ED7B01084D7C01081DA0010817
:100BE000682802086C28020840000000F401000098
:100BF00015790108757901081DA0010800000000A1
:100C00000000000041000000000000001D840108F9
:100C10001DA001081DA00108482802086C28020830
:100C200042000000DC050000B5880108E1880108E9
:100C30001DA00108642802086C2802084300000077
:100C4000E8030000218C0108618C01081DA0010847
:100C5000682802086C28020844000000E80300002D
:100C6000B5870108E58701081DA00108682802086A
:100C70006C28020845000000E8030000858D01088B
:100C8000B18D01081DA00108682802086C2802081F
:100C900046000000E8030000AD890108D989010879
:100CA0001DA00108682802086C28020847000000FF
:100CB000F4010000F58B01081DA001082D8A010830
:100CC000682802086C28020848000000A00F0000F5
:100CD00049870108A98701081DA00108000000003C
:100CE000000000004900000000000000158E01080F
:100CF0001DA001081DA00108682802086C28020830
:100D00004A000000E80300007DAB0108A1AB010828
:100D10001DA00108682802086C2802084B0000008A
:100D2000F4010000ADAA0108D1AA01081DA0010824
:100D3000642802086C2802084C0000002C01000006
:100D400039AC01085DAC01081DA001086828020843
:100D50006C2802084D0000002C01000051AD010874
:100D600075AD01081DA00108000000000000000092
:100D70004E00000000000000C5AF01081DA00108E2
:100D80001DA0010868280208000000000000000003
:100D90002C010000099701081DA001081DA00108F1
:100DA000682802086C280208010000002C010000DD
:100DB000D59701081DA001081DA0010858280208A8
:100DC0006C280208020000002C010000819B010831
:100DD000D99B01081DA00108682802086C28020898
:100DE000040000002C0100001DA001081DA0010846
:100DF0005D9D0108682802086C28020803000000B5
:100E00002C0100001DA001081DA00108D59D0108AE
:100E1000682802086C28020805000000F4010000A0
:100E200069A6010899A601085DA6010868280208BC
:100E30006C280208060000002C010000119D01082A
:100E40001DA00108A99C0108682802086C28020856
:100E500007000000F40100002DA001085DA00108BA
:100E600021A00108682802086C2802080800000078
:100E7000F40100009D9F0108CD9F0108919F01088A
:100E8000682802086C28020809000000D00700004A
:100E90008D9A0108459B01081DA0010868280208D9
:100EA0006C2802080A0000002C010000359A010895
:100EB0001DA001084D990108682802086C28020845
:100EC0000B0000002C010000F59801081DA001088E
:100ED0000D980108682802086C2802080C00000020
:100EE0002C010000299C0108599C01081D9C010847
:100EF000682802086C2802080D0000002C01000080
:100F000085A30108C9A301081DA0010868280208DB
:100F10006C2802080E0000002C0100004D9E010804
:100F2000859E01081DA00108682802086C28020897
:100F30000F0000002C0100001DA001081DA00108E9
:100F4000E19E0108682802086C28020810000000D1
:100F50002C01000069A901081DA00108E1A80108F1
:100F6000682802086C28020811000000F401000043
:100F700019A7010849A701080DA701086828020858
:100F80006C28020812000000F4010000EDA701081F
:100F90001DA80108E1A70108682802086C280208BA
:100FA00013000000F4010000F1A5010821A60108CA
:100FB000E5A50108682802086C2802081400000052
:100FC0002C010000EDA2010831A301081DA00108B9
:100FD000682802086C28020815000000D0070000ED
:100FE00059A8010891A801081DA001086828020855
:100FF0006C28020816000000D007000031A201088A
:1010000069A20108A9A00108682802086C28020842
:1010100017000000E803000021A501081DA0010839
:1010200001A40108682802086C28020818000000C2
:10103000F401000079A50108A9A501081DA0010877
:10104000682802086C28020819000000F40100005A
:10105000A9700108E97001089D700108682802085C
:101060006C2802081A000000F4010000B9710108A0
:10107000F9710108AD710108682802086C2802089E
:101080001B000000F40100003171010871710108BA
:1010900025710108682802086C2802081C0000005D
:1010A000F4010000C1720108ED720108B572010877
:1010B000682802086C2802081D000000F4010000E6
:1010C000617301088D7301085573010868280208CF
:1010D0006C2802081E000000F401000001740108E1
:1010E0002D740108F5730108682802086C280208AD
:1010F0001F000000F4010000A1740108CD74010874
:1011000095740108682802086C2802082000000075
:10111000F4010000417501086D750108357501087D
:10112000642802086C28020821000000F401000075
:1011300001770108317701081DA00108682802081D
:101140006C28020822000000E80300008D770108E7
:10115000BD7701081DA00108682802086C28020854
:1011600023000000F4010000D57601081DA001084D
:10117000D5750108682802086C28020824000000C0
:10118000F401000029700108697001081D70010850
:10119000000000000000000025000000000000002A
:1011A0009D7801081DA001081DA00108482802081B
:1011B0006C28020826000000DC050000E98F010809
:1011C000159001081DA00108642802086C28020877
:1011D00027000000E80300005994010885940108E5
:1011E0001DA00108682802086C28020828000000D9
:1011F000E8030000E98E0108198F01081DA001080D
:10120000682802086C28020829000000E803000092
:101210000D960108399601081DA0010868280208EA
:101220006C2802082A000000E8030000659101080C
:10123000919101081DA00108682802086C28020885
:101240002B000000F40100002D9401081DA00108EE
:1012500001920108682802086C2802082C0000008E
:10126000F40100007D8E0108DD8E01081DA001083B
:1012700000000000000000002D0000000000000041
:10128000A19601081DA001081DA0010868280208F8
:101290006C2802082E0000002C01000011860108B5
:1012A0003D8601081DA00108682802086C28020874
:1012B0002F0000002C010000B1860108DD86010826
:1012C0001DA00108682802086C28020830000000F0
:1012D0002C01000095850108C18501081DA00108A9
:1012E000682802086C280208310000002C01000068
:1012F000716E01089D6E01081DA001086828020892
:101300006C280208320000002C010000FD6E01086C
:10131000296F01081DA00108682802086C2802082E
:10132000330000002C0100008D6F0108B96F010827
:101330001DA00108682802086C280208340000007B
:10134000C80000001DA00108817901081DA0010846
:10135000682802086C28020835000000B00400006C
:10136000597C0108857C01081DA001086828020835
:101370006C28020836000000F4010000E979010839
:10138000157A01081DA00108682802086C280208C7
:1013900037000000F4010000DD8201080D83010820
:1013A0001DA00108642802086C280208380000000B
:1013B000F4010000E1800108118101081DA001086D
:1013C000642802086C28020839000000F4010000BB
:1013D000457D0108757D01081DA0010864280208EB
:1013E0006C2802083A000000F4010000557E010854
:1013F000857E01081DA00108642802086C280208E7
:101400003B000000F40100002D7F01085D7F010812
:101410001DA00108642802086C2802083C00000096
:10142000F401000009800108398001081DA00108AD
:10143000682802086C2802083D000000E80300004C
:10144000B9810108E98101081DA001086828020886
:101450006C2802083E000000F4010000C17A010877
:10146000CD7A01081DA00108682802086C2802082E
:101470003F000000F4010000ED7B01084D7C0108F5
:101480001DA00108682802086C280208400000001E
:10149000F401000015790108757901081DA0010803
:1014A00000000000000000004100000000000000FB
:1014B0001D8401081DA001081DA00108482802087C
:1014C0006C28020842000000DC050000B588010815
:1014D000E18801081DA00108642802086C280208A0
:1014E00043000000E8030000218C0108618C010822
:1014F0001DA00108682802086C28020844000000AA
:10150000E8030000B5870108E58701081DA0010870
:10151000682802086C28020845000000E803000063
:10152000858D0108B18D01081DA0010868280208F9
:101530006C28020846000000E8030000AD8901089D
:10154000D98901081DA00108682802086C28020832
:1015500047000000F4010000F58B01081DA0010800
:101560002D8A0108682802086C280208480000003B
:10157000A00F000049870108A98701081DA00108E4
:101580000000000000000000490000000000000012
:10159000158E01081DA001081DA001086828020879
:1015A0006C2802084A000000E80300007DAB010837
:1015B000A1AB01081DA00108682802086C280208D8
:1015C0004B000000F4010000ADAA0108D1AA0108F7
:1015D0001DA00108642802086C2802084C000000C5
:1015E0002C01000039AC01085DAC01081DA0010808
:1015F000682802086C2802084D0000002C01000039
:1016000051AD010875AD01081DA0010800000000E2
:10161000000000004E00000000000000C5AF0108FF
:101620001DA001081DA0010800000000000000002E
:101630000102030406070809030406080C10182019
:101640003000000000010203040000000000000060
:1016500004FA97999999D93FAF788E1DC571CC3FFF
:101660009FC678D0099AC33F935555555555E53FC8
:10167000599322942449D23FDE03CB966446C73F58
:1016800044523EDF12F1C23F0040404040404040E3
:101690004040414141414140404040404040404045
:1016A00040404040404040404005020202020202E9
:1016B0000202020202020202022020202020202038
:1016C000202020020202020202029090909090904C
:1016D000101010101010101010101010101010100A
:1016E000101010100202020202028888888888887E
:1016F000080808080808080808080808080808086A
:1017000008080808020202024000000089160208C8
:101710001F1C1F1E1F1E1F1F1E1F1E1F000000005C
:1017200000000000000000001F1D1F1E1F1E1F1FC5
:101730001E1F1E1F0D0A4F4B0D0A00000D0A4552B9
:10174000524F520D0A0000000D0A41545F504152A1
:10175000414D5F4552524F520D0A00000D0A41544F
:101760005F52585F4552524F520D0A000D0A4154C4
:101770005F425553595F4552524F520D0A000000C7
:101780000D0A41545F544553545F504152414D5FDF
:101790004F564552464C4F570D0A00005B25755D6C
:1017A0000D0A41542B3C434D443E3F202020202035
:1017B0002020203A2048656C70206F6E203C434DFD
:1017C000443E0D0A41542B3C434D443E20202020F2
:1017D00020202020203A2052756E203C434D443E6C
:1017E0000D0A41542B3C434D443E3D3C76616C75A3
:1017F000653E203A20536574207468652076616CDC
:1018000075650D0A41542B3C434D443E3D3F20201D
:1018100020202020203A20476574207468652076B7
:10182000616C75650D0A0D0A0000000041544154B9
:101830002B504C4454413A205072696E74207468A5
:1018400065206C61737420666577207365747320FE
:101850006F6620646174610D0A00000041544154B8
:101860002B504454413A205072696E74207468655C
:1018700020736563746F7220646174612066726F97
:101880006D207374617274207061676520746F20BD
:1018900073746F7020706167650D0A004154415484
:1018A0002B434C524454413A20436C65617220747E
:1018B00068652073746F726167652C207265636F51
:1018C000726420706F736974696F6E206261636BFC
:1018D00020746F203173740D0A00000041542B55A1
:1018E00050475241444520203A204F5441207570C2
:1018F00067726164652E200041542B424B444E5365
:1019000020203A20476574206F722053657420644C
:10191000796E616D696320646F6D61696E206E61BF
:101920006D65207265736F6C7574696F6E204950B8
:101930002000000041542B47444E5320203A2047BA
:101940006574206F72205365742074686520444E5E
:101950005320000041542B544C534D4F4420203A07
:1019600020476574206F7220536574207468652069
:10197000544C53206D6F64652000000041542B438C
:10198000535154494D4520203A20476574206F72C9
:1019900020536574207468652074696D6520746FC8
:1019A000206A6F696E20746865206E6574776F7247
:1019B0006B20000041542B50524F20202020203A11
:1019C00020476574206F72205365742075736167BA
:1019D000652061677265656D656E742028313A43D4
:1019E0004F41502C323A5544502C333A4D515454B7
:1019F0002C343A544350290041542B494E544D4FF6
:101A00004420203A20476574206F7220536574206B
:101A1000746865207472696767657220696E7465A1
:101A20007272757074206D6F64652028303A696E2B
:101A30007075742C313A66616C6C696E67206F72D8
:101A400020726973696E672C323A66616C6C696EDC
:101A5000672C333A726973696E67290041542B55BC
:101A60005249313A20476574206F722073657420A3
:101A7000436F4150206F7074696F6E203100000019
:101A800041542B555249310041542B4644523100A8
:101A900041542B555249323A20476574206F7220C9
:101AA00073657420436F4150206F7074696F6E20AE
:101AB0003200000041542B555249320041542B55FD
:101AC0005249333A20476574206F72207365742041
:101AD000436F4150206F7074696F6E2033000000B7
:101AE00041542B555249330041542B555249343AF5
:101AF00020476574206F722073657420436F4150D6
:101B0000206F7074696F6E203400000041542B55B3
:101B10005249340041542B555249353A2047657497
:101B2000206F722073657420436F4150206F707472
:101B3000696F6E203500000041542B555249350025
:101B400041542B49505459504520203A2053657434
:101B5000207468652049507634206F722049507691
:101B60003600000041542B4C444154410000000019
:101B700041542B504C4454410000000041542B5020
:101B80004454410041542B434C5244544100000002
:101B900041542B544443000041542B4754444300C8
:101BA00041542B505542544F5049430041542B53FC
:101BB0005542544F5049430041542B524F4300006B
:101BC00041542B44455549202020203A2047657434
:101BD000206F72207365742074686520446576698F
:101BE000636520494400000041542B4F5441434C4D
:101BF0005420203A20476574206F7220536574206A
:101C0000746865204F5441204D51545420636C69D1
:101C1000656E74494400000041542B434C49454EC5
:101C20005420203A20476574206F72205365742039
:101C3000746865204D51545420636C69656E744915
:101C40004400000041542B5142414E44000000002A
:101C500041542B544C534D4F4400000041542B49E8
:101C60004E544D4F4400000041542B494F544D4FAA
:101C70004400000041542B434552544D4F44000052
:101C800041542B50574F52440000000041542B50F8
:101C90005744000041542B4F54415057440000001A
:101CA00041542B50524F42450000000041542B55E7
:101CB000504752414445000041542B4F5441544930
:101CC000544C450041542B554E414D4500000000F9
:101CD00041542B4F5441554E414D450041542B43E7
:101CE000535154494D45000041542B4950545950CB
:101CF0004500000041542B444F574E54450000000E
:101D000041542B47455453454E534F5256414C5521
:101D10004500000041542B434647000041542B44EA
:101D20004E5343464700000041542B434C4F434B16
:101D30004C4F470041542B4745544C4F470000003F
:101D400041542B44454255470000000041542B5359
:101D50004E49000041542B444555490041542B52F3
:101D600058444C0041542B4D4F44454C000000005A
:101D700041542B41504E20202020203A20476574AA
:101D8000206F7220736574207468652041504E0086
:101D900041542B41504E000041542B50524F0000F3
:101DA00041542B434450000041542B534C45455063
:101DB0000000000041542B54494D455354414D50AF
:101DC0000000000041542B4E5450000041542B534E
:101DD000455256414444520041542B46445200005F
:101DE00041542B4F544153455200000041542B4F56
:101DF000544156455200000041542B47444E530075
:101E000041542B424B444E530000000041542B4D93
:101E1000514F530041542B47505320203A205475C2
:101E2000726E206F666620616E64206F6E20475070
:101E30005300000041542B475053000041542B5194
:101E4000434F50530000000041542B474E5353540E
:101E500020203A20457874656E642074686520748B
:101E6000696D6520746F207475726E206F6E2047E7
:101E70004E53530041542B335633540041542B4995
:101E80004F544D4F443A20436F6E666967757265D3
:101E9000204E6574776F726B2043617465676F7253
:101EA0007920746F20626520536561726368656490
:101EB00020666F7220756E646572204C5445205206
:101EC0004154000041542B4F5441434C54000000F6
:101ED00041542B434C49454E5400000041542B5271
:101EE000454450540000000041542B474E53535476
:101EF0000000000041542B4D514F5320203A2053F5
:101F000065742074686520516F53206C6576656C2C
:101F1000206F66204D5154540000000041542B3175
:101F20003256540041542B355654000041545A2027
:101F3000202020202020203A205472696720612030
:101F40007265736574206F6620746865204D435513
:101F50000000000041542B515357000041545A00D7
:101F600041542B4C444154412020203A2047657471
:101F700020746865206C6173742075706C6F616487
:101F8000206461746100000041542B4344502020C0
:101F90002020203A2052656164206F7220436C65D6
:101FA000617220636163686564206461746100002C
:101FB00041542B52454450543A20476574206F7267
:101FC00020536574207468652066756E6374696F4C
:101FD0006E206F66207265636F6E6E656374696EE6
:101FE0006720746865206E6574776F726B20746FFC
:101FF0002073656E642064617461000041542B504D
:102000005542544F5049433A20476574206F72201F
:10201000736574204D515454207075626C697368F7
:10202000696E6720746F70696300000041542B5320
:102030005542544F5049433A20476574206F7220EF
:10204000736574204D5154542073756273637269C3
:102050007074696F6E20746F7069630041542B5106
:1020600042414E443A20476574206F722073657474
:10207000204672657175656E63792042616E6400F9
:1020800041542B54494D455354414D5020203A2042
:10209000476574206F722053657420554E4958204F
:1020A00074696D657374616D7020696E207365630A
:1020B0006F6E640041542B4F5441505744202020F0
:1020C00020203A20476574206F7220536574207475
:1020D0006865204F5441204D5154542070617373F2
:1020E000776F72640000000041542B505744202049
:1020F0002020203A20476574206F72205365742099
:10210000746865204D5154542070617373776F72F9
:102110006400000041542B50574F52442020203A75
:1021200020476574206F7220736574207468652081
:1021300053797374656D2070617373776F72640087
:1021400041542B51434F50533A20476574206F72CE
:1021500020736574206F70657261746F7220636F95
:102160006465000041542B434552544D4F443A207E
:10217000456E746572206365727469666963617423
:1021800065206D6F6465000041542B4F54415449E4
:10219000544C453A20476574206F72207365742053
:1021A0004F5441206669726D77617265207469745D
:1021B0006C65000041542B51535720203A20506F3A
:1021C000776572206F6E20616E6420706F77657224
:1021D000206F66662042473935206D6F64756C65E7
:1021E0000000000041542B4F5441554E414D4520B5
:1021F00020203A20476574206F7220536574207444
:102200006865204F5441204D5154542055736572D8
:102210006E616D650000000041542B554E414D45E7
:102220002020203A20476574206F72205365742067
:10223000746865204D51545420557365726E616DFC
:102240006500000041542B5258444C202020203A75
:1022500020476574206F7220536574207468652070
:10226000726563656976696E672074696D650000E3
:1022700041542B534E4920203A20456E61626C65D3
:10228000206F722064697361626C65205365727699
:102290006572204E616D6520496E64696361746981
:1022A0006F6E2066656174757265000041542B4342
:1022B0004C4F434B4C4F473A20456E61626C652052
:1022C0006F722044697361626C6520436C6F636B4D
:1022D000204C6F6767696E670000000041542B4710
:1022E00054444320202020203A20476574206F72F8
:1022F000207365742047505320706F736974696F41
:102300006E696E6720696E74657276616C20696EA5
:1023100020756E697473206F6620680041542B50DD
:10232000524F424520202020203A20476574206FDC
:102330007220536574207468652070726F62652026
:102340006D6F64656C00000041542B524F43202098
:102350003A20476574206F72207365742074687228
:102360006573686F6C6420616C61726D00000000C1
:1023700041542B4F54415645523A20476574206FC3
:102380007220736574204F5441206669726D7761C5
:1023900072652076657273696F6E000041542B4D33
:1023A0004F44454C2020203A20476574206D6F64CF
:1023B000756C6520696E666F726D6174696F6E0011
:1023C00041542B4E54503A20476574206F7220734D
:1023D0006574204E5450205365727665720000007B
:1023E00041542B444E5343464720203A20476574BE
:1023F000206F722053657420444E532053657276CB
:102400006572000041542B33563354202020202085
:102410003A20476574206F72205365742065787484
:10242000656E64207468652074696D65206F662030
:1024300033563320706F77657200000041542B31A2
:1024400032565420202020203A20476574206F7295
:102450002053657420657874656E64207468652007
:1024600074696D65206F662031325620706F776514
:102470007200000041542B35565420202020203A71
:1024800020476574206F72205365742065787465E9
:102490006E64207468652074696D65206F662035F0
:1024A0005620706F7765720041542B5444432020AE
:1024B0002020203A20476574206F722073657420B5
:1024C000746865206170706C69636174696F6E20F7
:1024D00064617461207472616E736D697373696F86
:1024E0006E20696E74657276616C20696E2073006F
:1024F00041542B4644523120202020203A2052655E
:1025000073657420706172616D6574657273207497
:102510006F20666163746F72792064656661756CA3
:10252000742076616C7565732065786365707420BE
:10253000666F722070617373776F7264730000004E
:1025400041542B43464720202020203A20507269D6
:102550006E7420616C6C2073657474696E677300AF
:1025600041542B4745544C4F4720203A2050726924
:102570006E742073657269616C20706F7274206C68
:102580006F67730041542B444F574E54453A2047D0
:102590006574206F72207365742074686520636FA2
:1025A0006E76657273696F6E206265747765656EAD
:1025B00020746865207374616E646172642076654E
:1025C0007273696F6E20616E64203154207665727B
:1025D00073696F6E20646F776E6C696E6B73000049
:1025E00041542B4F54415345523A20476574206F54
:1025F000722053657420746865204F5441205365E0
:102600007276657220616464726573730000000005
:1026100041542B53455256414444523A2047657425
:10262000206F72205365742074686520536572763C
:1026300065722061646472657373000041542B53AA
:102640004C454550202020203A20476574206F7269
:10265000207365742074686520736C6565702073E1
:10266000746174757300000041542B46445220205D
:102670002020203A20526573657420506172616D8C
:10268000657465727320746F20466163746F72792C
:102690002044656661756C740000000041542B474E
:1026A000455453454E534F5256414C5545202020DA
:1026B00020203A2052657475726E7320746865200C
:1026C00063757272656E742073656E736F72206DC0
:1026D0006561737572656D656E74000041542B44BD
:1026E00045425547202020203A20536574206D6FC5
:1026F000726520696E666F206F7574707574000066
:102700000D0A44524147494E4F2050532D43422019
:1027100053656E736F724D616E75616C0D0A496D14
:102720006167652056657273696F6E3A2076312E47
:10273000322E310D0A4E422D496F5420537461637D
:102740006B203A20442D424739352D3030340D0A64
:1027500050726F746F636F6C20696E20557365647F
:102760003A2000005B25755D436F6E666967757280
:1027700065204E6574776F726B2043617465676F77
:10278000727920746F206265205365617263686599
:102790006420666F7220756E646572204C5445200B
:1027A0005241542E0D0A000075706C6F6164696EA1
:1027B000672031303025252C746865206465766982
:1027C00063652077696C6C20646973636F6E6E65F6
:1027D0006374204D51545420736572766572206184
:1027E0006E6420706F776572206F6666204E42209F
:1027F0006D6F64756C650D0A000000005B25755DEA
:102800005365742074686520436F4150206D657373
:102810007361676520494420746F2031323334205E
:10282000616E64206175746F6D61746963616C6C55
:10283000792067656E6572617465206120746F6BC5
:10284000656E0D0A000000002B51494F50454E3A6D
:1028500020302C30000000002B43474154543A20D4
:10286000310000003E0000004F4B00004552524F27
:10287000520000007B22494D4549223A222573220D
:102880002C22494D5349223A222573222C224D6F86
:1028900064656C223A222573222C226964635F6985
:1028A0006E707574223A252E33662C227664635F2F
:1028B000696E707574223A252E33662C2270726F01
:1028C00062655F6D6F64656C223A22253034782230
:1028D0002C22646966666572656E7469616C5F70EE
:1028E000726573737572655F5061223A252E326688
:1028F0002C22696E74657272757074223A25642C8C
:1029000022696E746572727570745F6C6576656C41
:10291000223A25642C2262617474657279223A2508
:102920002E33662C227369676E616C223A25642C03
:10293000226964635F616C61726D223A22257322A1
:102940002C227664635F616C61726D223A2225737A
:10295000222C2274696D65223A2225642D2530329D
:10296000642D2530326454253032643A2530326487
:102970003A253032645A222C226C61746974756471
:1029800065223A25662C226C6F6E676974756465E2
:10299000223A25662C226770735F74696D65223A4E
:1029A0002225642D253032642D25303264542530A3
:1029B00032643A253032643A253032645A220000BB
:1029C0007B22494D4549223A222573222C22494D2A
:1029D0005349223A222573222C224D6F64656C22C2
:1029E0003A222573222C226964635F696E707574C4
:1029F000223A252E33662C227664635F696E7075E9
:102A000074223A252E33662C2270726F62655F6DD8
:102A10006F64656C223A2225303478222C22707241
:102A20006573737572655F6B5061223A252E32664D
:102A30002C22696E74657272757074223A25642C4A
:102A400022696E746572727570745F6C6576656C00
:102A5000223A25642C2262617474657279223A25C7
:102A60002E33662C227369676E616C223A25642CC2
:102A7000226964635F616C61726D223A2225732260
:102A80002C227664635F616C61726D223A22257339
:102A9000222C2274696D65223A2225642D2530325C
:102AA000642D2530326454253032643A2530326446
:102AB0003A253032645A222C226C61746974756430
:102AC00065223A25662C226C6F6E676974756465A1
:102AD000223A25662C226770735F74696D65223A0D
:102AE0002225642D253032642D2530326454253062
:102AF00032643A253032643A253032645A2200007A
:102B00007B22494D4549223A222573222C22494DE8
:102B10005349223A222573222C224D6F64656C2280
:102B20003A222573222C226964635F696E70757482
:102B3000223A252E33662C227664635F696E7075A7
:102B400074223A252E33662C2270726F62655F6D97
:102B50006F64656C223A2225303478222C2277610A
:102B60007465725F646565705F636D223A252E320D
:102B7000662C22696E74657272757074223A2564CF
:102B80002C22696E746572727570745F6C657665FF
:102B90006C223A25642C2262617474657279223A3F
:102BA000252E33662C227369676E616C223A256488
:102BB0002C226964635F616C61726D223A22257315
:102BC000222C227664635F616C61726D223A222549
:102BD00073222C2274696D65223A2225642D2530DA
:102BE00032642D2530326454253032643A25303237
:102BF000643A253032645A222C226C6174697475EF
:102C00006465223A25662C226C6F6E676974756460
:102C100065223A25662C226770735F74696D6522A0
:102C20003A2225642D253032642D25303264542516
:102C30003032643A253032643A253032645A220008
:102C40007B22494D4549223A222573222C22494DA7
:102C50005349223A222573222C224D6F64656C223F
:102C60003A222573222C226964635F696E70757441
:102C7000223A252E33662C227664635F696E707566
:102C800074223A252E33662C22696E746572727531
:102C90007074223A25642C22696E746572727570A4
:102CA000745F6C6576656C223A25642C22626174CF
:102CB00074657279223A252E33662C227369676E09
:102CC000616C223A25642C226964635F616C6172D5
:102CD0006D223A222573222C227664635F616C6137
:102CE000726D223A222573222C2274696D65223A74
:102CF0002225642D253032642D2530326454253050
:102D000032643A253032643A253032645A222C2219
:102D10006C61746974756465223A25662C226C6F47
:102D20006E676974756465223A25662C2267707334
:102D30005F74696D65223A2225642D253032642D39
:102D40002530326454253032643A253032643A25D5
:102D50003032645A220000006669656C64313D259A
:102D60002E3366266669656C64323D252E336626F1
:102D70006669656C64333D252E3366266669656C2D
:102D800064343D2564266669656C64353D25662698
:102D90006669656C64363D25660000007B226375BC
:102DA0007272656E745F66775F7469746C65223ADF
:102DB00020222573222C202263757272656E745F47
:102DC00066775F76657273696F6E223A202225738B
:102DD000222C202266775F7374617465223A202268
:102DE00055504441544544227D0000007B226375C8
:102DF0007272656E745F66775F7469746C65223A8F
:102E000020222573222C202263757272656E745FF6
:102E100066775F76657273696F6E223A202225733A
:102E2000222C202266775F7374617465223A202217
:102E3000444F574E4C4F4144494E47227D000000BD
:102E40007B227368617265644B657973223A202234
:102E500066775F636865636B73756D2C66775F6318
:102E60006865636B73756D5F616C676F72697468B9
:102E70006D2C66775F73697A652C66775F74697409
:102E80006C652C66775F76657273696F6E227D0064
:102E90007B22494D4549223A222573222C20224D7E
:102EA000657373616765223A20224F544120557043
:102EB00064617465204F4B2C204669726D77617296
:102EC00065205469746C653A202573205665723A02
:102ED000202573227D0000007B22494D4549223A7E
:102EE000222573222C22496D616765205665727315
:102EF000696F6E223A222573222C224E422D496F91
:102F00005420537461636B223A222573222C224D84
:102F10006F64656C223A222573227D003C2F0208E3
:102F2000000000202C020000748A0008782F02089C
:102F30002C0200201C3F00002C1901080120021A5D
:102F4000580218020574808B020813AD1D02782008
:102F50000B1CFC0F7C321F5A1C08DA1E08091214C5
:102F600041358716813F022E010231048BF621BCC8
:082F7000296D8942C9D300005C
:04000005080078C1B6
:00000001FF
