:020000040800F2
:10780000503A0020D578000835E2000859BA00083F
:107810000000000000000000000000000000000068
:10782000000000000000000000000000F9E5000872
:10783000000000000000000071E5000865E6000897
:10784000E7780008E7780008E5E50008E778000831
:10785000E77800089F8C0008E7780008A98C0008EA
:10786000E7780008E7780008518C0008E7780008FE
:10787000E7780008E7780008E7780008E77800086C
:10788000E7780008E7780008E778000800000000C3
:10789000E7780008E7780008E7780008E77800084C
:1078A000E7780008E7780008E778000841F1000869
:1078B00051F1000875E5000800000000E7780008B5
:1078C0000348854600F030FE0048004705320108B5
:1078D000503A00200448804704480047FEE7FEE78E
:1078E000FEE7FEE7FEE7FEE7BDE80008C178000816
:1078F00030B50B46014600202022012409E00D4648
:10790000D5409D4205D31D469540491B25469540CF
:1079100040191546521E002DF1DC30BD70B5002413
:107920002546002801DA01244042002901DA012518
:107930004942FFF7DDFFAC4200D04042002C00D0AE
:10794000494270BDF0B51FB40646002082B005461E
:107950004024019100901BE0019922460F463046D9
:1079600000F086FB049A059B801A994110D31046BB
:107970001946224600F06CFB361A8F4101972246C9
:1079800001200021009F00F063FB38184D4100905A
:107990002046641E0028DFDC019B00982946324601
:1079A00007B0F0BDF0B51FB486B000200090019084
:1079B00002900698069980B204900798090C020478
:1079C0000014114307900027089D099806913E4630
:1079D0003C4603900398A9B20204000C039004985B
:1079E0002D0C154348430021224600F031FBC719F6
:1079F000714110340E46402CECDB3846029A00F000
:107A000027FB009A019B8018009059410298019130
:107A1000103002904028CCDB00980BB0F0BD000085
:107A2000004870479CB8010810B50446FFF7F8FFFE
:107A30000068005DC007C00F10BD014661391929FB
:107A400000D820387047000038B50446C0681821B7
:107A5000401E4843A16840183C21484361684018D3
:107A60003C2148432168451860690C21484321693D
:107A700040186921C900401A3021FFF74FFF114A11
:107A800050434219084600921A2902DB0E49511848
:107A900000910C21FFF742FF0C4A5043009A8018D6
:107AA00000900B4806E0491E425C074B5A43009B7E
:107AB000D21800920029F6DC2146684600F0EAFA66
:107AC000009838BD801F8607805101008033E10196
:107AD000A0B8010803460B439B0703D009E008C97F
:107AE000121F08C0042AFAD203E00B780370401C6E
:107AF000491C521EF9D27047D2B201E00270401CFC
:107B0000491EFBD270470022F6E710B513460A461D
:107B100004461946FFF7F0FF204610BD421E537879
:107B2000521C002BFBD10B781370491C521C002BEC
:107B3000F9D1704730B505462A460B4610781C78B7
:107B4000521C5B1C002801D0A042F7D0002C03D0AF
:107B5000002802D06D1CEFE7284630BD10B5044662
:107B600005E00B780370401C002B00D0491C521E0E
:107B7000F7D2204610BDCAB2401E4178401C8A424E
:107B800002D00029F9D100207047421C0178401C26
:107B90000029FBD1801A704710B5002200E0521C6A
:107BA000835C8C5CA34201D1002BF8D1D8B2E1B246
:107BB000401A10BD0246C9B200E0401C0378002BF9
:107BC000FBD102E003788B4203D0401E9042F9D2F1
:107BD000002070470321001D401E037812021A4343
:107BE000491EF9D51046704770B5064607F070FC7F
:107BF000046805460A220021304600F0D7FA2C60BE
:107C000070BDF8B502464A40D40F42004B005208FE
:107C10005B089A4202D20246084611464A0023D027
:107C2000C30D4A00DDB2120EAD1A202D35DA49021D
:107C30000126490AF6058A19002C00D0524220215B
:107C40004F1B1146B9402A411018C20D9A4221D04B
:107C5000002C17D0012D08DCDA05801AD20F80190C
:107C6000D207DBB200F0E2FAF8BDDA05801A012390
:107C700040001B06C01880185A428018CA0F1043D3
:107C8000490007E04908C2071143DA05801A801944
:107C90004008801800F0C2FAF8BD61000122511AB4
:107CA000001BF7E70122D2075140AAE70122D207C1
:107CB0005040A6E7024670B54A40D30FDB074000AC
:107CC0002DD04A002AD0010E140E0002120209190A
:107CD000400A520A8418E50104465443000A120A75
:107CE0002E045043A4194219200CC543AA18120CA3
:107CF0000125AD03521C521912047F39240400D00F
:107D0000521C104301D44000491EC2B20C06C009E7
:107D10002018401C4008802A02D003E0002070BDDB
:107D200040084000002900DA0020184370BD000020
:107D3000F0B51FB488B00B99099800244840099900
:107D4000C00F490049080991C0070B9900904900EC
:107D500049080B9109990898A64608431CD00B992D
:107D60000A98084318D0099801244000420D4800A1
:107D7000410D099824050003000B204309900B983E
:107D80000003000B20430B9050181C4940180022A0
:107D900001901446104605E0002001460DB0F0BDEC
:107DA000032801DA034600E003239C46C11A0AAE09
:107DB0000AE05F0008ADED5B4F00F75B7D430027F5
:107DC000AA187C41491C5B1E6145F2DD410004ABF1
:107DD0005A522104120C0A43240C401C0828DFDBF1
:107DE000019802900099704601910090059B049AB9
:107DF0000799069800F060FAD0E700000DFCFFFF3D
:107E0000F0B50C465C4085B0E40FE40703944C00E9
:107E10000026640859009446490802460296224307
:107E200021D062460A431ED06200570D4A000E035D
:107E30002303550D012402462C492405781B1B0BF6
:107E4000360B401823432643614600901C46501AC7
:107E5000B44103D30098401C009002E092180098AF
:107E60005B41002803DA0020014605B0F0BD002088
:107E7000012109050746864611E064461D46141B8C
:107E8000B54106D36546521BB341744607430C43C4
:107E9000A646CD0740084908284392185B4105468D
:107EA0000D43EAD11046184313D06046194650409E
:107EB0007140084306D06046101AB34106D2012231
:107EC000002306E000220123DB0702E00122D24367
:107ED0005310009874460105381C6141029C039DB3
:107EE0000019694100F0DBF9BFE70000FD03000065
:107EF000C217C10F504010B54018CA079623002181
:107F000000F094F910BD00000EB5C217C10F50402B
:107F1000CA0740180021054B0293019200910A46BE
:107F20000B4600F0C9F903B000BD000033040000A7
:107F30000EB505490291002100910A460B460191B8
:107F400000F0BAF903B000BD33040000C20F4100D5
:107F500040020123400ADB05D207090EC0187F2921
:107F600001DA00207047962903DC9623591AC8408D
:107F700001E096398840002AF4D040427047000062
:107F800070B5CD0F4A0009030123090B1B051943E6
:107F90000B4BED070024520D9A4201DA002070BD10
:107FA000074B34339A4203DC9A1A00F061F802E07E
:107FB0000449511888402C43F1D0404270BD000064
:107FC000FF030000CDFBFFFFC20FD20740004008B7
:107FD0000BD0C10D0723DB01C91840020905400A77
:107FE0001143C20840071143704700200146704703
:107FF000CB0FDB07490010B5490802460A4307D0FA
:108000000A0D07240903E401090B121B002A01DCF5
:10801000002010BDC900440F0C43C100E018D20578
:10802000801800F0FBF810BD0122D207002800DB09
:10803000101A002900DB511A814270470122D20731
:10804000002800DB101A002900DB511A8842704713
:1080500010B5202A04DB0146203A9140002010BDD3
:10806000914020239C1A0346E3401943904010BDE1
:1080700010B5202A04DB0846203AD040002110BD6C
:108080000B46D340D0402024A21A91400843194601
:1080900010BD000070B50C4600683C21FFF728FCBD
:1080A00021603C21FFF724FC61601821FFF720FCD0
:1080B0000546A1600721001DFFF71AFCA1610F48CA
:1080C000A90008180E49FFF713FC0246443288083D
:1080D0006261E0613B2802D3910700D0401C00217F
:1080E000084B0A462161995C814203D8401A521C10
:1080F0002261F8E7401CE060204670BD6C0B000078
:10810000B5050000ACB801080FB400B589B00CA9E2
:1081100000910B990023CB60204B214A06930792D4
:10812000042201921F4A02921F4A089202466B469D
:10813000002000F0AEFA09B008BC04B0184770B5D2
:1081400086B006460020C0430190002015460C462C
:108150000091029104903246694604A8FFF7D4FFCB
:10816000024604982118002D05D0002801D00846A9
:1081700000E020462860049800280DD0002A02DD87
:108180000098884208D0081B019000943246694646
:10819000029404A8FFF7B8FF06B070BDE988000894
:1081A00009890008FFFFFF7F297A0008F7B5009CC6
:1081B0000F4600262578641C002D05D0FFF730FC03
:1081C0000068405DC007F5D12B2D02D02D2D18D0B1
:1081D000641E39462046029A00F0A8FB002F04D006
:1081E0003968A14201D10099396071050224002942
:1081F0000BDA4042002803DD07F06AF90460A007AB
:10820000FEBD012080020643E3E70028F8DA07F00C
:108210005FF904600048FEBDFFFFFF7F002904DA1C
:10822000401C490001D140084000704770B4002450
:10823000050C05D11024000402D1002921D01124FD
:10824000050E01D100020834050F01D10001241DE3
:10825000850F01D18000A41C002801DB4000641CB4
:10826000002908D020252E1B0D46F540A14000D046
:1082700001212943084301061B1B000ADB1D02D50F
:10828000002070BC7047DB05181880180029F8DA48
:10829000401C4900F5D170BC40084000704710B543
:1082A000002B08DA0024401C614192185B411A43FC
:1082B00001D14008400010BDF0B51FB482B00546A2
:1082C0000C0003D0084607F07BF802E007F078F8CE
:1082D00020300246009021462846FFF7B9FE049B55
:1082E000059A04460F4618431143084314D0184614
:1082F00010431BD0009840210A1A18460599FFF731
:10830000B7FE05460E46009A05990498FFF7A0FEB1
:10831000084305D0012004E02046394607B0F0BDEF
:108320000020C11705430E432C43374300990E9894
:108330006305401A7905E40A00220C43FD0A0A305D
:1083400002D500200146E9E70105101969410C9C9E
:108350000D9D00196941FFF7A2FFDFE7F0B5074661
:108360000846584087B0C00F049048000E46590098
:1083700040084908BC1A884105D2384631461E4695
:1083800017460B4602465800400810434CD0300DAB
:10839000039040055900400D490D0590401A029088
:1083A000402872DA18030121000B090508430190E7
:1083B00004980092002805D001995242002088417B
:1083C00000920190029840210A1A01990098FFF743
:1083D0003FFE05460C466B4607CB00F0B7F8C019C8
:1083E0007141039A0E0D0023D71756401A467A4062
:1083F000164344D0049A002A2DD0029A012A039AE7
:1084000015DC1205C01A914101263605001C714188
:10841000D20F059ED2070093019202962A46234668
:10842000FFF74AFF07B0F0BD38463146FAE71605B8
:10843000224A0F46B218C01AB74101210905001C93
:108440004F4100187F41114618187941E20F10433F
:108450006D19644113E0E2076D0815436408C20713
:108460001443039A01261205C01A91413605001CD7
:108470007141CE07400830434908C01851412A468F
:108480002346FFF70CFFCDE7FFE7049801224000E9
:10849000C117121A00238B4104983146C417381AA9
:1084A000A141EEE730B40124E407634030BC55E756
:1084B00030B40124E407614030BC4FE70000E0FF26
:1084C0004A0009030123090B1B0519430A4B10B588
:1084D000520D9A4202DA0020014610BD064B343399
:1084E0009A4203DC9A1AFFF7C3FD10BD034BD21862
:1084F000FFF7AEFD10BD0000FF030000CDFBFFFF46
:1085000010B5002904DB0124E40740428C412146D8
:10851000002B04DB1C460123DB075242A341994296
:1085200000D1904210BD0000064C0125064E05E02A
:10853000E36807CC2B430C3C98471034B442F7D384
:10854000FFF7C2F9F8C7010818C8010810B5202ABA
:1085500006DBCB170846203A1041C1170B4306E053
:108560000B461341D0402024A21A914008431946DB
:1085700010BD0000FFB5087889B01546FF2805D06A
:10858000491C2D2804D00022002407E000240BE021
:108590000122F9E70A235C430419491C0878FF28E3
:1085A000F8D1002A00D06442002004902A780146C5
:1085B0002D2A01D02B2A0FD16D1C2D2A02D000228A
:1085C000049209E00122FBE700260A2233466D1CD3
:1085D000FFF7E8F9381871412F78FF2FF4D10C9A82
:1085E000A218069202460A4304D0FF23069A91334A
:1085F000DA4205DA002109980A4606C00DB0F0BD3E
:108600000024B74AB54D2646079200F0F1F90290D2
:1086100006980391002801DA474200E00746390531
:108620000020AF4A001C51410191009012E0F80770
:1086300007D022462B4630460799FFF779FB0646BE
:10864000079122462B4610461946FFF771FB044658
:108650000D467F10002FEAD10698019B0028009A52
:108660000399029806DAFFF7CBFB3246079BFFF728
:10867000C7FB05E0FFF75CFB3246079BFFF758FBA3
:10868000049A002A02D00122D2075140099A03C25B
:10869000B4E7FFB591B0002009900025ED432E20EE
:1086A0009E685C681F460190B9696D1C12988847E6
:1086B0000090396A88470028F6D10098401C0AD0FB
:1086C0000D20C0018443002E12DD00982B2809D014
:1086D0002D280DD103E00020C04315B0F0BD0120CE
:1086E00080020443B9696D1C12988847761E009079
:1086F00003A9600501D52D2000E02B206A461073E8
:10870000491C0CA80F9102900AE0B9696D1C1298DF
:10871000884700900120400204431398761E0560AC
:10872000002E02DD00983028EFD001990098884291
:1087300046D18020044308E00998401E099001209A
:10874000400204431399681C0860B9696D1C761EC9
:108750001298884700903028EED031E00199884285
:1087600005D1200603D480200443761E1EE0009825
:1087700006F088FF002826D001204002044307A904
:108780000F980331761E88420BD200980F9930382B
:1087900008700F98401C0F90200607D50998401EBE
:1087A00003E0200602D40998401C0990A00502D5D8
:1087B0001399681C0860B9696D1C1298884700906D
:1087C000002ECBDC59E0002E57DD0098652801D043
:1087D000452852D1A00550D5032000028443B96931
:1087E0006D1C761E129888470090002E0CDD2B28F9
:1087F00004D02D2808D1FF2001300443B9696D1C35
:1088000012988847761E0090E00501D52D2100E0E2
:108810002B21029801700298401C0290019025E0E3
:108820000120400204430EA902980131761E8842BD
:108830000ED20098029930380006000E087003D15D
:108840000299019881420AD90298401C029006E0E0
:10885000E00501D5234801E0224840420990B9696A
:108860006D1C12988847009013980560002E04DD57
:10887000009806F007FF0028D2D1F96912988847BE
:108880000F99FF200870029903AA087000200A902F
:108890000B900CA90AA8099BFFF76CFEA00502D457
:1088A0000120C04319E72420044209D0E00713D176
:1088B00038680B9A0A99031D3B60006806C00BE0FC
:1088C0000B990A98FFF794FB0146E00704D138683A
:1088D000021D3A60006801602846FEE60000144070
:1088E0000000F03FF1D8FFFF4268002A08D001687D
:1088F0000B78491C002B03D0521E06C01846704747
:108900000121C160881E70474268002A0BD0C368ED
:108910000168002B07D183688B4204D0491E521C8A
:1089200006C0002070470020C0437047F7B582B0F2
:10893000029C00272078641C15460197302802D03D
:10894000002D15D015E020780127641C782804D06C
:10895000582802D0002D09D00BE0002D01D0102D99
:1089600007D1002710252078641C02E0082500E0CC
:108970000A250026009610E000990127694308188F
:10898000020C294680B2714300908E18380486424A
:1089900001D3012001902078641C294600F019F8C9
:1089A0000028E9DA0398002805D0002F01D0641EC2
:1089B00000E0029C04600198002806D006F088FDC3
:1089C00002210160C81E05B0F0BD009930040843C3
:1089D000F9E73A2800D23038202302469A43412A48
:1089E00001D310463738884201D30020C043704776
:1089F0000EB5054A02920022009213460192FFF73B
:108A00005BFC03B000BD00003304000070B58C189F
:108A10000578401C6B075B0F01D10378401C2A11BD
:108A200006D10278401C03E006780E70401C491CF9
:108A30005B1EF9D12B0705D40023521E0DD40B70F9
:108A4000491CFAE70378401CCB1A921C03E01D78FE
:108A50000D70491C5B1C521EF9D5A142D8D30020D1
:108A600070BDF1B584B0049C002601200290002561
:108A70000420871B13E0A8000119009101904968A8
:108A80002058FFF7DBFA09D2009901984A6801994A
:108A90002058625000994860002002906D1CAF423F
:108AA000E9DC0298002802D1761C042EDDDB049854
:108AB000806805B0F0BD000038B504460648054999
:108AC0000068FEF715FF604300E0401E009000289C
:108AD000FBD138BD40420F00D4010020F8B5044658
:108AE000006881688907890F012902D10168C907D7
:108AF00022D18168114A10261140012500290ED18A
:108B00008168294381600120FFF7D6FF01F0C2F898
:108B100007460CE001F0BEF8C01B0A2807D9606DBB
:108B200030436065A06D2843A0650120F8BD206832
:108B30000068C043C007EDD10020F8BD17000080D9
:108B400070B5064600240EF09FFD2DA13046FFF7BC
:108B500023F800281AD02BA13046FFF71DF8002873
:108B600015D0294D1820604329583046FEF7E2FF02
:108B7000002810D025A13046FEF7DCFF002810D0D9
:108B800018204443601981683046884770BD3046DC
:108B900008F0F6FA70BD641CE4B2322CE2D9012070
:108BA00070BD1BA13046FEF7C5FF00280ED018206F
:108BB00044436019C168304688470028F0D1154801
:108BC0000078002819D109F089FC16E012A130467E
:108BD000FEF7B0FF00280AD005F09CFE01461820E1
:108BE0004443601942690DA006F0C6FB05E0182059
:108BF00044436019016930468847002070BD000079
:108C00004154000041543F00088B01083D3F0000E3
:108C10003D000000690000203F0000005B25755DFD
:108C200025730D0A0000000030B50024074B4343B4
:108C30001B0D04D0E4183C256B43C01AF6E73C2812
:108C400001D33C38641C10600C6030BD444400000B
:108C500010B5024800F0D2FC10BD0000A8060020AC
:108C600030B5446C1C252C400125A540046C656082
:108C7000046863608368102B036803D09960006800
:108C8000C26030BD9A600068C16030BD10B550212F
:108C9000014800F039F910BD005E0208704710B5B8
:108CA000012000F015FF10BD10B5102000F010FFDE
:108CB000FF20013000F00CFF802000F009FF10BD04
:108CC00010B586B0044614216846FEF71CFF052047
:108CD0000023234901220007002C06D0012C13D0C9
:108CE000022C1BD0032C23D030E0CC6A1443CC627E
:108CF000C96A0092C907C90F059101930293694699
:108D000000F0F2FE06B010BDCC6A1443CC62C96A12
:108D10000092C907C90F0591124912E0CC6A1443A9
:108D2000CC62C96A0092C907C90F05910E4908E0D3
:108D3000CC6A1443CC62C96A0092C907C90F059175
:108D40000A4901910293694600F0CEFE00220221F9
:108D5000052001F035F8052001F026F8D2E70000E3
:108D6000001002400000311000002110000011101E
:108D700010B586B0044614216846FEF7C4FE0D49BE
:108D8000CA6A01200243CA62C96A014005911021E2
:108D90000091012C0AD003200190002002900520B0
:108DA0006946000700F0A0FE06B010BD024901911F
:108DB000F4E70000001002400000211010B5044646
:108DC00000F046FD22460349022000F017FD00F0A6
:108DD0000BFD10BD080008087047000010B50849D9
:108DE00000224A6107494B684C1523434B604B688E
:108DF000082423434B60C009C001026010BD00007D
:108E0000342E00200020024010B5214A0021906934
:108E1000C305204804D541690223194341619115D6
:108E200093699B0505D5436901242343436163028C
:108E3000194393695B0505D54369082423434361BE
:108E4000E301194393691B0505D5436904242343B2
:108E500043616302194393699B0405D54369102458
:108E6000234343616302194393699B0304D5446917
:108E700020231C43446119439369DB0305D54369EF
:108E8000402423434361A0020143916110BD0000CF
:108E900000200240342E002070B5054600F0FAFE96
:108EA0000646184C0AE0681C08D0002D04D000F0DB
:108EB000F1FE801BA84201D9032070BDA069C00744
:108EC000F1D1A069800701D50220A061A069C00589
:108ED00011D4A06980050ED4A06940050BD4A06907
:108EE000000508D4A069800405D4A069800302D4D9
:108EF000A069C00303D5FFF787FF012070BD0020E4
:108F000070BD00000020024070B50D4606460024EA
:108F100000F026FD094A0020956041C20849074833
:108F200000F0B0FC002806D0641CE4B2032CF5D19C
:108F300004A006F021FA00F0E7FC70BD381D002007
:108F40001C0100206572726F7220696E204572618B
:108F50007365206F7065726174696F6E0A0D000031
:108F6000F8B516460F460546002400F0F9FC14E05B
:108F7000A0003A582946022000F0D4FC002809D06D
:108F800008A006F0F9F900F0B9FC01460CA006F0C3
:108F9000F3F904E0641CA4B22D1DB442E8D300F040
:108FA000B3FCF8BD6572726F7220696E20577269EA
:108FB0007465206F7065726174696F6E0A0D0000D0
:108FC00077726974655F6572726F725F666C6167F4
:108FD0003A25780001680248416040687047000007
:108FE0001C01002001491620C875704700000020B0
:108FF00010B50C48418F002913D00B4841430B4852
:1090000005F002FD094805F011FD09480078012826
:1090100007D10848007B002803D1064901202039E8
:10902000C87210BD9800002080EE3600F8040020C1
:10903000620000202000002010B50D4800780128B3
:1090400008D10C48007B002804D10A4901202039AE
:109050000874C8720848418F002907D00748414367
:10906000074805F0D1FC064805F0E0FC10BD000003
:1090700062000020200000209800002080EE3600D2
:10908000F804002000B587B014216846FEF73BFDC8
:109090000948C16A01221143C162C06A6946104091
:1090A00005906020009000200190029005200007AC
:1090B00000F01AFD07B000BD00100240F0B58DB001
:1090C00004462C216846FEF71EFD2046FEF78CFD67
:1090D0000C90601DFEF788FD0B9020460830FEF7CF
:1090E00083FD074620460B30FEF77EFD06462046F0
:1090F0000E30FEF779FD054620461130FEF774FD6F
:109100000146074A0C98801805900B986A46401E45
:109110000490E2C26846FEF797FC0DB0F0BD000077
:1091200094F8FFFFF8B5054604464035287C002634
:10913000012808D001202874206881688907890FD8
:1091400001290ED101E00220F8BD0168C90708D04D
:10915000606D202108436065012600202874304698
:10916000F8BD616DFF220132914302221143616516
:10917000C1688907890F0091C16889088900C160A9
:109180002068816892071143816000F083FD0746E3
:109190000EE000F07FFDC01B0A2809D9606D022196
:1091A0008843102108436065002028740120F8BD21
:1091B000206880680028ECDB2068C168009A1143B1
:1091C000C160606D80088000401C6065C5E70000DC
:1091D000F8B506460D464036317C01290DD00121F7
:1091E000317401688A68520709D5416D2022114304
:1091F0004165002030740120F8BD0220F8BD174BF6
:109200006A68D80547109A42154C8A6A2B6812D0B2
:109210005B035B0B1A438A622968490305D5A16881
:109220000143A1600A20FFF747FC2868800312D59C
:10923000A06838430EE05B035B0B9A438A6229689F
:10924000490302D5A1688143A1602868800302D543
:10925000A068B843A06000203074F8BD0110000081
:10926000002701400068006C7047000070B50400E2
:1092700006D0606D264600254036002802D006E064
:10928000012070BDA5653574204600F0D3F8606DEF
:10929000C00603D421688868400705D5606D102199
:1092A000084360653574EBE7606DFF22013290433F
:1092B00002221043606588688207920F5B48012A8A
:1092C00002D10A68D2072BD1032362689B079A4216
:1092D00005D05B429A4202D05B009A4209D10A69EA
:1092E000920092080A6121680A6963681A430A6158
:1092F0000CE00A69920092080A6181680F229204C8
:109300009143816081686268114381602168CA6805
:1093100018239A43CA602168CA68A3681A43CA60BE
:10932000816801225206914381608168A28E5206B3
:109330001143816020688168C90004D481680122DA
:109340001207114381602068C168394A1140C16029
:109350002069E168022825D0002001432046203002
:109360000278037B52035B001A431143226B1143C3
:10937000A26992031143E269D20311432268D368C0
:109380001943D160616A0A46FF3AC23A05D0A26A1F
:1093900011432268D3681943D16042780121012A20
:1093A00002D00BE00420D8E70078002823D0606DBD
:1093B000202210436065A06D0843A065E06B012882
:1093C00020681FD00169C90703D001694908490015
:1093D000016120684169C908C9004161206841698B
:1093E000A26B11434161A565606D80088000401C3F
:1093F0006065002070BD2068C26801231B041A4309
:10940000C260DBE70269FF239B009A430261206888
:109410000269236CA66C1A43636C33431A430261DE
:10942000206802690A430261D3E700000027014077
:109430001902FEFF00680449884204D10348416BC9
:10944000421511434163704700240140001002405F
:10945000F8B504464069254640350E4608280BD02D
:109460002068C068C00709D0606D2021084360658E
:10947000002028740120F8BD082700E00C2700F028
:1094800009FC009011E0701C0FD0002E05D000F0F8
:1094900001FC0099401AB04207D9606D04210843CD
:1094A0006065002028740320F8BD206800683842F9
:1094B000E9D0606D01214902084360652068C168F8
:1094C00009058A0F0C21002A1BD12022125D002AD7
:1094D00017D10268120714D5826853070122002BA6
:1094E00008DB43688B434360606D1302984310436D
:1094F000606506E0606D202318436065A06D104331
:10950000A065A069002801D1206801600020F8BD95
:1095100070B50446216800208968490721D4254692
:109520004035297C01291CD001212974E1690129D8
:1095300004D02046FFF7D2FA002811D1616D0A4A03
:109540001140FF220132114361650021A165297498
:1095500022681C21116021688A6804231A438A60EA
:1095600070BD022070BD0000FEF1FFFF30B5014666
:1095700020314A790023022A04D00422C2630B71ED
:10958000012030BD026814680E25AC4314600268E7
:109590001468640864001460446C1C2214400122A6
:1095A0001546006CA54045604A7118460B7130BDE8
:1095B00070B50024014620314A79022A03D00421E3
:1095C000C163012418E0026813680E25AB431360E1
:1095D000026813685B085B001360436C1C22134035
:1095E000012215469D40036C5D604A7100220A719C
:1095F000816B002900D08847204670BDF0B4016C13
:109600000D6801680C68466C1C2304221E40174636
:10961000B7402F420ED067070CD50C68A40602D4C1
:109620000C6894430C60416C19408A40016C4A609C
:10963000016B1AE00227B74002462F402032002F6C
:1096400017D0A70715D50C68A40605D40C680A2501
:10965000AC430C6001215171446C02211C40036C2D
:10966000A140596000211171C16A002918D0F0BCD5
:1096700008470827B7402F4212D0240710D50C689E
:109680000E25AC430C60446C01211C400B46A340EA
:10969000046C6360C163517100211171416BE4E797
:1096A000F0BC704770B504003CD01F4825681421F9
:1096B0002818FEF71DF9800060641C482064022110
:1096C000204620300246417129681948E36801406C
:1096D000A06866691843236933431843A369184394
:1096E000E3691843236A1843084328600121A068EE
:1096F0008903884210D00D488030836A656C1C2134
:109700000D400F26AE40B3438362656C63680D4025
:10971000816AAB400B4383620020E06301215171F9
:10972000107170BD012070BDF8FFFDBF0000024048
:109730000F80FFFFF8B504468C46203001790025E4
:10974000012909D00126067141790027012905D098
:10975000077102252846F8BD0220F8BD022141719B
:10976000E7632068016849084900016061462046B6
:10977000FFF776FA206B00282068016801D00E22DE
:1097800005E0042291430160206801680A22114328
:1097900001602068016831430160DBE770B5044671
:1097A00000F078FA0546601C02D0044800782418BE
:1097B00000F070FA401BA042FAD370BDC80100202F
:1097C00070B5074D04462846FFF766FB002805D113
:1097D0000449486120602846FFF75EFB70BD000029
:1097E00050C30000342E0020034841680122114379
:1097F000416000207047000000200240F8B5124D83
:109800000746287C14460E46012807D001202874FC
:109810000E48FFF741FB002802D00CE00220F8BD03
:1098200000216961022F09D0012F09D0002F09D032
:109830000648FFF731FB00212974F8BD3460FAE7D0
:109840003480F8E73470F6E7342E002050C300006F
:1098500009494868C0070DD0EFF3108072B6074A77
:10986000CA60074ACA6080F310884868C00701D000
:10987000012070470020704700200240EFCDAB89E7
:1098800005040302F8B51A4E0546307C0F46012840
:1098900007D0012030741748FFF7FEFA010002D00C
:1098A00021E00220F8BD0020C04338606C6814E05D
:1098B0002046FFF793FA0F48FFF7EEFA01460E48ED
:1098C000426808239A434260426843159A434260C3
:1098D000002901D03C6006E08034A8686A68C001B5
:1098E0008018A042E4D8002030740846F8BD00007B
:1098F000342E002050C3000000200240014840697F
:1099000070470000342E00200548416802221143B0
:10991000416041680122114341600020704700000E
:1099200000200240F8B50C4C1646207C0F4601285A
:1099300008D0012020740948FFF7AEFA002500285E
:1099400002D006E00220F8BD65613E600348FFF7E3
:10995000A3FA2574F8BD0000342E002050C3000087
:1099600011484168C9070BD0EFF3108172B60F4A56
:10997000C2600F4AC26081F310884168C9070ED1E6
:10998000416889070DD5EFF3108172B6094A02616B
:10999000094A026181F310884068800701D50120DF
:1099A000704700207047000000200240EFCDAB89D7
:1099B00005040302BFAE9D8C16151413F8B53D497E
:1099C0003B4BCA7D0C469E7801252034183A01286D
:1099D00007D010280BD02902022688420DD15E71D3
:1099E000F8BD012EFCD1302AFAD34D7603E0012ECA
:1099F000F6D1302AF4D36570F8BD8028FCD12572E9
:109A0000E07800280BD1E5702B492C4804F094FF36
:109A10002B492A4804F0F8FF284805F007F8207879
:109A20000122401C20709103264800F02CF904F01C
:109A300071FF254F0025009026E0009804F070FF8C
:109A40007D21C900884207D3009804F069FFB8421D
:109A500002D20120207117E0009804F061FFB842A3
:109A600012D31120FFF7AAF9144825701749283896
:109A700004F062FF11486421283804F0C5FF0F4844
:109A8000283804F0D3FF06E005208021000700F00D
:109A9000EDF80028D1D0012100228903094800F007
:109AA000F2F820780528A7D125702671F8BD0000AE
:109AB000880100200000002099E2000894040020A2
:109AC0008813000000040050B80B0000EDE200080D
:109AD00010B504494A69024202D04861FFF76EFF9F
:109AE00010BD000000040140FCB500230124A7E0E4
:109AF00027462A469F403A406FD04D68012D05D039
:109B0000022D03D0112D01D0122D16D18568032608
:109B1000AC465D00AE46AE406546B543AC46CE6849
:109B20007546AE4065462E43866046680D79BE4355
:109B3000ED06ED0F9D4035434560C6685F00032587
:109B4000BD40AE46AE4335468E68BE402E43C6602D
:109B50004E68022E01D0122E14D1DE08B60036183F
:109B60000196366A5D07B446EE0E0F25B5400096A5
:109B70006646AE43B4460D69009EB54066462E4328
:109B8000019D2E6206687546AE430D79AD07AD0F97
:109B9000BD40354305604D68ED0050D52B4D6E6BD3
:109BA00026436E639E082A4DB6007519AC46AD6813
:109BB0009E07360F0F27B740BD4305273F07B84222
:109BC00001D100271AE0234FB84201D1012715E047
:109BD000214FB84202D1022710E030E01F4FB842B7
:109BE00001D103270AE01E4FB84201D1042705E046
:109BF0001C4FB84201D1052700E00627B7402F438C
:109C00006546AF60184D2E684F689643FF0300D538
:109C100016432E606E684F689643BF0300D5164307
:109C20006E60AE684F689643FF0200D51643AE6083
:109C3000EE684F689643BF0200D51643EE605B1C8A
:109C40000A681546DA4000D052E7FCBD0010024019
:109C5000000001400004005000080050000C0050BB
:109C600000100050001C0050000401400069084032
:109C700000D001207047426913460B401B049143FA
:109C80000B4383617047002A01D081617047816274
:109C9000704700000148806870470000C80100203C
:109CA00070B504000FD0216813480860216813487C
:109CB000086003CC41602068083C21688860FFF799
:109CC000E9FF054608E0012070BDFFF7E3FF401BF8
:109CD000292801D9032070BD2068C0680028F4D16C
:109CE00020680269E1688A4201D0016101E004490B
:109CF0000160002070BD0000CCCC00005555000074
:109D0000AAAA000000680249016000207047000014
:109D1000AAAA000002488168027889188160704709
:109D2000C801002010B508480024016840221143F2
:109D30000160204600F00AF8002801D0012401E06B
:109D400000F026F8204610BD0020024070B5044601
:109D50000D4D7D202978C000FDF7CAFD01460B4856
:109D60000068FDF7C5FD01F00FF8002809D1042CAB
:109D700007D200222146401E00F022F800206C602D
:109D800070BD012070BD0000C8010020D40100207A
:109D90000448416B012211434163816B020411436A
:109DA0008163704700100240002805DBC106C90E20
:109DB00001208840014908607047000000E100E090
:109DC00010B505F039FB10BD0248016802151143BA
:109DD000016070470070004002480168421511435D
:109DE000016070470070004002480168821511430D
:109DF0000160704700700040F0B5154A1368154DBA
:109E000054152D6A2340ED07ED0F002B04D0002DD3
:109E100002D01668A64316601668B608B600064358
:109E200016600D48076904263743076101290DD0E4
:109E300040BF20BF20BF0169B1430161002B04D0A6
:109E4000002D02D0106820431060F0BD30BFF2E753
:109E5000007000400000014000ED00E0F8B504464D
:109E6000007800275D4D800671D55C4E403EB06B9A
:109E7000C00004D4B06BA9050843B063012758485B
:109E80000168C90511D40168821511430160FFF70B
:109E900001FF009005E0FFF7FDFE0099401A6428DD
:109EA00037D84F480068C005F5D532680321090549
:109EB00060680A400140914208D08103890F03295C
:109EC00004D13168890301D50120F8BD2A69032135
:109ED00009040A4022D0084090421FD02078800612
:109EE0001CD528692A6988430121C9040A432A61CB
:109EF0002A698A432A612861C0050FD5FFF7CAFE87
:109F0000009008E0FFF7C6FE0099411A35488142EB
:109F100001D90320F8BD28698005F3D5616888035D
:109F2000800F032805D132680005824301400A43AF
:109F300032602869032261681204114008432861D5
:109F4000002F04D0B06B012109078843B06320784B
:109F5000C00705D0E868A168800880000843E86071
:109F60002078800705D5E8680C218843E16808431C
:109F7000E8602078400706D5E86803218902884315
:109F800021690843E8602078000706D5E8680321C6
:109F90000903884361690843E8602088C00506D545
:109FA000E868032109048843A1690843E860207830
:109FB000400606D5E868012189068843216A0843DE
:109FC000E8602078000606D5E86803218904884304
:109FD000E1690843E8600020F8BD0000401002403D
:109FE0000070004088130000F8B50E46050038D018
:109FF0005E480068C007C00FB04214D25B4C2068B6
:10A000004008400030432060FFF744FE074605E06B
:10A01000FFF740FEC11B564881427AD82068C0072E
:10A02000C00FB042F4D12878524C800705D5E068C3
:10A03000F0218843A9680843E0602878C00752D01F
:10A040006868022806D0032807D0216801280AD0B2
:10A05000890504E02168890301E02168890100295C
:10A0600003DB0120F8BD4907F9E7E16889088900A9
:10A070000143E160FFF70EFE0746686802280AD038
:10A08000032814D001281ED029E0FFF703FEC11BCE
:10A09000374881423DD8E0680007800F0228F4D19C
:10A0A00021E0FFF7F7FDC11B3148814231D8E0685C
:10A0B0000007800F0328F4D115E0FFF7EBFDC11B6B
:10A0C0002B48814225D8E0680007800F0128F4D191
:10A0D00009E0FFF7DFFDC11B2548814219D8E06880
:10A0E0000007800FF5D121480168C907C90FB142A7
:10A0F00017D901684908490031430160FFF7CAFDDB
:10A10000074608E005E0FFF7C5FDC11B184881427E
:10A1100001D90320F8BD15480068C007C00FB04240
:10A12000F1D12878400706D5E06807210902884365
:10A13000E9680843E0602878000707D5E068072150
:10A14000C90288432969C9000843E06000F03AF871
:10A15000E168094A0906090F515CC84007490860CF
:10A1600007480068FFF7F2FDF8BD0000002002403C
:10A170008813000000100240F8B70108D401002045
:10A18000CC010020044805490068C968044A490513
:10A19000490F515CC8407047D401002000100240B4
:10A1A00011B80108044805490068C968044A8904CF
:10A1B000490F515CC8407047D40100200010024094
:10A1C00011B8010870B51A4AD3681A490C20184012
:10A1D0008D0004280CD04E00082810D00C2810D078
:10A1E00050680004410F0120C003491C884070BD25
:10A1F0001068C00601D5084670BD284670BD3046BF
:10A2000070BD98020C4C000F205C1B029C0FD368A1
:10A21000641CDB0301D5314603E01268D20600D48A
:10A22000294605F0E4F822460023FDF78BFB70BDBC
:10A230000010024000093D0008B80108FEB5050005
:10A240007ED0F74CE7680C20E66807400120000448
:10A2500006402878C00747D0082F05D00C2F0AD118
:10A2600001200004864206D1206880033CD568683E
:10A270000028E5D038E0012069680004814203D15C
:10A2800021680143216011E0052301221B0492048F
:10A290009942216802D111432160F1E78143216095
:10A2A0002168014000912068904320606868002880
:10A2B0000DD0FFF7EFFC009005E0FFF7EBFC0099F5
:10A2C000401A64287ED820688003F6D50CE0FFF79A
:10A2D000E1FC009005E0FFF7DDFC0099401A6428DE
:10A2E000F0D820688003F6D4287880075DD5E86828
:10A2F000810604D5226820210A432260884309236D
:10A30000042F0DD00C2F01D1002E09D000283CD0F5
:10A310002168994301432160FFF7BCFC064628E011
:10A320002168490701D500288AD061681F221202DE
:10A3300091432A691202114361602168994300E048
:10A34000C7E101432160FFF73DFFE16809060A0FFD
:10A35000B449895CC840B4490860B4480068FFF754
:10A36000F5FC002874D120E0FFF794FC801B022844
:10A37000A8D820684007F7D560681F2109028843E4
:10A3800029690902084360600FE020684008400026
:10A390002060FFF77FFC064604E0FFF77BFC801B94
:10A3A00002288FD820684007F7D42878C00661D5E6
:10A3B000002F0DD0E86900284BD02068FF21013123
:10A3C000084300E0EAE02060FFF764FC06462DE069
:10A3D0002068800502D5E8690028A5D060680721BB
:10A3E00049038843696A084360606068298C0002F9
:10A3F000000A090608436060686A410B0120C00337
:10A40000491C8840E16809060A0F8649895CC840F2
:10A410008549086085480068FFF798FC002817D137
:10A4200028E0FFF737FC801B0228A1D820688005B0
:10A43000F7D56068072149038843696A084360606B
:10A440006068298C0002000A09060843606011E078
:10A4500025E12168FF20013081432160FFF71AFCCC
:10A46000064604E0FFF716FC801B022899D82068F6
:10A470008005F7D428786E4E000724D56869002837
:10A48000306910D0012108433061FFF703FC0090D0
:10A4900005E0FFF7FFFB0099401A02287ED83069DB
:10A4A0008007F6D50FE0400840003061FFF7F2FB6F
:10A4B000009005E0FFF7EEFB0099401A02286DD8E6
:10A4C00030698007F6D42878400764D500200290D0
:10A4D000A06BC00006D4A06B012109070843A0634C
:10A4E0000120029053480168C90511D40168821502
:10A4F00011430160FFF7CEFB009005E0FFF7CAFBB8
:10A500000099401A642849D84A480068C005F5D522
:10A51000FF20AA680130824203D1316901433161D1
:10A5200011E001218902002A07D005231B029A426B
:10A5300003D132690A433261EFE732698243326103
:10A54000306988433061A86800280ED0FFF7A2FB6D
:10A55000009006E0FFF79EFB0099411A36488142C1
:10A560001CD830698005F5D50DE0FFF793FB00900E
:10A5700006E0FFF78FFB0099411A2F4881420DD862
:10A5800030698005F5D40298002804D0A16B012021
:10A5900000078143A1632878800600E07EE02ED585
:10A5A0002648A9694314002916D0A26801210A434C
:10A5B000A260626B0A436263016A19430162FFF79A
:10A5C00069FB064604E0FFF765FB801B022865D89F
:10A5D000A0688007F7D512E0A16849084900A1608A
:10A5E000016A99430162FFF755FB064604E0FFF755
:10A5F00051FB801B022851D8A0688007F7D4A86AB5
:10A60000002868D00C2F4FD001263606022820687B
:10A6100016D0B0432060FFF73DFB054640E0000048
:10A6200000100240F8B70108D4010020CC0100203E
:10A6300040100240007000408813000000000140FC
:10A64000B0432060FFF726FB074604E0FFF722FB3C
:10A65000C01B022822D820688001F7D4296BE86A41
:10A66000E2680843696BFD231B049A4311430843C6
:10A67000E060206830432060FFF70CFB054604E0F3
:10A68000FFF708FB401B022808D820688001F7D597
:10A6900021E0FFF7FFFA401B022801D90320FEBD8D
:10A6A00020688001F5D416E00128F8D0E068012187
:10A6B0000904EA6A014091420BD10F2189042A6BF7
:10A6C0000140914205D1032189050840696B884208
:10A6D00001D00120FEBD0020FEBD7047006889004A
:10A6E000503008180068704700688900503008181A
:10A6F0000260704730B5014620310A78012A15D032
:10A7000001220A7002234B700468CA236362046842
:10A710005323636203689C6820252C439C60006877
:10A72000FF2343624A700020087030BD022030BD14
:10A7300010B504F017F910BD70B5044600688168C3
:10A740008025C90400290BDAC068C00508D5204659
:10A75000FFF7EEFF2168C8682840FF388238C860DC
:10A760002068816889040BD5C068800508D520461B
:10A77000FFF7B3FF2068C168054A29408918C16006
:10A78000012004494004486101202034607070BDFC
:10A790007FFDFFFF00040140F8B505460446203563
:10A7A000287801281DD001202870022068702268B6
:10A7B000CA205062226853205062FF2001300026D8
:10A7C000FF2781421CD121688A6882438A60206801
:10A7D00081680122120391438160FFF75BFA0090C8
:10A7E00009E00220F8BDFFF755FA0099411A7D20D3
:10A7F000C00081421BD82068C068C007F3D020E0A9
:10A80000206881680122520291438160206881683A
:10A81000120191438160FFF73DFA00900DE0FFF7D0
:10A8200039FA0099411A7D20C000814205D920687B
:10A830004762032068702E70F8BD2068C0688007EA
:10A84000EDD520684762012068702E700020F8BDA9
:10A8500010B500680B464068C021C94301400002A2
:10A86000000ECC04D870E40E5C708C06A40E0904B3
:10A87000490F9C701970002A0AD103F083FED8702A
:10A88000587803F07FFE5870987803F07BFE98703C
:10A89000002010BD30B50B460168896A5960016817
:10A8A00009694904490C9960006804680F48214609
:10A8B000014088024D04800E18706D0E49065D70CF
:10A8C000490E99706102490E40242140D970002A36
:10A8D0000AD103F057FE1870587803F053FE5870F1
:10A8E000987803F04FFE9870002030BD7F7F7F0086
:10A8F000F8B5040050D0254620356878002803D1EB
:10A900002870204600F052F8022068702168CA20A2
:10A910004862216853204862204603F047FEFF2624
:10A9200004270028206802D046626F7034E08168F6
:10A930001D4A11408160216888686268A3691043DC
:10A9400022691A43104388602168E0680861206822
:10A95000016922891204114301612068C1688022C3
:10A960009143C1602068C16C89088900C164E169B4
:10A97000606901432068C26C1143C164206880682B
:10A9800080060BD4204600F0DDF9002806D02068B0
:10A9900046626F70002028700120F8BD2068466272
:10A9A000012068700020F8BDBFFF8FFF00B597B091
:10A9B0000420009000200A90FF2001300290684699
:10A9C000FFF73CFC002801D0FEF706FA20200E908D
:10A9D000C0020F900EA8FFF741FA002801D0FEF741
:10A9E000FBF9084801690122920411430161002228
:10A9F00011460220FFF7E4F90220FFF7D5F917B05E
:10AA000000BD000040100240FEB506460446203658
:10AA100030780B4601283ED0012030700220707043
:10AA2000184620300090206800278068002A34D023
:10AA3000400600D4DF7019789D7809040D435978D9
:10AA4000DA780902120411430D430099D869097894
:10AA500009060D4305435869996905435868084339
:10AA600000902168CA204862216853204862FF2074
:10AA70005A6A01308021824245D12268936883431B
:10AA800093602068C2680A40FF3A823AC260FFF7CA
:10AA900001F9019024E00220FEBD400600D4DF70E1
:10AAA000187803F077FD0504587803F073FD000271
:10AAB0000543987803F06EFD0543D87800040543FC
:10AAC0000098007803F066FD00060543D869C1E7E9
:10AAD000FFF7E0F80199411A7D20C00081422AD891
:10AAE0002068C068C007F3D02068C561216800985D
:10AAF000486420688168FF22013211438160206828
:10AB00008168120130E02068826801235B029A4369
:10AB100082602068C2680A401D495118C160FFF771
:10AB2000B9F801900EE0FFF7B5F80199411A7D20C0
:10AB3000C000814206D92168FF204862032070705E
:10AB40003770FEBD2068C0688007ECD520680562BC
:10AB500021680098886420688168012252021143AC
:10AB60008160206881681201114381600948026890
:10AB7000012149040A43026082680A438260216815
:10AB8000FF2048620120707037700020FEBD000079
:10AB90007FFDFFFF00040140F8B50546044620355F
:10ABA00028780B4601280FD00120287002206870F9
:10ABB000002A0BD0D8789E7800040643587809788C
:10ABC00000024903084317E00220F8BD5878C10687
:10ABD00003D5EF2108400A305870D87803F0DAFC2A
:10ABE0000604587803F0D6FC00020643987803F078
:10ABF000D1FC06431878400306432168CA20486206
:10AC0000216853204862204603F0D0FC002700282A
:10AC100011D111480640206846602068C168802232
:10AC20009143C1602068806880060CD4204600F003
:10AC300089F8002807D02168FF2048620420687046
:10AC40002F700120F8BD2168FF2048620120687044
:10AC50002F700020F8BD00003FFFFF00F8B506464A
:10AC60000446203630780D46012822D0012030706D
:10AC700002207070206800278068002A1BD04006E0
:10AC800000D4EF702978A878090408436978EA7835
:10AC9000090212041143084300902168CA20486247
:10ACA000216853204862204603F080FC002837D1F9
:10ACB00016E00220F8BD400600D4EF70287803F0BB
:10ACC00069FC0304687803F065FC00020343A8787C
:10ACD00003F060FC0343E878000403430093DCE7DF
:10ACE000174900980840216808602068816801229F
:10ACF0009204914381602969E868084321688A6861
:10AD0000104388602068C16880229143C160206838
:10AD1000806880060CD4204600F014F8002807D084
:10AD20002168FF2048620420707037700120F8BD50
:10AD30002168FF2048620120707037700020F8BD44
:10AD40007F7F7F0070B504460068C168A0229143F0
:10AD5000C160FEF79FFF7D260546F60006E0FEF780
:10AD600099FF401BB04201D9032070BD2068C06824
:10AD70008006F4D5002070BD02480169022211430B
:10AD80000161704700E000E0094910B5401E8842AB
:10AD900001D9012010BD074C60610321081F04F098
:10ADA0004BFB0020A06107202061002010BD0000A7
:10ADB000FFFFFF0000E000E002480169022291432A
:10ADC0000161704700E000E0014660310A7D012A20
:10ADD00009D001220A750068026802231A43026042
:10ADE000002008757047022070477047FEB5054681
:10ADF00004466035287D00269446012811D00123A1
:10AE00002B752420A067206802689A430260276897
:10AE1000B8680322120590430843B860002902D0A5
:10AE200015E00220FEBD6046009101902068416857
:10AE3000102291436A46928811434160206841681C
:10AE40006A4609029279090A120611434160206894
:10AE5000016819430160FEF71DFF0949009103468F
:10AE6000012100228905204604F01AF9002801D0AA
:10AE7000032601E02020A067002028753046FEBD93
:10AE8000FFFFFF01704700000C4A10B500219042FF
:10AE900006D110466030017501220949603809E089
:10AEA000084A904208D110466030017504490122D9
:10AEB0002B39603800F0D6F910BD0000A005002045
:10AEC0003C00002024060020F8B502680446D06942
:10AED00011689668814B05461D402023002D6CD0DB
:10AEE000F7077F4DFF0FBC460D402F4379D0254615
:10AEF000C7078035002F06D0CF0504D5012717627C
:10AF00002A683A432A60820708D5F20706D02768E4
:10AF100002223A622A6804273A432A60420708D587
:10AF2000F20706D02668042232622A6802263243DB
:10AF30002A6002070AD50A461A406646324305D0FF
:10AF40002668082232622E6816432E60020508D554
:10AF50004A0106D501222668D20232622A681A43C3
:10AF60002A602A68002A30D0800606D5880604D5D3
:10AF7000616E002901D020468847286821688968C9
:10AF8000490602D42821084225D0204603F09BFE22
:10AF900020688168490619D5826840218A43826009
:10AFA000206F002812D04F498163206FFEF700FB0D
:10AFB00000280AD0206F816B06E0850611D58D062A
:10AFC0000FD5616E77E020468847F8BD2046FFF731
:10AFD0005BFFF8BD05E02046FFF756FF0020286024
:10AFE000F7E7256E012D56D1C50654D5CD0652D5AD
:10AFF00010261662206881682546490640350029DA
:10B000002ADA226F116849680904090CE1D02F8BF4
:10B010008F42DED9698311680968890617D40168EF
:10B0200032019143016020688168490849008160CC
:10B0300020688168402291438160E3670020206698
:10B0400020680168B1430160206FFEF78FFA288BFA
:10B05000698B401A81B21AE0298B6A8B891A6A8B34
:10B0600089B2002AB5D00029B3D00268FF25213566
:10B07000AA43026020688268520852008260E36737
:10B0800000202066606620680268B24302602046A5
:10B09000FFF7ABFE9DE7C50208D5750206D5012076
:10B0A000000510622046FFF7EDFE92E7050605D584
:10B0B0000D0603D5A16E002985D18AE7400688D503
:10B0C000480686D5116820464024A1431160836755
:10B0D0000021816600F026FA7BE700000F080000DF
:10B0E000200100042DEC000810B5040003D0A06F6F
:10B0F000002802D007E0012010BD00217420015576
:10B10000204600F027F82420A0672068016849083D
:10B1100049000160204603F06DFE0128ECD0606A12
:10B12000002802D0204603F0E9FC2068416809228B
:10B13000D20291434160206881682A229143816054
:10B1400020680168012211430160204603F03CFDA4
:10B1500010BD0000F0B587B0064614216846FCF724
:10B16000D2FC394F346800253849022001220323DC
:10B17000BC4232D18C6B47043C438C63CC6A0443A1
:10B18000CC62C96A01AC01400591990200910DC4DD
:10B190000720049069462E48FEF7A6FC2E4C2D4849
:10B1A0002060052060601020E560A0606561A561F9
:10B1B0008020E5612061800120622046FEF772FA5E
:10B1C000002801D0FDF708FEF466002201211D20B1
:10B1D000A662FEF7F5FD1D2020E0204EB44221D1ED
:10B1E0008C6B0126760434438C63CC6A1443CC62A6
:10B1F000C96A0190C907C90F059104200C21049068
:10B20000009105200295039369460007FEF76CFC48
:10B21000002202211C20FEF7D3FD1C20FEF7C4FDF6
:10B2200007B0F0BD0E488442FAD1486B0122920368
:10B23000104348630DF0B2FA002202211B20FEF7F2
:10B24000BFFD1B20EAE7000000480040001002405C
:10B25000000400501C000240A806002000440040EA
:10B260000038014030B5C36F202B27D100290BD007
:10B27000002A09D0012483682403A34206D103696C
:10B28000002B03D1CB0701D0012030BD0346603332
:10B290001C7D012C12D001241C7500230366084C70
:10B2A0000368A34207D05C68240204D51C6801250A
:10B2B000AD062C431C6003F0A7FE30BD022030BD5C
:10B2C00000480040F8B52F4901222F4C88421ED17A
:10B2D0002E4920463C300E8E4D6B0378AB550B8EBD
:10B2E0005B1C0B86E17D4C290AD12949097800298C
:10B2F00006D141780D2903D101780A2900D12275A0
:10B3000001784170204901223C311E4811E0214959
:10B31000884211D1204BA08E617C1954401CA0861C
:10B320000D2901D00A2900D1E274174901221131F7
:10B330001848FFF797FFF8BD184D0026A842FAD12C
:10B340002F4660371049012230311448FFF78AFF39
:10B35000002803D02020E8673E75F3E70A48303024
:10B360000178401E0170207A0028E4D00A4AE07972
:10B37000FA3A1154401CC0B2E071FA28DBD12672AF
:10B38000F8BD0000A005002000000020880100207A
:10B390006701002024060020DA020020F0060020C9
:10B3A000FFB50446806F83B017460D4620285ED156
:10B3B000002D0AD0002F08D0A168C001814207D11A
:10B3C0002069002804D1E80702D0012007B0F0BDB1
:10B3D000204660300090007D012848D0009801216F
:10B3E00001750020802108512120A067FEF752FC42
:10B3F000264640360190378277820120A1680003FB
:10B40000814202D12069002805D02F4600250099ED
:10B410000020087511E00027F9E70022802120466E
:10B4200003F03EFE002815D1002F15D02168387892
:10B4300088627F1C708A401E7082708A019B00287F
:10B4400006980090E9D100224021204603F028FE12
:10B45000002808D00320B9E728882168C005C00D5E
:10B460008862AD1CE6E72020A0670020AEE702203E
:10B47000ACE70000F8B50446806F20284AD10029C7
:10B480000BD0002A09D00123A0681B03984206D1E3
:10B490002069002803D1C80701D00120F8BD254646
:10B4A0006035287D012835D00120287520464030A0
:10B4B000E164028242820026274680373E602120D6
:10B4C000A067E06E00281AD01349C162E16E1348EC
:10B4D0000863E16E12484863E06E13468663206895
:10B4E000E16C283084466246E06EFEF723F90028BE
:10B4F00005D0102038602E752020A067CDE7216888
:10B50000402008622E752068816880221143816086
:10B510000020F8BD0220F8BD8DEC0008BDEC00084D
:10B5200041EC0008704770477CB506461A484168F0
:10B53000C9430907FBD4194C606B65152843606348
:10B5400000211748FDF7EEFD1648009016480190BF
:10B5500069461348FDF73CFEA01401906946009629
:10B560000F48FDF735FE0E48FDF7D2FF0021C94315
:10B570000B48FDF76DFF0A48FDF774FE084980B2DD
:10B580000A689368022633439360096803220A60BD
:10B59000616BA94361637CBD0070004000100240F4
:10B5A00034050020FFFF07000110000070B51749A7
:10B5B00004464A6A08698018000EE0714A6A086900
:10B5C0008018000CA071088A8A8C8018000A6071AB
:10B5D000087C8A8C801820714869000EE0704869E8
:10B5E000000CA070888A000A6070087D2070052514
:10B5F000625D07A1084803F0CFFE074908461438EA
:10B60000FCF78CFA6D1C082DF2DB70BD4000F81FB2
:10B6100025303278000000003004002070B50C4660
:10B62000054600210448FFF759F828600121024827
:10B63000FFF754F8206070BD7407002010B50C4669
:10B64000024600210448FFF74FF822460121024834
:10B65000FFF74AF810BD00007407002030B587B02E
:10B660000546694605A800F00BF8840A890580059F
:10B670000C43800D00F0E0F92880204607B030BD73
:10B6800070B505460C4600222248FFF703F9002258
:10B69000294620486668FFF7DBF8002221461D484E
:10B6A000FFF7F8F86068B042F1D1E8781A4A01462D
:10B6B0005043C01C8308880729D0184869783D2268
:10B6C0000E4651430A463C3A7100891EC840D10FCC
:10B6D00080078918800F4910081AC018A978401EE1
:10B6E00008180F493C2248436178E12351432278EE
:10B6F0001B015A438918A27810180818810D83027B
:10B700006068084C0022201A1818514170BD064884
:10B71000D4E7000074070020B5050000A0AA990036
:10B7200080510100FF030000505544000320704782
:10B730000148006870470000C007002000B587B0CE
:10B74000694605A8FFF79CFF0249096807B0401A3F
:10B7500000BD0000C007002000B587B0694605A8FD
:10B76000FFF78EFF07B000BD10B5084C2078002809
:10B770000AD100F04DF8FF2101310548FFF70CF820
:10B7800000F0ACF80120207010BD00004E00002039
:10B790007407002010B50D4C0021042000F096F92C
:10B7A00001200B494004486121688868C0040BD51A
:10B7B000C868C00508D5C86880221040FF388238A4
:10B7C000C8602046FEF7B4FF10BD000074070020DB
:10B7D0000004014070B50446FFF7B0FF211A0B4D7D
:10B7E0000220285EC01C814201D9002100E0012115
:10B7F000042000F06BF900F055F9012802D1022075
:10B80000285E241A204600F075F870BD4E00002016
:10B8100030B52E492E4891B0002412C01F2101607E
:10B82000846004612B49446141600838FFF760F887
:10B8300000212748FEF752FF012500281CD1684649
:10B84000C470457085700570002269462048FFF776
:10B85000A3F90B940C940F9400220BA91C480E948E
:10B86000FFF7FCF91C4A00211948FEF73DFF0022B2
:10B8700001211748FEF738FF1548FEF73BFF282146
:10B8800001A8FCF740F968460471447103218171F5
:10B890000294049405940694079408A808940571EA
:10B8A000FF2001300A90012201A90948FFF7ACF8F6
:10B8B000052168468171012040020A90012201A9F8
:10B8C0000348FFF7A1F811B030BD00000028004088
:10B8D00074070020FF0300008000926510B5044C3F
:10B8E0002046211D1830FFF7CBFE206010BD000060
:10B8F000C0070020F0B587B0044614223F4901A8D4
:10B90000FCF7E8F83D485038406E009000F07EF8B3
:10B910003B4802993B4A401AA105890D081887B295
:10B92000A10A68468078534202E08918401C80B220
:10B930009942FAD26A461579E122120102E0891A87
:10B940006D1CADB29142FAD26A46547902E0641C91
:10B95000A4B23C393C29FAD2927951188EB2012115
:10B96000890203E07A1A761C97B2B6B28F42F9D2F6
:10B9700003E03C3E641CB6B2A4B23C2EF9D203E014
:10B980003C3C6D1CA4B2ADB23C2CF9D203E0183D96
:10B99000401CADB280B2182DF9D26946C97889072A
:10B9A00069464A7827D01849491E515C814202D223
:10B9B000FBF79EFF08461249CA1B10492C394A6002
:10B9C000052252068A618E704C700A460D70203234
:10B9D00010706846C079C8700020C861FF224861B5
:10B9E0000132C8604A620861024608462438FFF7FF
:10B9F0000BF807B0F0BD04490C31D5E7C4070020AF
:10BA0000FF03000080AEFEFFF08A010810B5FF21A1
:10BA100001310748FEF7C0FE05480168C86880226A
:10BA20001040FF388238C86002499002486110BD5A
:10BA3000740700200004014010B57D2103F0D7FCFD
:10BA40004906C009084310BD10B5410EC0017D2252
:10BA50000023FBF777FF10BDFEE7000070B5054639
:10BA6000FFF7AAF90D4CA06B21040843A063FEF771
:10BA7000B3F9FEF7A9F9E0680121C9030843E060C2
:10BA80000748016804221143016001210846FEF7BE
:10BA9000B3F9A847FFF770F970BD0000001002402D
:10BAA00000700040EFF3108172B607480268002A68
:10BAB00001D0002005E04068002801D0012000E00E
:10BAC000022081F3108870475400002010B5EFF376
:10BAD000108272B6064B00291C6803D0012903D1DD
:10BAE000044300E084431C6082F3108810BD000012
:10BAF0005400002000B585B001280BD0022812D0D8
:10BB000003281CD114220F496846FBF7E3FFFF23EB
:10BB1000092210E00B49142228396846FBF7DAFFA6
:10BB2000FF23082207E00749142214396846FBF76F
:10BB3000D1FFFF230A2269460348FFF731FC05B015
:10BB400000BD0000F88F0108F006002010B506497E
:10BB5000064802F0F1FE0649044802F055FF03488A
:10BB600002F064FF10BD000039E200085804002014
:10BB700060EA000010B5124810490160002101225E
:10BB8000D207C1634260C161012281614263072320
:10BB900081608363026102462032C160117051707E
:10BBA00004234361816207481173416B42151143BD
:10BBB00041630348FDF75AFB10BD0000002401401B
:10BBC000340500200010024008B50848016B01222E
:10BBD00011430163006B10400022009011460A20BF
:10BBE000FEF7EEF80A20FEF7DFF808BD001002406D
:10BBF000F0B53D4895B0C16A80242143C162C16A55
:10BC000021401491C26A04210A43C262C26A0A40F6
:10BC10001492C16A01252943C162C16A2940149165
:10BC2000C26A02210A43C262C06A08401490142109
:10BC30000AA8FBF768FF2D480A940B900024052002
:10BC40000AA900070C94FDF74FFF14216846FBF783
:10BC50005AFF0720000303260090694603960195CA
:10BC600002942348FDF740FF002229032048FEF7F5
:10BC70000AF86F03002239461D48FEF704F8002237
:10BC8000A9031B48FDF7FFFF142105A8FBF73BFFA5
:10BC90000695184D05A90597089607942846FDF7BF
:10BCA00023FF012239462846FDF7EDFF14210FA896
:10BCB000FBF729FF70030F90052010940FA9119432
:10BCC0000007FDF711FF002202210720FEF778F898
:10BCD0000720FEF769F80CF08BFD012206490748A2
:10BCE000FFF7C0FA15B0F0BD0010024000002110AF
:10BCF000000400500008005030000020F006002032
:10BD000010B5084806490160062141600649C16036
:10BD10008160FDF7C5FF002801D0FDF75DF810BD7B
:10BD20000030004090050020FF0F000010B50F48C4
:10BD30000D490160E1214902416000218160C1603B
:10BD400001610C2281614261016230214162012165
:10BD5000090381634900C163FFF7C6F9002801D0D8
:10BD6000FDF73AF810BD000000480040A005002093
:10BD700010B50C480A4901604B21C90141600021FE
:10BD80008160C16001618161C1610C220162426117
:10BD90004162FFF7A9F9002801D0FDF71DF810BD99
:10BDA000004400402406002010B501210446490546
:10BDB000FFF71CF82046FFF707F810BDF0B5044662
:10BDC000FF4D85B00120E8706B22FE4812018218F9
:10BDD000217820300190FC4803920090007C029072
:10BDE000F9484C262038027F0027C08B542901D304
:10BDF00001F0E7FD4B007B449B885B009F445300B0
:10BE00007900E90011015701C300330145013A08E7
:10BE1000610702046A018C03BB03C80322042F04D8
:10BE200042045A046F04810426077B079D07F90723
:10BE300020082D081B0A370A540A700A8D0AA10A25
:10BE4000A80AB20AB90AD20AE30DFF0D130E3A0886
:10BE50001B0E170E250E350E9804B204B606D70633
:10BE6000F8060B07060B280B350B420B680B540B1F
:10BE7000580B5E0B620B4C0D540D770D840D980D15
:10BE80006F0E940EA90E3A08BB0EB30ED10EEE0E35
:10BE9000161164113A086C047911C30707110E11C9
:10BEA000BD10B4019501002009F00CFF082809D04D
:10BEB0004B2602F02FFD0146C4A003F05DFA7D245D
:10BEC000E4000DE0C94807700120207002F022FD57
:10BED0000146C7A065E005F0EBFD2046FDF75EFCDE
:10BEE0000121052049030007FDF7C0FE0128F2D01B
:10BEF000F2E3C6480078012806D014E005F0D8FD2A
:10BF00007D20C000FDF74AFC012105204903000700
:10BF1000FDF7ACFE0128F1D0BC480078012802D121
:10BF2000BB48FDF73BFC002009F032FF082805D094
:10BF30004B2602F0EFFC0146B6A032E0BE48007886
:10BF400001280AD0B148007801281AD005202070B5
:10BF500002F0E0FC0146B9A023E0C3A10398FBF77F
:10BF6000E9FD002801D00E2000E00D202070E879C6
:10BF7000012803D17D204001FDF710FCAE48077079
:10BF8000E6E70A20E3E700200AF052F921280BD067
:10BF9000222810D0232815D04B2602F0BBFC0146E6
:10BFA000B3A003F0E9F9A3E70220207002F0B2FC8D
:10BFB0000146BBA0F5E70220207002F0ABFC014671
:10BFC000C0A0EEE70220207002F0A4FC0146C6A04B
:10BFD000E7E700200AF052F9082805D04B2602F0C6
:10BFE00099FC0146C9A0DCE70320207002F092FC16
:10BFF000734A014640321446CDA003F0BDF99AA120
:10C000007048FBF797FD0028CDD010216D48FBF755
:10C010007AFD0F2221466B48FBF75CFD06F05EFAC5
:10C0200066E700200AF066F9082805D04B2602F0E2
:10C0300071FC0146C6A0B4E70620207002F06AFC3D
:10C040005F4A01462C321446CAA003F095F95D48B8
:10C05000102110300090FBF756FD0F22214600986A
:10C06000FBF738FD44E700200AF072FA082807D0F1
:10C0700002F050FC0146C7A003F07EF9072084E3DC
:10C0800002F048FC0146CDA0F6E700200AF018FABD
:10C09000082807D002F03EFC0146D4A003F06CF95A
:10C0A0000420ECE702F036FC0146DB48F6E700200E
:10C0B0000AF01AFD082808D04B2602F02BFC014696
:10C0C000D6A003F059F90B20D9E702F023FC014672
:10C0D000DCA0F6E73B4864A1C130FBF72BFD00284C
:10C0E0000FD10AF031F8082805D04B2602F012FCD7
:10C0F0000146E2A003E002F00DFC0146E5A003F0DA
:10C100003BF959A10398FBF715FD002856D10D20E6
:10C11000B5E705F099FC7D20C000FDF73FFB02F07C
:10C12000F9FB0146E2A003F027F9012105204903AC
:10C130000007FDF79BFD0028EBD0012105204903F6
:10C140000007FDF793FD012807D102F0E3FB01464C
:10C15000DEA003F011F9E74807704C202070184862
:10C1600004212430C170C3E653202070E2480078D7
:10C17000002819D1E1480770287C002808D00098D1
:10C18000C07F002804D0104920398968414302E06B
:10C190000D48203881687D20C0004143D84802F016
:10C1A00033FCD74802F042FC287C002804D0D54953
:10C1B0000878401C08702F740120A5E1E6E100001A
:10C1C00064010020A6140020B80000205B25755DE6
:10C1D0004E42494F5420646964206E6F742072652A
:10C1E00073706F6E642E0D0A000000001E000020A8
:10C1F0005B25755D4E42494F54206861732072651E
:10C2000073706F6E6465642E0D0A00000F000020CD
:10C21000881300005B25755D4563686F206D6F6452
:10C2200065207475726E6564206F6666206661694C
:10C230006C65642E0D0A00000E0000205B25755D04
:10C240004563686F206D6F6465207475726E6564F8
:10C25000206F6666207375636365737366756C6CB7
:10C26000792E0D0A000000004E554C4C00000000D5
:10C270005B25755D5265717565737420666F7220FC
:10C280006D616E756661637475726572206D6F6441
:10C29000656C206661696C65642E0D0A0000000003
:10C2A0005B25755D4D6F64656C20696E666F726DA0
:10C2B0006174696F6E3A424739352D4D312E0D0A42
:10C2C000000000005B25755D4D6F64656C20696E34
:10C2D000666F726D6174696F6E3A424739352D4DE4
:10C2E000322E0D0A000000005B25755D4D6F646500
:10C2F0006C20696E666F726D6174696F6E3A424749
:10C3000039352D4D332E0D0A000000005B25755D7B
:10C310004661696C656420746F20726561642049B0
:10C320004D4549206E756D6265722E0D0A00000044
:10C330005B25755D54686520494D4549206E756DD6
:10C340006265722069733A25732E0D0A00000000A1
:10C350005B25755D4661696C656420746F2072654C
:10C36000616420494D5349206E756D6265722E0DD2
:10C370000A0000005B25755D54686520494D5349EE
:10C38000206E756D6265722069733A25732E0D0AF1
:10C39000000000005B25755D4661696C6564207472
:10C3A0006F207365742074686520467265717565C9
:10C3B0006E63792062616E642E0D0A005B25755DE7
:10C3C0004672657175656E63792062616E64206383
:10C3D0006F6E66696775726174696F6E20737563DD
:10C3E0006365737366756C2E0D0A00005B25755DC1
:10C3F0004661696C656420746F207365742074688D
:10C4000065204E6574776F726B2043617465676F4A
:10C4100072792E0D0A000000A0C501085B25755D2C
:10C420004661696C656420746F207365742074685C
:10C4300065206461746120666F726D61742E0D0AEF
:10C44000000000005B25755D5365742074686520ED
:10C450006461746120666F726D617420666F722012
:10C4600073656E64696E6720616E642072656365D2
:10C470006976696E672E0D0A000000005B25755D08
:10C480004661696C656420746F2073657420415047
:10C490004E0D0A005B25755D5365742041504E209A
:10C4A0007375636365737366756C6C790D0A000050
:10C4B0005B25755D436C6F73696E67204E42206D1E
:10C4C0006F64756C652E2E2E0D0A00005B25755D60
:10C4D0004E42206D6F64756C6520706F7765722DAC
:10C4E0006F6666207375636365737366756C2E0D76
:10C4F0000A000000220000202C0000202100002063
:10C500004404002012000020A87102F003FA014642
:10C510009EA002F031FF73E0012100224903AB48E5
:10C52000FDF7B1FBAA480321C170AA49AA4802F04D
:10C530006BFAAA480078A87300200AF085F9082849
:10C5400007D002F0E7F90146A5A002F015FF16207A
:10C5500095E54C20207002F0DDF9A0490A880146DB
:10C56000ABA002F009FF9C4802F060FA02F0D2F999
:10C570000146B3A015E5002009F0F8FE082805D013
:10C580004B2602F0C7F90146BBA00AE50E2076E56E
:10C590000E2009F035FF02F0BDF901468C484278C3
:10C5A000BCA002F0E9FEA87D08280AD0E87CC049BA
:10C5B000401CE8744C20207001200870844887706B
:10C5C00096E4E87900280BD00921217080490124E4
:10C5D0008C70B84900280F700099CF7702D005E021
:10C5E0000F21F2E7B44806F0F5FDEC71FF20F530BD
:10C5F00006F0F0FDB1480770B1480770B148077008
:10C60000EF7475E4002009F053FC082806D04B268F
:10C6100002F080F90146ACA002F0AEFE0098407C2A
:10C62000002801D0012801D0152004E0AD48007F8A
:10C630000328F9D12D202070AB4800780128BFD104
:10C640000C201CE500200AF0CFFB082805D002F0E2
:10C6500061F90146A5A002F08FFE10200FE5002031
:10C660000AF09AFA082805D04B2602F053F9014641
:10C67000A9A003E002F04EF90146B5A002F07CFE4D
:10C680001120FCE400200AF0F1FA082806D04B261D
:10C6900002F040F90146BDA002F06EFE12202070AB
:10C6A00002F038F90146C3A002F066FE002009F04E
:10C6B000CBFC1DE400200AF0DBF9082806D04B264D
:10C6C00002F028F90146C6A002F056FE13202070A1
:10C6D00002F020F9014600E0CBE3CBA061E40020AA
:10C6E0000AF066F8082807D002F014F90146D1A034
:10C6F00002F042FE1420C2E402F00CF90146D5A07B
:10C70000F6E7DE49DE48FBF715FA002809D10AF002
:10C71000E3FA082807D002F0FDF80146D9A002F09C
:10C720002BFE0A20ABE402F0F5F80146DDA0F6E7A7
:10C73000002008F03BFB082807D0492020704B263A
:10C7400002F0E8F80146E1A02BE40098807C012883
:10C7500006D02F20207002F0DDF80146E7A020E48B
:10C760002E20F7E7002008F071FB082807D04920A9
:10C7700020704B2602F0CEF80146ECA011E42F20E9
:10C78000207002F0C7F80146EEE175E35B25755DA8
:10C790005475726E206F666620746865206D6F64D4
:10C7A000756C6520726563656976696E6720616E78
:10C7B000642073656E64696E672052462066756EEC
:10C7C0006374696F6E2E0D0A0000000000080050AF
:10C7D0008801002010270000E404002064000020ED
:10C7E0005B25755D474E5353206661696C65642017
:10C7F000746F207475726E206F6E206F7220474EBA
:10C8000053532069732072756E6E696E670D0A004E
:10C810005B25755D5375636365737366756C6C79C1
:10C82000207475726E206F6E20474E53532C4669EC
:10C83000782054696D656F75743A2564730D0A002C
:10C840005B25755D4E42206D6F64756C6520697364
:10C85000206F627461696E696E67206C6F636174CA
:10C86000696F6E20696E666F726D6174696F6E2E8E
:10C870002E2E0D0A000000005B25755D4661696C77
:10C88000656420746F2073657420434F50530D0A04
:10C89000000000005B25755D5369676E616C205375
:10C8A0007472656E6774683A25640D0A00000000B2
:10C8B0002500002012000020B80B000027000020F7
:10C8C00026000020210000205B25755D4661696C13
:10C8D000656420746F206765742074696D650D0A46
:10C8E00000000000980000200F0000205B25755D0F
:10C8F000556E61626C6520746F2071756572792068
:10C900006E6574776F726B20696E666F726D61749D
:10C91000696F6E0D0A0000005B25755D4661696CEC
:10C92000656420746F20636F6E6669677572652039
:10C93000706172616D657465727320666F722054E8
:10C9400043502F495020636F6E746578740D0A0050
:10C950005B25755D5375636365737366756C6C7980
:10C9600020636F6E666967757265642070617261BD
:10C970006D657465727320666F72205443502F4941
:10C980005020636F6E746578740D0A005B25755DC9
:10C990004661696C656420746F20646561637469C5
:10C9A000766174652050445020636F6E74657874AE
:10C9B0000D0A00005B25755D5375636365737366CF
:10C9C000756C6C7920646561637469766174656403
:10C9D0002050445020636F6E746578740D0A000017
:10C9E0005B25755D4661696C656420746F206163C9
:10C9F0007469766174652050445020636F6E74656D
:10CA000078740D0A000000005B25755D5375636343
:10CA100065737366756C6C79206163746976617493
:10CA200065642050445020636F6E746578740D0AFD
:10CA3000000000005B25755D444E5320636F6E66F9
:10CA4000696775726174696F6E206661696C65648F
:10CA50000D0A00005B25755D444E5320636F6E66C2
:10CA6000696775726174696F6E206973207375638D
:10CA70006365737366756C0D0A00000068C2000878
:10CA8000161B00205B25755D4E545020636F6E664B
:10CA9000696775726174696F6E206661696C65643F
:10CAA0000D0A00005B25755D4E545020636F6E6665
:10CAB000696775726174696F6E206973207375633D
:10CAC0006365737366756C0D0A0000005B25755D08
:10CAD0004661696C656420746F20636F6E66696778
:10CAE0007572652061757468656E746963617469D7
:10CAF0006F6E206D6F64650D0A0000005B25755D2B
:10CB00004D616E6167652073657276657220616E36
:10CB10006420636C69656E742061757468656E74F9
:10CB200069636174696F6E2E0D0A00005B25755D87
:10CB30004661696C656420746F20636F6E66696717
:10CB400075726520736572766572204E616D652021
:10CB5000496E6469636174696F6E2066656174759E
:10CB600072650D0A00000000C4A003E5002008F073
:10CB7000DFF8082807D0492020702F7501F0CAFE81
:10CB80000146CAA0F6E40098C07C002806D03020F8
:10CB9000207001F0BFFE0146CCA0EBE4287D002808
:10CBA00001D04E2000E0152020702F75F1E7002005
:10CBB00006F0AAFD082807D0492020702F7501F043
:10CBC000A9FE0146D0A0D5E40098C07C012806D07B
:10CBD0003120207001F09EFE0146D6A0CAE4287DD7
:10CBE000002801D04E2000E0152020702F75F1E7BD
:10CBF000002006F0CFFD082806D04920207001F063
:10CC000089FE0146D8A0B5E43220207001F082FEF2
:10CC10000146E1A0AEE4002006F004FE082806D09C
:10CC20004920207001F076FE0146E9A00AE0287D47
:10CC3000002801D04E2000E01520207001F06AFE8F
:10CC40000146EFA002F098FB2F75B9E4019806F0B9
:10CC500081F9012818D0019806F07CF9022813D038
:10CC6000019806F0B9F901280ED0019806F0B4F940
:10CC7000022809D000988078012805D0002009F00A
:10CC800039FD08280DD09BE4EB480078012806D038
:10CC90004E20207001F03EFE0146E8A06AE40C2020
:10CCA000F7E701F037FE0146EDA002F065FB4C20EE
:10CCB0002070F348032101710421C17001206874C0
:10CCC0007EE4002009F094F9082805D001F022FE46
:10CCD0000146EC4802F050FB0098407C012803D14B
:10CCE000E948007F032801D04E2031E42D20207038
:10CCF0000120287564E4002009F052FE172108285D
:10CD00000FD0A87B0A380006000EA8730FD0DF48AA
:10CD100001F08CFE4C20207001F0FCFD0146DCA0EF
:10CD200028E4217001F0F6FD0146E1A022E4217023
:10CD300001F0F0FD0146EBA01CE401225103F44890
:10CD4000FCF7A1FF002009F057FE0828F148017800
:10CD500008D0012913D04E20207001F0DBFD0146E0
:10CD6000EDA007E4012906D04E20207001F0D2FD8D
:10CD70000146F1A009E4532121700770F6E7532121
:10CD800021700770E9E70221BD48012AC17047718F
:10CD900006D0022A06D0032A06D0042A06D007E0CD
:10CDA000182004E0252002E0332000E0412020701C
:10CDB00001F0B0FDB44C0146A269501CA061E7A08F
:10CDC00002F0DAFA0BF0F6FAE08EEC4988420AD16A
:10CDD0000098407D012806D12879002803D104F06D
:10CDE00017FF01202871A6480421406BFAF78BFE3B
:10CDF00007E4E3490198FAF79DFE002805D1E049D0
:10CE0000E048FAF797FE002806D05120207001F084
:10CE100081FD0146DCA061E4002006F091FD0828B8
:10CE200007D051204B26207001F074FD0146E1A08F
:10CE300054E41920207001F06DFD0146E5A04DE499
:10CE4000002006F005FE0A2814D023204B2620706F
:10CE500001F060FD0146E9A040E4002006F0B4FDC9
:10CE6000082808D023204B26207001F053FD0146EE
:10CE7000D8E13BE37CE2D7E1E9E200005B25755DA8
:10CE8000456E61626C6520536572766572204E61F5
:10CE90006D6520496E6469636174696F6E206665B3
:10CEA00061747572652E0D0A000000005B25755DCA
:10CEB0004661696C656420746F20656E61626C65A3
:10CEC0002053534C206D6F64650D0A005B25755D22
:10CED000456E61626C652053534C20616E64206323
:10CEE0006F6E6669677572652053534C20636F6E71
:10CEF000746578742F636F6E6E65637420696E64F9
:10CF000065782E0D0A0000005B25755D4661696C31
:10CF1000656420746F20636F6E6669677572652043
:10CF200043412063657274696669636174650D0AC3
:10CF3000000000005B25755D436F6E666967757262
:10CF400065207468652070617468206F66204341B5
:10CF500020636572746966696361746520666F72C7
:10CF60002053534C2E0D0A005B25755D4661696C9C
:10CF7000656420746F20636F6E66696775726520E3
:10CF8000636C69656E742063657274696669636158
:10CF900074650D0A000000005B25755D436F6E66C9
:10CFA0006967757265207468652070617468206FA8
:10CFB0006620636C69656E74206365727469666966
:10CFC0006361746520666F722053534C2E0D0A0006
:10CFD0005B25755D4661696C656420746F20636FC5
:10CFE0006E66696775726520636C69656E74207022
:10CFF000726976617465206B65790D0A0000000026
:10D000005B25755D436F6E66696775726520746830
:10D01000652070617468206F6620636C69656E744A
:10D020002070726976617465206B657920666F7215
:10D030002053534C2E0D0A00620000205B25755DC5
:10D040004E6F20444E53207265736F6C7574696F18
:10D050006E2072657175697265640D0A00000000CA
:10D060005B25755D5265736F6C76696E6720646FC2
:10D070006D61696E206E616D652E2E2E0D0A0000A9
:10D0800088010020C8C8000898000020E40400209F
:10D090005B25755D536561726368696E6720666FB5
:10D0A00072206C6F636174696F6E2E2E2E0D0A00F4
:10D0B0005B25755D5375636365737366756C6C7919
:10D0C000206F627461696E6564206C6F636174695E
:10D0D0006F6E20696E666F726D6174696F6E0D0A96
:10D0E000000000005B25755D4661696C6564207415
:10D0F0006F206F627461696E206C6F636174696F19
:10D100006E20696E666F726D6174696F6E0D0A00D4
:10D11000000800500F0000205B25755D4661696CBA
:10D12000656420746F207475726E206F6666204788
:10D130004E53530D0A0000005B25755D5375636304
:10D1400065737366756C6C79207475726E206F668A
:10D150006620474E53530D0A000000005B25755DA5
:10D160002A2A2A2A2A55706C6F61642073746172AE
:10D17000743A25752A2A2A2A2A0D0A00FFFF000080
:10D1800068C200085D1800205B25755D434F415063
:10D1900020706172616D6574657220636F6E66697F
:10D1A0006775726174696F6E206572726F720D0AB5
:10D1B000000000005B25755D434F415020636F6E9A
:10D1C00066696775726174696F6E206661696C6506
:10D1D000640D0A005B25755D434F415020636F6EFF
:10D1E00066696775726174696F6E207375636365D4
:10D1F000737366756C6C790D0A0000005B25755DB4
:10D200004661696C656420746F2043726561746562
:10D21000206120436F41502073657373696F6E0DF9
:10D220000A000000B2A0A0E41B20207001F072FBF5
:10D230000146B94899E4002006F08EFC082807D082
:10D2400023204B26207001F065FB0146B3A08CE43F
:10D25000BF49C048FAF76EFC002801D0202000E04A
:10D260001C20207001F056FB0146BBA07DE400208D
:10D2700006F0C2FC082807D023204B26207001F0BE
:10D2800049FB0146C1A070E4B248B1498130FAF7C8
:10D2900051FC002801D0202000E01D20207001F06A
:10D2A00039FB0146C6A060E4002006F0F5FC082822
:10D2B00007D023204B26207001F02CFB0146CDA087
:10D2C00053E4A349D848FAF735FC002801D02020C0
:10D2D00000E01E20207001F01DFB0146D3A044E4B5
:10D2E000002006F029FD082807D023204B262070B7
:10D2F00001F010FB0146DAA037E4CB4894498130B5
:10D30000FAF718FC002801D0202000E01F20207030
:10D3100001F000FB0146DFA027E4002006F05CFDE1
:10D32000082807D023204B26207001F0F3FA01468D
:10D33000E5A01AE42020207001F0ECFA0146EFA0ED
:10D3400013E4002006F026FE082806D121202070D4
:10D35000002006F065FE082802D04B262320FCE3BF
:10D36000222090E3FCF71AFA01202873AF72E873C9
:10D3700027E3002006F0A4FA112807D050204B26FE
:10D38000207001F0C7FA0146E9A006E4287B0028D6
:10D3900001D04F2000E05020207001F0BBFA014680
:10D3A000ECA010E4002006F087FE242804D02028FA
:10D3B00009D01F2828D004E31A20207001F0AAFA0F
:10D3C0000146EFA00AE4E87A012808D1002006F01F
:10D3D000E1FD082802D1002006F022FEEF72F74896
:10D3E0000078012809D1002006F0D4FD082802D1D8
:10D3F000002006F015FEF1480770F148EF73017840
:10D40000002971D1232070E4EF73FBE750490198A4
:10D41000FAF790FB002805D14D49EA48FAF78AFB54
:10D42000002806D05120207001F074FA0146E6A0D1
:10D4300034E4002006F0AAFE082807D051204B262D
:10D44000207001F067FA0146EAA027E434204DE29B
:10D45000002007F011F808288AD03F204B262070C2
:10D4600001F058FA0146EBA018E4002006F0C2FED5
:10D470000828A0D03F204B26207001F04BFA01462F
:10D48000F0A00BE4002007F0FDFA082807D03F20A9
:10D490004B26207001F03EFA0146F3A040E4FB4821
:10D4A000C08BFCF77BF98CE2002007F05BF802E010
:10D4B000002007F0DFF8082808D00EE0002007F071
:10D4C00045F9F8E7002007F0AFF9F4E73C200DE25A
:10D4D000002007F015FA082807D03F204B262070BF
:10D4E00001F018FA0146D3E179E2D3E142E300000A
:10D4F0005B25755D4661696C656420746F205365BA
:10D5000074206120436F4150206D657373616765BE
:10D510002049440D0A000000E4C501085B25755D43
:10D520004661696C656420746F20636F6E6669671D
:10D530007572652074686520436F4150206F707468
:10D54000696F6E20696E64657820310D0A000000F5
:10D5500068C20008DE1800205B25755D53756363A3
:10D5600065737366756C6C7920636F6E6669677539
:10D5700072656420436F4150206F7074696F6E2034
:10D58000696E64657820310D0A0000005B25755DC9
:10D590004661696C656420746F20636F6E666967AD
:10D5A0007572652074686520436F4150206F7074F8
:10D5B000696F6E20696E64657820320D0A00000084
:10D5C0005B25755D5375636365737366756C6C7904
:10D5D00020636F6E6669677572656420436F4150A2
:10D5E000206F7074696F6E20696E64657820320DEB
:10D5F0000A0000005B25755D4661696C65642074F6
:10D600006F20636F6E666967757265207468652048
:10D61000436F4150206F7074696F6E20696E64654E
:10D620007820330D0A000000E01900205B25755DAD
:10D630005375636365737366756C6C7920636F6E85
:10D640006669677572656420436F4150206F70741E
:10D65000696F6E20696E64657820330D0A000000E2
:10D660005B25755D4661696C656420746F20636F2E
:10D670006E6669677572652074686520436F4150F6
:10D68000206F7074696F6E20696E64657820340D48
:10D690000A0000005B25755D5375636365737366EF
:10D6A000756C6C7920636F6E66696775726564204E
:10D6B000436F4150206F7074696F6E20696E6465AE
:10D6C0007820340D0A0000005B25755D4661696CA9
:10D6D000656420746F20636F6E666967757265207C
:10D6E00074686520436F4150206F7074696F6E20BD
:10D6F000696E64657820350D0A0000005B25755D54
:10D700005375636365737366756C6C7920636F6EB4
:10D710006669677572656420436F4150206F70744D
:10D72000696F6E20696E64657820350D0A0000000F
:10D730005B25755D4661696C656420746F20636C60
:10D740006F736520436F41502073657373696F6E0B
:10D750000D0A00005B25755D436C6F736564207472
:10D76000686520436F41502073657373696F6E2045
:10D770007375636365737366756C6C790D0A00006D
:10D780005B25755D437265617465206120436F415F
:10D79000502073657373696F6E20616E6420636FD0
:10D7A0006E6E65637420746F2074686520436F41EA
:10D7B00050207365727665720D0A00006D000020BE
:10D7C000180100205B1700205B25755D4D515454F6
:10D7D00020706172616D6574657220636F6E666939
:10D7E0006775726174696F6E206572726F720D0A6F
:10D7F000000000005B25755D4D51545420636F6E31
:10D8000066696775726174696F6E206661696C65BF
:10D81000640D0A005B25755D4661696C6564207462
:10D820006F206F70656E20746865204D51545420D0
:10D83000636C69656E74206E6574776F726B0D0A28
:10D84000000000005B25755D4661696C65642074AD
:10D850006F20636F6E6E65637420746F20736572E2
:10D860007665720D0A0000005B25755D4661696C86
:10D87000656420746F2073756273637269626520DA
:10D88000746F20746F7069630D0A000098000020A7
:10D89000EEA0C8E43C202070002007F09DF8082886
:10D8A00070D04B263F2058E101202873AF72E87AF0
:10D8B000012808D1002006F0B7FF082802D1002077
:10D8C00007F08AF8EF72E7480078012809D10020B4
:10D8D00006F0AAFF082802D1002007F07DF8E148F1
:10D8E0000770E1480178002979D13E20FCE300204F
:10D8F00006F08CFD082873D03F204B26207001F0E5
:10D9000009F80146D9A08EE4002006F009FC082899
:10D9100007D050204B26207000F0FCFF0146E0A00D
:10D9200081E45020207000F0F5FF0146E6A07AE483
:10D93000002007F047F9122830D006DC04283DD03B
:10D940000A2807D00C283CD10BE014282DD0182829
:10D9500037D12CE03520207000F0DCFF0146E6A036
:10D9600061E40098007C002808D0012808D0022833
:10D9700009D0032809D0052809D00AE0372007E09C
:10D98000382005E01DE0392002E03A2000E03B208D
:10D99000207000F0BFFF0146E4A044E43D20207069
:10D9A00000F0B8FF0146ECA03DE436206BE04F20CC
:10D9B000207000F0AFFF0146F1A034E44B26502068
:10D9C00092E34C2090E3FE490198FAF7B3F800285F
:10D9D00009D05120207000F09DFF014601E0EDE0EC
:10D9E0007FE3F8A01FE4002007F01AFE082804D007
:10D9F000012068734B262B2087E026208CE00298BC
:10DA0000002805D0002008F041F8082809D004E0DB
:10DA1000002008F0D9F80828D3D0012068734B26DD
:10DA20002EE0272060E3002007F0B6FDF3E7FBF7C8
:10DA3000B5FE29209AE0002007F0B0FE082870D03B
:10DA4000012068734B262B209EE0002007F06EFD1E
:10DA5000082801D06F73AAE0687B012803D04F200B
:10DA600020706F73B3E05020FAE7002008F0F6F85A
:10DA70000E2807D020280CD01028A2D101206873CE
:10DA80002B206AE02A20207000F044FF0146D7A036
:10DA900009E400F03FFF0146DCA001F06DFCE87AEC
:10DAA000012808D1002007F0F1FF082802D100204A
:10DAB00007F072FDEF726B480078012809D1002051
:10DAC00007F0E4FF082802D1002007F065FD654853
:10DAD000077065480178002970D12B2004E3B8490C
:10DAE0000198FAF727F8002806D05120207000F09E
:10DAF00011FF0146CDA00FE4002007F06DFA0828C1
:10DB000009D00120A8744B264720207000F002FFA6
:10DB10000146D0A00DE44220207000F0FBFE01463B
:10DB200000E037E0D5A004E40298002805D00020EA
:10DB300007F00AFC08280AD005E0002007F07AFC6C
:10DB4000082800D13DE70120A8744B2651E043206E
:10DB5000CAE2002007F0FCF9F2E7207000F0DAFEDC
:10DB60000146D1A011E4FBF719FE452020700120E9
:10DB70002873AF72B9E2002007F0AAFA082809D08A
:10DB80000120A8744B264720207000F0C3FE0146F8
:10DB9000CCA006E44C20207000F0BCFE0146D2A0D0
:10DBA00010E4002007F09EF908280AD0AF74502036
:10DBB0004B26207000F0AEFE014600E041E0D5A00B
:10DBC00036E4A87C012807D04F202070AF7400F005
:10DBD000A1FE0146D7A02BE45020F6E7002007F075
:10DBE00071FC0E2807D0202807D01028AAD10120C8
:10DBF000A8744720B1E7462045E700F08BFE0146B8
:10DC000082A001F0B9FBE87A012808D1002007F0D2
:10DC10009BFB082802D1002007F09AF9EF72114807
:10DC20000078012809D1002007F08EFB082802D1D6
:10DC3000002007F08DF90B4807700B480178002988
:10DC400002D00770012087E195E100005B25755D3A
:10DC50004661696C656420746F205365742050556B
:10DC6000420D0A006D000020180100205B25755D43
:10DC70004661696C656420746F20646973636F6EBC
:10DC80006E65637420636C69656E742066726F6D77
:10DC9000204D515454207365727665720D0A000050
:10DCA0005B25755D4661696C656420746F20636CEB
:10DCB0006F73652054435020636F6E6E65637469A3
:10DCC0006F6E0D0A000000005B25755D54686520CD
:10DCD00054435020636F6E6E656374696F6E206984
:10DCE0007320636C6F73656420737563636573730E
:10DCF00066756C6C790D0A005B25755D4F70656EFD
:10DD0000656420746865204D51545420636C6965C6
:10DD10006E74206E6574776F726B207375636365C4
:10DD2000737366756C6C790D0A0000005B25755D78
:10DD30005375636365737366756C6C7920636F6E7E
:10DD40006E656374656420746F2074686520736504
:10DD5000727665720D0A00005B25755D53756273FE
:10DD6000637269626520746F20746F7069632073D9
:10DD700075636365737366756C6C790D0A000000DA
:10DD80005B25755D5375636365737366756C6C793C
:10DD900020646973636F6E6E656374656420746874
:10DDA0006520636C69656E742066726F6D2074689F
:10DDB00065204D515454207365727665720D0A00CA
:10DDC00068C200085B25755D554450207061726122
:10DDD0006D6574657220636F6E66696775726174D4
:10DDE000696F6E206572726F720D0A005B25755D3A
:10DDF00055706C6F61642064617461207375636336
:10DE000065737366756C6C790D0A00005B25755D32
:10DE1000446174616772616D2069732073656E740B
:10DE20002062792052460D0A000000005B25755DD6
:10DE300054435020706172616D6574657220636F28
:10DE40006E66696775726174696F6E206572726F54
:10DE5000720D0A005B25755D4661696C656420740E
:10DE60006F206F70656E206120536F636B65742047
:10DE7000536572766963650D0A0000005B25755D68
:10DE80004F70656E206120536F636B65742053651E
:10DE90007276696365207375636365737366756C09
:10DEA0006C790D0A000000005B25755D4661696CA8
:10DEB000656420746F2075706C6F61642064617498
:10DEC000610D0A005B25755D526574726965766542
:10DED000207265636569766564206461746120669B
:10DEE00061696C65640D0A005B25755D526574722D
:10DEF0006965766520746865205265636569766535
:10DF00006420646F776E6C696E6B20446174610D80
:10DF10000A0000005B25755D4661696C65642074CC
:10DF20006F20636C6F73652074686520706F727406
:10DF30000D0A00005B25755D436C6F736520746886
:10DF40006520706F72742073756363657373667593
:10DF50006C6C790D0A0000002870784976480860DA
:10DF60007749784800F0E8FC7749764800F04CFDA6
:10DF700000F044FB25E54720B6E000F0CBFC01466D
:10DF800072A001F0F9F97948042107707848406BD4
:10DF9000F9F7B9FD287B002822D1A87A03281CD2E2
:10DFA00073480221C17047717248007F012806D072
:10DFB000022806D0032806D0042806D007E018203F
:10DFC00004E0252002E0332000E041202070A87A00
:10DFD000401CA872287B002802D1A87A032814D1FB
:10DFE000687900280CD1634881687D20C0004143D6
:10DFF000614800F009FD604800F018FD01206871DB
:10E000005E480770AF72532020702F736DE051206F
:10E01000207000F07FFC014659A03AE400F07AFC41
:10E0200001465CA001F0A8F951205DE000F072FC0F
:10E0300001465EA001F0A0F900F06CFC014662A070
:10E0400009E003F001FD7D20C000FBF7A7FB00F015
:10E0500061FC0146664801F08FF901210520490362
:10E060000007FBF703FE0028EBD001210520490340
:10E070000007FBF7FBFD012806D100F04BFC014631
:10E080005B481C3001F078F94C202070384804219E
:10E090008170EF71574CC1702078002803D056482A
:10E0A000007802280BD9334881687D20C0004143A5
:10E0B000314800F0A9FC304800F0B8FC02E04F49BC
:10E0C00001200870277010E0012A06D0022A06D02D
:10E0D000032A06D0042A06D007E0242004E02C20DE
:10E0E00002E0402000E048202070EF70304605B08C
:10E0F000F0BD1F480421C1708170EF7140482F7539
:10E100008068A82802D13F49012008703E493F4855
:10E1100000F012FC7D2189013C4800F075FC3B4871
:10E1200000F084FC00F0F6FB014639A001F024F970
:10E130004C202070DAE70000808B0208900000205D
:10E1400045E300080C050020881300005B25755D81
:10E150002A2A2A2A2A456E64206F662075706C6F01
:10E1600061642A2A2A2A2A0D0A0000001F000020C2
:10E17000880100209800002044040020490000206D
:10E180005B25755D53656E6420636F6D706C65749F
:10E19000650D0A005B25755D4661696C65642074D8
:10E1A0006F2073656E640D0A000000005B25755DCD
:10E1B0005265737461727420746865206D6F647544
:10E1C0006C652E2E2E0D0A005B25755D4E6F20723C
:10E1D0006573706F6E7365207768656E2073687500
:10E1E0007474696E6720646F776E0D0A000000001A
:10E1F000B0C400080D0000203200002021000020E3
:10E20000000008082D00002095640108A8040020E3
:10E210005B25755D4E42206D6F64756C652069737A
:10E2200020696E697469616C697A696E672E2E2E39
:10E230000D0A00007047000010B5052020210007DE
:10E24000FBF714FD012806D0074800F027FC07481B
:10E250000121817210BD0649034800F0D5FB024838
:10E2600000F0E4FB10BD0000580400202000002056
:10E2700060EA000010B50549054800F0C5FB0448F8
:10E2800000F0D4FB03490120087610BD10270000E0
:10E29000200500200000002010B5044800F0FEFB1F
:10E2A00003480021C170017010BD000094040020DB
:10E2B0002000002010B50B4800F0F0FB0A4C0121B3
:10E2C000002249032046FBF7DEFC00222101204604
:10E2D000FBF7D9FC0121002209032046FBF7D3FC00
:10E2E00010BD0000800400200004005070B5124CE6
:10E2F0000125A27DAD03114E0A2A0DD8521CA2752C
:10E3000064210F4800F080FB0D4800F08FFB294688
:10E310003046FBF7B0FC70BD094800F0BFFB00229F
:10E3200029463046FBF7AFFC034900202031087135
:10E33000A07501F0A3F800000000002000040050C8
:10E340006C04002010B5034800F0A8FB024801212E
:10E35000417410BD0C05002020000020F0B53448A9
:10E36000344C80688FB0002855D0A07E002500284E
:10E370000AD10CA800F09AF901A90C9800F0B2F9A2
:10E38000019820770120A0762B480078002837D00C
:10E390002A4E3B273068FF43B8421EDD3C282FDA67
:10E3A000684600F083F900983168401802A900F02F
:10E3B00099F90298C1B2207F002800D13C200029A1
:10E3C00000D13C21401A45B2BD4201DD3C2D00DBAD
:10E3D000002519480078002812D03068B8420FDDB7
:10E3E0003C280DDA12494019896809187D20C000BF
:10E3F0004143134800F008FB0F490020087007E074
:10E400000B4881687D20C00041430D4800F0FCFAB4
:10E410000B4800F00BFB0748012120304170007BC6
:10E42000002802D1607A401C60720FB0F0BD00007D
:10E430009800002000000020650100207C010020E1
:10E4400044040020F0B5314F91B03878002856D000
:10E450002F4D0024E87E00280AD10EA800F026F9EE
:10E4600003A90E9800F03EF9039868770120E8763A
:10E4700028480078002839D0274E3C213068C8420F
:10E480001FDD3C2832DA684600F010F90098316848
:10E49000401803A900F026F90398C1B2687F00284C
:10E4A00000D13C20002900D13C21401A44B23C203C
:10E4B000C44201DD3C2C00DB002416480078002813
:10E4C00014D030683C21C84210DD3C280EDA39787F
:10E4D000124A001951437D22D200504309181048B6
:10E4E00000F092FA0B490020087005E039780B48DB
:10E4F00041430B4800F088FA094800F097FA0449B4
:10E5000001202031C87211B0F0BD0000B800002019
:10E5100000000020660100207C01002060EA00006D
:10E52000BC04002010B5104886B0C16A0124214304
:10E53000C162C06A1421204005906846F9F7E3FAE9
:10E54000202000900020019402900320074C0390AB
:10E5500069462046FBF7C8FA012220212046FBF736
:10E5600092FB06B010BD00000010024000040050F5
:10E570007047000010B50248FCF7A6FC10BD000073
:10E58000A005002001090A2200075143000F40188E
:10E59000C0B270470022014602E00A39C9B2521CDB
:10E5A0000A29FAD21007000E0843704770B50446D6
:10E5B0000068C168490613D40021C943C160FBF754
:10E5C00069FB7D260546F60006E0FBF763FB401B72
:10E5D000B04201D9032070BD2068C0684006F4D560
:10E5E000002070BD10B50348FCF7A6F8FDF7D2F87F
:10E5F00010BD0000740700207047000010B50349EB
:10E60000034800F001FAFFF79DFE10BD88130000DB
:10E610000C050020F7B582B017460E4600241CE01A
:10E620006000315C8019407800900846F9F705FADF
:10E630003038C5B2092D01D9ED1FEDB20098F9F7B8
:10E64000FCF93038C0B2092801D9C01FC0B2290175
:10E65000081802990855641CE4B2BC42E0D3204675
:10E6600005B0F0BD10B5FBF755FB10BD0FB40CB5F0
:10E6700000210191069A049989186A460091918AAD
:10E68000928B891809B26A4691807D22D20091420C
:10E6900005DB009B5B1C891A6A46009391800099F8
:10E6A000019A06C002B008BC04B0184710B5044671
:10E6B00088B000200190029002A8FCF7CFFF0190E3
:10E6C00004A903A8FCF7AAFF0298009005A8019BE3
:10E6D000049A0399FFF7CAFF0598069903C408B086
:10E6E00010BD00003EB50D460024810C420C891877
:10E6F00004D0284A64185143401AF6E72549884255
:10E7000002D349424018641C6A4601A9FAF78CFA00
:10E7100000986A46C0B2286002A90198FAF784FA04
:10E720000098FF21C0B2686002986F31C0B2A86043
:10E7300019484A1E05E083070FD01346E41A401C0F
:10E7400080B283070BD01346A342F4D91349411872
:10E75000134869618A0704D005E00B46EEE70B46D3
:10E76000F2E71D2242601C22C82900D1426001212B
:10E7700002E0E41A491C89B28B001B18803BDB6F56
:10E78000A342F6D94260641C0020EC60C0432961BA
:10E7900028623EBD80510100B207000094F8FFFFDF
:10E7A0002C01002030B5054687B000200190029072
:10E7B0000C4602A8FCF752FF0190029800902246F6
:10E7C000294603A8019B00F00CF8049903980691D0
:10E7D000059068461821415E0598FCF72FFF07B0A9
:10E7E00030BD0FB40CB500210191069A0499891A25
:10E7F0006A460091918A928B891A09B26A46918081
:10E80000002907DA009A521E00927D22D200891850
:10E810006A4691800099019A06C002B008BC04B013
:10E820001847000030B59DB038216846F9F76BF9FC
:10E83000142117A8F9F767F924210EA8F9F763F94D
:10E840001C4801680324E402A143C514491901606E
:10E85000FBF7CAFA18480169A14301610E20009034
:10E86000E8100290012110200490059102200A90E6
:10E8700040040C900391000100240D900B94684615
:10E88000FBF7DCFC0F2017900320189019941A94C2
:10E8900001211B9417A8FBF7A7FB2E200E90082040
:10E8A000119040030F90129513940EA8FBF7D6FA1F
:10E8B0001DB030BD0070004040100240104801689B
:10E8C000821511430160C1680E4A1140C1600168A0
:10E8D0000D4A114001608168490849008160016862
:10E8E0000122920491430160C168FD221204914308
:10E8F000C16000210161064904488860704700003A
:10E90000001002400C40FF88F6FFF6FE0078000879
:10E9100000ED00E010B5FCF71FFFFDF78DF810BD0E
:10E9200070B50546FCF718FF04462846FDF78CF83D
:10E93000201AFDF781F870BD002202604260027269
:10E940000261C1607047000010B5054A11680029D6
:10E9500001D000230B720161106000F03FF810BD80
:10E960002801002070B5FCF7E3FE0446FCF7B6FF73
:10E97000031B194C206800282DD00146002507E014
:10E9800016689E4202D9F61A166000E01560096901
:10E990000A69002AF4D100281DD001692160C068ED
:10E9A000002800D1FEE780472068002813D0FCF73C
:10E9B000C5FE014620680268914205D901692160BF
:10E9C000C0680028EFD1FEE7002804D0017A0029B2
:10E9D00001D100F003F870BD2801002070B5044695
:10E9E000FCF7A4FE054601202072FCF7A7FE216873
:10E9F0004019884201D8084603E0FCF79FFE401901
:10EA00002060FCF7E7FE70BD70B505460846FDF7CF
:10EA10001BF80446284600F041F8FCF787FE8442C4
:10EA200000D204462C606C6070BD0000F8B5040094
:10EA3000EFF3108572B62CD0174F3868014602E00C
:10EA4000A04226D000690028FAD100266068206024
:10EA5000267200290CD0FCF771FE2168091821608C
:10EA600038680268914206D22046FFF76DFF10E039
:10EA7000FCF734FFF8E70169002908D022680B6829
:10EA80009A4201D90846F6E70461216101E0046178
:10EA9000266185F31088F8BD2801002070B5EFF3DA
:10EAA000108572B6144C21680A1E21D000281FD090
:10EAB00081421BD1087A00260128086903D000286A
:10EAC0000AD0206014E0002804D00E722060FFF706
:10EAD00085FF0DE0FCF79AFF266009E0814203D133
:10EAE00008691061002803E00A4609690029F5D188
:10EAF00085F3108870BD00002801002010B5818CBE
:10EB0000C90707D001684A6801235B049A43836AF6
:10EB10001A434A60818C890707D501684A68012336
:10EB20001B049A43C36A1A434A60818C490707D57C
:10EB300001684A6801239B049A43036B1A434A60A5
:10EB4000818C090707D501684A680123DB039A43D2
:10EB5000436B1A434A60818CC90607D502689168E5
:10EB600001231B039943836B19439160818C8906B0
:10EB700007D501688A6801235B039A43C36B1A4374
:10EB80008A60818C490612D503685A6801210905FB
:10EB9000046C8A4322435A60026C8A4207D102689D
:10EBA000516803235B059943436C19435160818C81
:10EBB000090607D501684A680123DB04806C9A4383
:10EBC00002434A6010BD0000F8B5044600268030BC
:10EBD0000660FBF75FF8054620680068124F0007E3
:10EBE00009D501212B46002249052046009700F057
:10EBF00057FA00280DD12068006840070BD5012185
:10EC00002B46002289052046009700F049FA00288B
:10EC100001D00320F8BD2020A067E067266660349D
:10EC200026750020F8BD0000FFFFFF0110B5806AC7
:10EC30000022014640314A834A82FCF725F910BD83
:10EC400070B5846AA06FE56F21688968002609069F
:10EC5000002906DA212804D152200653204600F06C
:10EC60004BF820688068400606D5222D04D15A2032
:10EC70000653204600F027F8204680300168102215
:10EC8000114301602046FCF7FFF870BD10B5014646
:10EC90000968806A096889060DD4002252210A5247
:10ECA00001688A6880239A438A600068016840226C
:10ECB0001143016010BDFCF735FC10BD10B5806A32
:10ECC000FCF731FC10BD01680A68FF2321339A4329
:10ECD0000A6001688A68520852008A60016E012940
:10ECE00004D101680A6810239A430A602021C16791
:10ECF000002101664166704701680A68C0239A4393
:10ED00000A6020218167704770B504464030828BCD
:10ED1000E36F2168222B04D08869082210438861A0
:10ED200070BD496A636D11401980616D891C616510
:10ED3000418B491E4183418B0029F1D121680A682A
:10ED4000FF2321339A430A6021688A6852085200DF
:10ED50008A602021E16700256566216E012904D0C3
:10ED60002046FCF7AFFA256670BD21680A681023BB
:10ED70009A430A60018B2046FCF737F8F3E770B539
:10ED800004464030828BE36F2168222B04D08869CF
:10ED900008221043886170BD496A1140626D11708C
:10EDA000616D491C6165418B491E4183418B00297E
:10EDB000F1D121680A68FF2321339A430A60216850
:10EDC0008A68520852008A602021E1670025656642
:10EDD000216E012904D02046FCF774FA256670BD27
:10EDE00021680A6810239A430A60018B2046FBF7CA
:10EDF000FCFFF3E7F8B50446016880682269E6691C
:10EE000010436269002532431043754B0A68754E02
:10EE1000324002430A602068416803221203914392
:10EE2000E268114341602168A069994201D0226AD9
:10EE300010438A680B263602B24302438A606A494D
:10EE400022686A488A420CD1C0688007800F06D0C9
:10EE500001283FD002283BD0032827D124E00127F6
:10EE600025E063498A420AD1C0680C2108402DD0B0
:10EE700004282FD008282BD00C2817D114E05D4986
:10EE80008A4223D05C498A4220D09A420ED1C1687E
:10EE900003208002014019D001208002091A19D0F4
:10EEA000091A15D0814201D1082700E010274F49E7
:10EEB0005248403986009A4232D1002F0CD0022F9E
:10EEC0000DD0042F10D0082F7FD126E00027EEE7C9
:10EED0000227ECE70427EAE7FBF754F906E00968A4
:10EEE000C90605D4304603E0FBF76CF9002872D060
:10EEF000626851005118814267D81103814264D37E
:10EF0000010E06025008002330185941F8F71AFD87
:10EF100003210902411A3A4A55E00120C003E7E7FC
:10EF20000122E369D20393422BD13B0000F077FA30
:10EF30000906090C4D114D4D4D274D00FBF722F9E7
:10EF400009E0FBF72FF906E00968C90605D4304649
:10EF500003E0FBF737F900283DD0616840004A081C
:10EF60008018F8F7C5FC80B202462649103A8A425A
:10EF70002BD8491C01400007400F084329E01046E8
:10EF8000EBE73B0000F04BFA0906090C21122121A6
:10EF900021232100FBF7F6F80AE0FBF703F907E06D
:10EFA0000968C90606D4304604E00EE0FBF70AF90A
:10EFB000002810D061684A081018F8F799FC80B250
:10EFC0000146104A1039914203D9012503E0104649
:10EFD000F0E72168C86000206066A0662846F8BD9A
:10EFE00000480040F369FFEF003801404010024044
:10EFF00000440040004C00400050004000093D002B
:10F00000FFFC0F00EFFF000070B541650146403185
:10F010000A834A8300224266012483682403FF2571
:10F02000A34204D10369002B13D11A4B0AE07F26B7
:10F03000002B09D001252D07AB420CD10369002B11
:10F0400005D03F238B8307E00369002B01D08E831B
:10F0500002E08D8300E08A8380210A502221C1676B
:10F0600001688B6801252B438B608168A14202D126
:10F07000016900290BD00849416674210A540068CF
:10F080000168FF22213211430160002070BD034955
:10F09000F2E70000FF0100007FED000809ED000825
:10F0A000FFB581B005460F46044660350A9E39E03B
:10F0B000701C37D0FAF7EEFD0499401AB04222D8FE
:10F0C000002E20D02068016849072BD5C069C043B5
:10F0D000000527D401202168C00208622068016869
:10F0E000FF22A132914301602068816849084900EC
:10F0F00081602020A067E0678034206000202875B0
:10F10000032005B0F0BD20680168FF22A1329143C1
:10F110000160206881684908490081602020A0675B
:10F12000E067EBE72068C1693846884305D00021D5
:10F1300003988142BCD00020E3E70121F8E70000FA
:10F1400010B50248FBF7C0FE10BD0000F00600201D
:10F1500010B50248FBF7B8FE10BD000024060020E1
:10F16000F8B5654F654C3979E07C654D002600297E
:10F1700012D0002863D06348F9F7E2FC6249002806
:10F1800028D0022829D003282CD004282CD00528E8
:10F190002CD001282DD048E0002850D0594808F044
:10F1A00073FA58483968F8F7F7FC00280DD155482C
:10F1B000F8F7EBFC092808D2FFF7ACFB014653A097
:10F1C00000F0DAF8012038712FE0FFF7A3FB0146C9
:10F1D00054A004E009685AA001E0896807E000F043
:10F1E000CBF822E0C96802E0096900E0496956A04D
:10F1F000F5E72E8601214902686BF8F784FC414847
:10F20000F8F7C3FC3F4F0D2139543846F8F7BDFCE1
:10F210000A2139543846F8F7B8FC82B239464B48CF
:10F22000FCF728F94A48FAF7B9FAE07C012806D138
:10F23000A686FF21E6742D313248F8F764FC207D64
:10F2400001280AD140A0696B00F096F82E86267539
:10F2500001214902686BF8F756FC2879032826D16A
:10F26000002068710420287106253A484E2726465A
:10F27000203600903848FAF745FD3848FAF78EFAFC
:10F28000002007F0A3F9082812D00098F8F77DFCB9
:10F29000002818D018482030C078002813D0002D3E
:10F2A00020D0E775002007F025FA6D1EE2D2F8BDE8
:10F2B0002B480078012803D0E7750020B074F8BD12
:10F2C0000C20E075F9E74920E075002D04D0012DF0
:10F2D000E8D101202073E5E7B07C401CB074012028
:10F2E0006073E2E7FFF716FB01461EA0009A00F0EC
:10F2F00043F8E775F8BD00009800002000000020EA
:10F3000088010020DA020020D88A01085B25755D9B
:10F3100050617373776F726420436F7272656374A8
:10F320000D0A00005B25755D50617373776F726421
:10F3300020496E636F72726563740D0A00000000ED
:10F3400025730D0A0000000025730000A0050020B1
:10F35000DC0500000C15002090050020B80B000013
:10F36000620000205B25755D446F6D61696E204908
:10F37000503A25730D0A00000FB410B503A9044BD1
:10F38000044A029800F086F910BC08BC04B0184783
:10F39000DD2E0108D80100200FB410B504A9074BD9
:10F3A00002AA039800F076F9044602A9002000F0B2
:10F3B0000DFD204610BC08BC04B01847CDFD000868
:10F3C0002021020C01D010211046020A01D0104663
:10F3D0000839020901D01046091F820801D01046E1
:10F3E000891E420801D0881E7047081A7047F8B578
:10F3F000040C8BB2264682B25E430D0C1046370CCD
:10F400005843360480190021794116466E43370C63
:10F4100036048019794126466E438919F8BD30B407
:10F420007446641E2578641CAB4200D21D46635DA1
:10F430005B00E31830BC18478307FF22DB0E9A40BD
:10F440008907090E9940002808DB830809489B00BA
:10F450001B18186890430843186070470007000F96
:10F460000838830804489B001B18D8699043084358
:10F47000D861704700E400E000ED00E0BFF34F8F7B
:10F4800004490348C860BFF34F8F00BFFDE7000089
:10F490000400FA0500ED00E0BFF34F8F0449034874
:10F4A000C860BFF34F8F00BFFDE700000400FA05FE
:10F4B00000ED00E0BFF34F8F04490348C860BFF37D
:10F4C0004F8F00BFFDE700000400FA0500ED00E0EB
:10F4D00000487047DC0100200148006870470000C8
:10F4E000DC01002002E008C8121F08C1002AFAD17E
:10F4F00070477047002001E001C1121F002AFBD1B4
:10F50000704700000149086070470000DC010020DE
:10F51000F0B51FB486B00998089A030D0021024384
:10F5200014D05148514A1818504305141198012815
:10F5300010981AD0281A401C00264D4F4D490096AD
:10F5400001910490002812DA444211E0119801243C
:10F5500049A3012801D11098C1430698119A8460EB
:10F560000360C26041600BB0F0BD4042E4E7044676
:10F57000210500203F4A001C51410391029012E0F6
:10F58000E00707D032463B4601990098F8F7D0FBD8
:10F590000191009032463B4610461946F8F7C8FBE9
:10F5A00006460F466410002CEAD10498039B0028FD
:10F5B000029A0999089806DAF8F7BAFB019B009AB3
:10F5C000F8F7B6FB05E0F8F71BFC019B009AF8F78B
:10F5D00017FC04460E460022284BF8F791FF03D88B
:10F5E0000020C043014607E00022254B204631465B
:10F5F000F8F7B4FEF8F764FF102409E0002C0ADBEA
:10F600000A220023F8F79EF9079B30321A55641E30
:10F6100002460A43F2D11122641C079B121B1C19DB
:10F62000119B012B03D0012308430ED10AE00843AC
:10F6300004D0112010900020119077E71098151A2F
:10F640006D1E0BE01098824202DD00236D1C03E06A
:10F65000824201DA00236D1E002BEED0069811992C
:10F660008260C16030C07EE701FCFFFF104D0000EA
:10F67000000014400000F03F300000000000F043A4
:10F680000000E03F30380A2801D2012070470020F6
:10F6900070470000FFB597B00646002518E2252800
:10F6A00077D100242746FD49049400E00443761CEA
:10F6B00032780120203A90400842F7D130782A2849
:10F6C0000ED00222307801463039092916D8049923
:10F6D0000A235943303940181443761C0490F1E74B
:10F6E000189802C804911890002904DA01204003F8
:10F6F00004434842049002200443761C30782E28AC
:10F7000014D1042004437078761C2A2809D1189853
:10F71000761C80C8189009E00A214F43303FC71972
:10F72000761C3078014630390929F5D930786C28B3
:10F7300010D006DC4C281AD068280ED06A2817D1C1
:10F7400004E0742813D07A2812D110E0012040057B
:10F7500004430CE00121090501E0032109050C43E4
:10F760007178814203D1012000052418761C761C93
:10F770003078119066280BD013DC58287DD009DC36
:10F7800000287BD04528F6D04628F4D047281AD147
:10F79000A5E118E0632835D0642870D0652812D11F
:10F7A0009DE170286CD008DC6728F1D069287BD0F7
:10F7B0006E280DD06F2806D1BAE073282ED0752898
:10F7C00071D0782859D01A9A199990476D1C7EE10A
:10F7D0006002400F022809D003280DD00428189891
:10F7E00001680DD00D60001D189070E11898EA179F
:10F7F00001680D604A60F6E7189801680D80F2E72D
:10F800000D70F0E718986A4601781172001D189083
:10F810000020507202A80090012005E0189802C84C
:10F82000189000200091C04361070DD5002101E030
:10F830000199491C0191B94212DA8142F8DB009A20
:10F84000515C0029F4D10BE0002101E00199491C31
:10F8500001918142FADB019A0099895C0029F5D176
:10F86000019904981A9B471A21463846199A00F0C4
:10F8700097FA0199401945180BE04FE02CE113E08D
:10F880004EE0009800990078491C00911A9A199945
:10F8900090470198401E0190401CF2D12146384605
:10F8A0001A9B199A10E137E00A200021009001917B
:10F8B0006002410F022907D0189A01CA1892C21794
:10F8C0009446032908D00AE01898C01DC108C90051
:10F8D00005C91891944607E000B2C217944604295E
:10F8E00002D140B2C1178C4600226146944506DA27
:10F8F0000A460021404291418C462D2102E021051B
:10F9000004D52B216A461173012103E0E10701D0E0
:10F910002021F7E7029155E00A200AE0102008E0D4
:10F92000102000900021042004430191082703E0E7
:10F9300008200021019100906002410F022907D0A8
:10F94000189A01CA189200229446032908D008E0A8
:10F950001898C01DC108C90005C91891944603E054
:10F9600080B2042900D1C0B200210291210729D51B
:10F970001199702906D0009A1021019B4A401A4320
:10F9800005D00EE040216A461173012108E061466E
:10F99000014306D030216A46117311995173022137
:10F9A0000291009A0821019B4A401A430AD16146FC
:10F9B000014301D1610705D530216A461173012148
:10F9C0007F1E02911199582904D035A10E910DA9DD
:10F9D0000D910DE037A1F9E76146019B009AF7F719
:10F9E000B1FF0E9B8C469B5C0D9A521E0D921370BC
:10F9F00061460143F0D10D9805A9081A2030019005
:10FA0000600703D501200004844300E0012701982A
:10FA1000874201DD381A00E000200199009041186A
:10FA2000029809180498401A0490E00306D421466D
:10FA30001A9B199A049800F0B3F94519002706E0BB
:10FA400003A81A9AC05D199990476D1C7F1C0298F3
:10FA50008742F5DBE0030CD521461A9B199A0498DE
:10FA600000F09EF9451904E01A9A30201999904740
:10FA70006D1C0099481E00900029F5DC08E00D98E7
:10FA80000D990078491C0D911A9A199990476D1C8F
:10FA90000199481E01900029F1DC63E10928010069
:10FAA00030313233343536373839616263646566F4
:10FAB00000000000303132333435363738394142B6
:10FAC000434445460000000000F05AF94519761CF1
:10FAD0003078002800D0E2E528461BB0F0BD600772
:10FAE00000D406271898C01DC108C90048680A68D4
:10FAF0000831C30FDB071891190001D09CA108E061
:10FB0000210501D59BA104E0E10701D09AA100E005
:10FB10009AA1430011985B08109165280CD006DC6F
:10FB2000452809D046281DD0472841D141E0662804
:10FB300018D067283CD13CE00021112F01DB1120B7
:10FB400000E0781C0191009008A911A8FFF7E0FCE3
:10FB5000139905910021119A15927F1C1298019713
:10FB6000009150E00120C00703900120019008A9F6
:10FB7000009711A8FFF7CCFC139A14990592002264
:10FB8000119B009212981593059A0192002901D0B9
:10FB9000104602E0791C40180190381A01D50198EE
:10FBA00004E04042401E0090781C0190C01B02906F
:10FBB00043E0012F00DA01270021112F01DD112080
:10FBC00000E038460191009008A911A8FFF7A0FCB9
:10FBD00013990591119A002112981592009101979D
:10FBE00021070CD40599B94201DB019900E001918C
:10FBF000012904DD159A491E515C302906D0B8420E
:10FC000001DA011D05DA0121029115E00199491E71
:10FC1000EDE7002805DC0099411800910199091AC7
:10FC200003E0019A411C914200DD01910099401AC4
:10FC3000401C02900120C0070390200706D40299BF
:10FC40000198814202DB0020C043029000206946F7
:10FC5000C87707AF012103980337C907884224D02A
:10FC6000022011902B201290039800280CDA4042B9
:10FC700003902D20129007E00A210398F7F738FE31
:10FC800030317F1E039039701199481E1190002960
:10FC9000F2DC03980028EFD1791E129808703078B2
:10FCA000202108404530BF1E387006A8C01BC01D6B
:10FCB000039010980078002800D001200199411885
:10FCC0000298C0170918039809180498401A401E92
:10FCD0000490E00306D421461A9B199A049800F078
:10FCE0005FF8451910980078002803D01A9A1999DE
:10FCF00090476D1CE00324D521461A9B199A04985D
:10FD000000F04EF845191CE00098002807DB009928
:10FD10000598884203DD1598405C199901E019990E
:10FD200030201A9A904700986D1C401C0090029851
:10FD3000401E0290002804D11A9A2E20199990474B
:10FD40006D1C0199481E01900029DDDC05E0387822
:10FD50001A9A7F1C199990476D1C0399481E0390AD
:10FD60000029F4DC21461A9B199A0498ACE600009D
:10FD70002D0000002B00000020000000000000000B
:10FD8000F8B5044600251E461746880404D405E04D
:10FD900039462020B0476D1C641EF9D52846F8BDB1
:10FDA000FFB50446002581B01E46C80301D53027A3
:10FDB00000E02027880404D505E038460399B047C1
:10FDC0006D1C641EF9D5284605B0F0BD0A68531CA9
:10FDD0000B6010707047000070B5384E307B012802
:10FDE0006AD1374CA079002866D021793046C08985
:10FDF0000025002907D0A178491CC9B2A17088420A
:10FE000001D1A57025716179002907D0E178491CDD
:10FE1000C9B2E170884201D1E57065712079A1789D
:10FE2000084303D06079E17808432BD12548007856
:10FE3000002802D024A0FFF79FFA1021715E19203C
:10FE40004001C83110D11221715E814207D11422C4
:10FE5000B25EC83203D11622B25E824212D0814213
:10FE600002D1617901200BE01421715EC83105D106
:10FE70001621715E814201D1012100E06179207972
:10FE800008F0A2FD2178012902D12079002805D0AF
:10FE9000607801280DD1607900280AD1084A012034
:10FEA00020325070012900D120716178012900D1E0
:10FEB000607125706570A57170BD0000980000200C
:10FEC000000000205D0000200D0A000010B5084968
:10FED0000848FEF799FD0748FEF7A8FD0648007B95
:10FEE000002803D1044901202039887110BD000089
:10FEF00060EA0000080400202000002010B5064839
:10FF00008078002802D005A0FFF736FA054906A040
:10FF1000FFF732FA002010BD5C00002041542B4155
:10FF2000504E3D006715002025730D0A00000000AB
:10FF300070B5054608F0DEF83D212846F7F71BFEB0
:10FF400004462846F7F721FE611B401A401E282868
:10FF500001D9022070BD074829210546F7F7D3FDD6
:10FF6000601CF7F712FE0246611C2846F7F7B2FD47
:10FF7000002070BD6715002008B50B488078002868
:10FF800002D00AA0FFF7F8F90B481621415E009154
:10FF9000142312221021C35E825E415E07A0FFF788
:10FFA000EBF9002008BD00005C00002041542B410B
:10FFB0005254454D503D00009800002025642C25EA
:10FFC000642C25642C25640D0A000000F0B587B070
:10FFD00007460026684606818681068286823D2184
:10FFE0003846F7F7C8FD0025C01B401CC4B205E029
:10FFF000395D79556D1C641CEDB2E4B23846F7F7F3
:020000040801F1
:10000000C4FDA042F4D87E5505A904A80191009032
:1000100003AB02AA1AA1384608F098F8042802D0C7
:10002000022007B0F0BD68460823C35E7D20194654
:10003000C831C00081421ED869460C228A5E114632
:10004000C831814217D86C461021615E0C46C83415
:10005000844210D86D4614242C5F2546C83585424D
:1000600009D80A48038242828182C48208A0FFF72D
:1000700083F90020D5E70FA0FFF77EF9D0E7000055
:1000800025642C25642C25642C2564009800002010
:10009000417474656E74696F6E3A54616B65206566
:1000A00066666563742061667465722041545A0DFA
:1000B0000A0000005468652076616C7565207261E5
:1000C0006E6765206973206265747765656E202DA3
:1000D00032303020616E64203830300D0A0000006C
:1000E00010B507F073FF002010BD10B53D21F7F7E4
:1000F00042FD4078302801D0022010BD07F028FFD3
:10010000002010BDF8B507460C48F9F7FBFD0C4D73
:100110000120A8700BA0FFF72FF90B4E0024182028
:10012000604380198168384688471420F9F736FB08
:10013000641C332CF3D30020A870F8BD9005002078
:100140005C0000200D0A0000088B010810B507486C
:100150008078002802D006A0FFF70EF90748C18971
:1001600007A0FFF709F9002010BD00005C00002087
:1001700041542B434954454D503D00009800002008
:1001800025640D0A00000000F8B506460027684601
:1001900007803D213046F7F7EEFC0025801B401C10
:1001A000C4B205E0315D71556D1C641CEDB2E4B262
:1001B0003046F7F7EAFCA042F4D877556A4608A122
:1001C000304607F0C3FF012807D1684600880028A1
:1001D00003D00449C8810020F8BD0220F8BD00000A
:1001E000256400009800002010B50648807800289B
:1001F00002D005A0FFF7C0F8064907A0FFF7BCF83A
:10020000002010BD5C00002041542B434C49454E5A
:10021000543D00009015002025730D0A00000000D9
:1002200070B5054607F066FF3D212846F7F7A3FCA9
:1002300004462846F7F7A9FC611B401A401E802897
:1002400001D9022070BD074881210546F7F75BFC04
:10025000601CF7F79AFC0246611C2846F7F73AFC47
:10026000002070BD9015002008B50A48807800284D
:1002700002D009A0FFF780F80B4881790091014670
:100280002039CA8E0378417D08A0FFF775F8002059
:1002900008BD00005C00002041542B434C4F434BF1
:1002A0004C4F473D00000000B800002025642C257D
:1002B000642C25642C25640D0A000000B0B588B0BC
:1002C00007463D21F7F757FC0025C01B401CC4B270
:1002D00005E0385D70556D1C641CEDB2E4B2384623
:1002E000F7F753FCA042F4D80024745505A902A8DE
:1002F0000191009006AB04AA15A1304607F026FF35
:10030000042823D16846037C012B1FD8018BE120F0
:100310000001814202D31148814217D16846027D13
:10032000202A13D80E4843750346203BD9866946D8
:10033000097A017082710B4804700BA0FFF71CF85A
:10034000002005F055FE002008B0B0BD0220FBE7FC
:1003500025642C25642C25642C256400FFFF0000F7
:10036000B800002068010020536574206166746540
:10037000722063616C6962726174696F6E20746966
:100380006D65206F722074616B65206566666563BC
:10039000742061667465722041545A0D0A00000091
:1003A00010B506488078002802D005A0FEF7E4FFCB
:1003B000064907A0FEF7E0FF002010BD5C0000200A
:1003C00041542B51434F50533D000000561B002019
:1003D00025730D0A0000000070B5054607F08AFE7F
:1003E0003D212846F7F7C7FB04462846F7F7CDFB23
:1003F000611B401A401E3F2801D9022070BD0748EA
:1004000040210546F7F77FFB601CF7F7BEFB02466D
:10041000611C2846F7F75EFB002070BD561B0020CC
:1004200010B507488078002802D006A0FEF7A4FF88
:100430000748417807A0FEF79FFF002010BD00008D
:100440005C00002041542B43535154494D453D001D
:10045000B800002025640D0A0000000010B53D2101
:10046000F7F789FB401CF7F7BFFB411E0A2901D3B0
:10047000022010BD01494870002010BDB8000020C6
:1004800010B507484178002903D00021417005A02C
:1004900002E00121417008A0FEF76EFF002010BDB0
:1004A0005C00002045786974204465627567206DA2
:1004B0006F64650D0A000000456E74657220446526
:1004C000627567206D6F64650D0A000010B50648FF
:1004D0008078002802D005A0FEF74EFF064907A04D
:1004E000FEF74AFF002010BD5C00002041542B4461
:1004F0004555493D00000000A614002025730D0A53
:100500000000000070B505463D21F7F734FB0446B6
:100510002846F7F73AFB611B401A102812D1601CDD
:1005200002F000FD00280DD010210748F7F7EBFA84
:10053000601CF7F72AFB0246611C0348F7F7CAFA6A
:10054000002070BD022070BDA614002010B5064822
:100550008078002802D005A0FEF70EFF064907A00C
:10056000FEF70AFF002010BD5C00002041542B4420
:100570004E534346473D00003E15002025730D0AAB
:100580000000000070B5054607F0B4FD3D21284687
:10059000F7F7F1FA04462846F7F7F7FA611B401A15
:1005A000401E282801D9022070BD07482921054690
:1005B000F7F7A9FA601CF7F7E8FA0246611C28462B
:1005C000F7F788FA002070BD3E15002010B51048DE
:1005D0008078002802D00FA0FEF7CEFE104C11A0AC
:1005E0002279E178FEF7C8FEE07800280BD00F48AA
:1005F0000446F7F7CAFA002805D021460CA0FEF7FA
:10060000BBFE002010BD0CA0FEF7B6FEF9E700000F
:100610005C00002041542B424B444E533D000000EF
:10062000B800002025642C25642C00000C15002047
:1006300025730D0A000000004E554C4C0D0A0000B9
:10064000F1B582B03D210298F7F795FA00902C2180
:100650000298F7F790FA06462C21401CF7F78BFA20
:10066000044600982C2140783038C5B20098F7F73E
:1006700082FA401CF7F7B8FAC7B2012D07D82C212F
:10068000009802F0B5FA002801D0002F01D0022016
:10069000FEBD2C21009802F0ABFA022810D0002DEC
:1006A0001FD02C21009802F0A3FA032819D1029838
:1006B000F7F76BFA0299711A401A401E312803D9D4
:1006C0000CA0FEF759FEE2E7104832210646F7F784
:1006D0001AFA601CF7F759FA0246611C3046F7F720
:1006E000F9F90B48C57007710AA0FEF745FE002016
:1006F000FEBD00004E4F54453A495020666F726D62
:100700006174206572726F720D0A00000C15002072
:10071000B8000020417474656E74696F6E3A54615C
:100720006B6520656666656374206166746572201A
:1007300041545A0D0A00000010B50748807800287F
:1007400002D006A0FEF718FE0748827F417F07A06F
:10075000FEF712FE002010BD5C00002041542B4427
:100760004F574E54453D0000B800002025642C250D
:10077000640D0A0070B506463D21F7F7FCF9054601
:1007800040783038C4B2012C0FD82C213046F7F70E
:10079000F2F9002809D02C212846F7F7ECF9401C83
:1007A000F7F722FAC1B2012901D9022070BD02482F
:1007B00044778177002070BDB8000020F7B5002491
:1007C00082B0254F25460226204600943C54401C0A
:1007D000C0B2FA28FAD321482149047001200870D8
:1007E000024620492048FAF73DFD0498F8F7D6FF65
:1007F0001B481A490470002029E0012D0ED1029AED
:100800003B5C9355761C039AF6B2964206D1029B46
:10081000A9221A700122029B02255A706A46127898
:10082000A92A01D1002D03D03A5CA92A08D00CE0F6
:100830003A5C012A02D06A46147006E0012504E001
:10084000002D02D1A9226B461A70401CC0B20A7852
:100850009042D2D305B0F0BDE00100200700002097
:100860000800002030000020F0060020F8F7F0FF1C
:10087000012213490220F8F7C1FFF8F7B5FF012163
:100880001048F8F741FB05210F48F8F73DFB01211F
:100890000E48F8F739FB0D4801218030F8F734FB9A
:1008A00001210B48F8F730FBF8F7F0F9094901206E
:1008B000087002F099FA1220F8F780FAFEF7ECFDC2
:1008C000040008080058020880860208808A02088E
:1008D000008902085C000020F8F7BAFF01221449E1
:1008E0000220F8F78BFFF8F77FFF01211148F8F796
:1008F0000BFB09211048F8F707FB05210F48F8F713
:1009000003FB01210E48F8F7FFFA0D480121803062
:10091000F8F7FAFA01210B48F8F7F6FAF8F7B6F902
:1009200002F062FA1220F8F749FAFEF7B5FD00006E
:1009300004000808005D02080058020880860208CA
:10094000808A02080089020810B5074880780028CC
:1009500002D006A0FEF710FD0748817807A0FEF739
:100960000BFD002010BD00005C00002041542B470F
:10097000444E533D00000000B800002025640D0ADD
:100980000000000010B53D21F7F7F5F8401CF7F71F
:100990002BF9012801D9022010BD024988700020DE
:1009A00010BD0000B800002010B5F8F777F900205E
:1009B00010BD000010B53D21F7F7DDF84078302874
:1009C00001D0022010BDF8F761F90248002101763C
:1009D000084610BDB800002010B53D21F7F7CBF850
:1009E0004078302803D0312804D0022010BD07F011
:1009F0003DFE04E003490120C8710349087000204E
:100A000010BD00005C0000206701002010B5064CFE
:100A1000A078002802D005A0FEF7AEFC218906A030
:100A2000FEF7AAFC002010BD5C00002041542B47BB
:100A30004E5353543D00000025640D0A0000000091
:100A400010B53D21F7F797F8401CF7F7CDF880B2C5
:100A50000146054A0A39914201D3022010BD0349DB
:100A60000881002010BD00004F0200005C00002043
:100A700010B5064CA078002802D005A0FEF77CFC3B
:100A8000A17905A0FEF778FC002010BD5C000020D5
:100A900041542B4750533D0025640D0A00000000CF
:100AA00010B53D21F7F767F8401CF7F79DF80128CE
:100AB00001D9022010BD02498871002010BD00003C
:100AC0005C00002010B507488078002802D006A0FE
:100AD000FEF752FC0748418F07A0FEF74DFC0020AF
:100AE00010BD00005C00002041542B475444433D9E
:100AF000000000009800002025640D0A000000009E
:100B000010B53D21F7F737F8401CF7F76DF880B2C4
:100B1000044A411E914201D3022010BD0249488778
:100B2000002010BDFFFF00009800002010B507480E
:100B30008078002802D006A0FEF71EFC0748C17985
:100B400007A0FEF719FC002010BD00005C0000208B
:100B500041542B494E544D4F443D00009800002015
:100B600025630D0A0000000010B53D21F7F703F8DA
:100B7000407809493028C87107D0312805D032287B
:100B800003D0332801D0022010BD3038C0B2F8F7AE
:100B900097F8002010BD00009800002010B507480D
:100BA0008078002802D006A0FEF7E6FB0748017F08
:100BB00007A0FEF7E1FB002010BD00005C00002054
:100BC00041542B494F544D4F443D0000B800002084
:100BD00025640D0A0000000010B53D21F6F7CBFF9B
:100BE000401CF7F701F8C0B2022801D9022010BD5D
:100BF00001490877002010BDB800002010B5064C50
:100C0000A078002802D005A0FEF7B6FB617906A007
:100C1000FEF7B2FB002010BD5C00002041542B49C0
:100C200050545950453D000025640D0A0000000055
:100C300010B53D21F6F79FFF401CF6F7D5FFC0B277
:100C4000012803D0022801D0022010BD01494871BB
:100C5000002010BD5C00002010B50A4880780028F4
:100C600002D009A0FEF788FB0A48F6F78EFF00289D
:100C700005D0084908A0FEF77FFB002010BD08A1A1
:100C8000F8E700005C00002041542B4C44415441E3
:100C90003D0000003321002025730D0A00000000F4
:100CA0004E554C4C0000000010B5064880780028D6
:100CB00002D005A0FEF760FB06A108A0FEF75CFBD2
:100CC000002010BD5C00002041542B4D4F44454C8A
:100CD0003D00000076312E312E3000004C5443325E
:100CE0002D43422C25730D0A0000000010B5064C60
:100CF000A078002802D005A0FEF73EFB217906A0CF
:100D0000FEF73AFB002010BD5C00002041542B4D43
:100D1000514F533D0000000025640D0A0000000003
:100D200010B53D21F6F727FF401CF6F75DFFC0B276
:100D3000022801D9022010BD024908710120C870A3
:100D4000002010BD5C00002010B506488078002807
:100D500002D005A0FEF710FB054906A0FEF70CFB2C
:100D6000002010BD5C00002041542B4E54503D002B
:100D7000161B002025730D0A0000000070B5054603
:100D800007F0B8F93D212846F6F7F5FE0446284657
:100D9000F6F7FBFE611B401A401E3F2801D90220D6
:100DA00070BD074840210546F6F7ADFE601CF6F71A
:100DB000ECFE0246611C2846F6F78CFE002070BD52
:100DC000161B002010B508488078002802D007A024
:100DD000FEF7D2FA0748027C2038017F06A0FEF712
:100DE000CBFA002010BD00005C00002041542B50C5
:100DF000524F3D00B800002025642C25640D0A00E8
:100E000070B506463D21F6F7B6FE05464078303807
:100E1000C4B2012C05D0022C03D0032C01D0042C29
:100E200017D12C213046F6F7A6FE002811D02C2130
:100E30002846F6F7A0FE401CF6F7D6FEC0B2022CFC
:100E400003D0042C01D0012C05D1002803D00528A3
:100E500001D0022070BD04490C772031087403A032
:100E6000FEF78AFA002070BD980000204174746576
:100E70006E74696F6E3A54616B6520656666656372
:100E8000742061667465722041545A0D0A00000096
:100E900010B506488078002802D005A0FEF76CFA4D
:100EA000074908A0FEF768FA002010BD5C0000208A
:100EB00041542B505542544F5049433D00000000CF
:100EC0005B17002025730D0A0000000070B5054671
:100ED00007F010F93D212846F6F74DFE0446284656
:100EE000F6F753FE611B401A401E802801D90220EC
:100EF00070BD074881210546F6F705FE601CF6F730
:100F000044FE0246611C2846F6F7E4FD002070BD51
:100F10005B17002010B506488078002802D005A095
:100F2000FEF72AFA054906A0FEF726FA002010BDB2
:100F30005C00002041542B5057443D009216002085
:100F400025730D0A0000000070B5054607F0D2F8C1
:100F50003D212846F6F70FFE04462846F6F715FE13
:100F6000611B401A401EC82801D9022070BD0748E5
:100F7000C9210546F6F7C7FD601CF6F706FE0246D6
:100F8000611C2846F6F7A6FD002070BD92160020D1
:100F900010B507488078002802D006A0FEF7ECF9CB
:100FA0000748016807A0FEF7E7F9002010BD000020
:100FB0005C00002041542B50574F52443D0000002C
:100FC0009800002025730D0A00000000F8B50746C0
:100FD0003D21F6F7D0FD04463846F6F7D6FDE61B70
:100FE000801B401E082801D90220F8BD3846F6F7BC
:100FF000CCFD801B1B4D022802D1607830282ED0FA
:101000000120287108212868F6F77DFD3846F6F79B
:10101000BCFD821B611C521E2868F6F75BFD2C6824
:101020002046F6F7D7FD00BA000AE17800020E4D1F
:1010300008432860201DF6F7CDFD00BA000AE179CB
:1010400000020843094C686001212046F7F75CFF65
:10105000032229462046F7F783FF0020F8BD02202F
:10106000CFE7000098000020DC070020005D0208A8
:1010700010B506488078002802D005A0FEF77CF95C
:10108000064907A0FEF778F9002010BD5C0000209B
:1010900041542B5142414E443D000000E21A0020D1
:1010A00025730D0A0000000070B5054607F022F810
:1010B0003D212846F6F75FFD04462846F6F765FD14
:1010C000611B401A401E352805D82C21204601F00E
:1010D0008FFD012801D0022070BD0748342105464C
:1010E000F6F711FD601CF6F750FD0246611C28461C
:1010F000F6F7F0FC002070BDE21A002070B5012464
:10110000052564032D0721462846F8F7AFFD7D2607
:10111000F600012805D014E000F0CAFC3046F8F7CC
:101120003DFB21462846F8F7A1FD0128F4D0FDF744
:10113000F1FB01460AA00EE000F086FC3046F8F70D
:101140002DFB21462846F8F791FD0028F4D0FDF745
:10115000E1FB014606A0FEF70FF9002070BD00007C
:101160005B25755D706F776572206F6E0D0A0000EC
:101170005B25755D706F776572206F66660D0A007E
:1011800070B5FDF7C7FB01460848FEF7F5F8084DB6
:101190000024182060434019416906A0FEF7ECF8CE
:1011A000641C332CF5D3002070BD000020B9010869
:1011B000088B010825730D0A0000000001F08EF96C
:1011C0001120F7F7FBFD6420F8F7E8FAFEF764F961
:1011D0000120704710B507488078002802D006A08B
:1011E000FEF7CAF80748C18B07A0FEF7C5F8002034
:1011F00010BD00005C00002041542B5258444C3D6F
:10120000000000009800002025640D0A0000000086
:1012100010B53D21F6F7AFFC401CF6F7E5FC02499E
:10122000C883002010BD00009800002010B51048B1
:101230008078002802D00FA0FEF79EF8114912A076
:10124000FEF79AF80F4846300446F6F79EFC002851
:1012500009D00FA12046F6F76DFC002803D12146E6
:101260000DA0FEF789F80EA0FEF786F8002010BD4D
:101270005C00002041542B53455256414444523D9A
:1012800000000000C614002025730D0A00000000B5
:101290004E554C4C0000000028257329000000002A
:1012A0000D0A000070B5054606F024FF3D212846D2
:1012B000F6F761FC04462C212846F6F75CFC002872
:1012C00009D02846F6F761FC611B401A401E4528EC
:1012D00005D9022070BD16A0FEF74EF8F9E71C48AC
:1012E00046210546F6F70FFC601CF6F74EFC024659
:1012F000611C2846F6F7EEFB284601F02BFE01287C
:101300000ED0284601F026FE022809D0284601F01A
:1013100063FE012804D0284601F05EFE022804D1B5
:101320000B4832214630F6F7EEFB002070BD00007E
:101330004E4F54453A534552564144445220464F2D
:10134000524D4154204552524F520D0A00000000A8
:10135000C614002010B507488078002802D006A0E7
:10136000FEF70AF80748017D07A0FEF705F8002000
:1013700010BD00005C00002041542B534C454550EB
:101380003D000000B800002025640D0A00000000A8
:1013900003490120087003490220087000207047AB
:1013A000280000202400002010B50748807800287D
:1013B00002D006A0FDF7E0FF0648817C06A0FDF7FD
:1013C000DBFF002010BD00005C00002041542B53C7
:1013D0004E493D00B800002025640D0A00000000C1
:1013E00010B53D21F6F7C7FB401CF6F7FDFBC0B278
:1013F000012801D9022010BD01498874002010BDC8
:10140000B800002010B506488078002802D005A05A
:10141000FDF7B2FF074908A0FDF7AEFF002010BDA1
:101420005C00002041542B535542544F5049433DDA
:1014300000000000DC17002025730D0A00000000EA
:1014400070B5054606F056FE3D212846F6F793FB9B
:1014500004462846F6F799FB611B401A401E802877
:1014600001D9022070BD074881210546F6F74BFBE4
:10147000601CF6F78AFB0246611C2846F6F72AFB39
:10148000002070BDDC17002010B5074880780028C8
:1014900002D006A0FDF770FF0648816806A0FDF7A0
:1014A0006BFF002010BD00005C00002041542B5455
:1014B00044433D009800002025640D0A0000000010
:1014C00010B53D21F6F757FB401CF6F78DFB0146A2
:1014D000044A3C39914201D3022010BD0249886080
:1014E000002010BDC4FFFF009800002000B58FB0A1
:1014F0006846FDF7DBF803A90098FDF7F3F80B4801
:101500008078002802D00AA0FDF736FF03AB07CB96
:10151000019102900A4908980092411809A0069B7F
:10152000079AFDF729FF00200FB000BD5C000020E6
:1015300041542B54494D455354414D503D000000FA
:101540006C07000025642D253032642D253032646F
:101550002054253032643A253032643A25303264E2
:101560000D0A0000F8B5002607463D210096F6F763
:1015700002FB0025C01B401CC4B205E0395D795553
:101580006D1C641CEDB2E4B23846F6F7FEFAA042D8
:10159000F4D87E556A460AA1384606F0D7FD0128E0
:1015A00001D00220F8BD07490098884204D931468D
:1015B000FDF7F8F80020F8BD03A0FDF7DDFEF0E729
:1015C000256C75008000926576616C7565206E658E
:1015D00065647320746F206265206772656174654D
:1015E00072207468616E20313730343036373230D3
:1015F000300A0D0010B507488078002802D006A0F8
:10160000FDF7BAFE0748C27C417C07A0FDF7B4FE97
:10161000002010BD5C00002041542B544C534D4F12
:10162000443D0000B800002025642C25640D0A000C
:1016300070B506463D21F6F79EFA044640783038EC
:10164000C5B2022D11D82C213046F6F794FA0028A5
:101650000BD02C212046F6F78EFA401CF6F7C4FA80
:10166000C1B2002D03D0012202E0022070BD002291
:1016700002484274C174002070BD0000B800002010
:1016800010B506488078002802D005A0FDF774FE4A
:10169000064907A0FDF770FE002010BD5C00002089
:1016A00041542B554E414D453D0000001116002080
:1016B00025730D0A0000000070B5054606F01AFDFE
:1016C0003D212846F6F757FA04462846F6F75DFA14
:1016D000611B401A401E802801D9022070BD0748B6
:1016E00081210546F6F70FFA601CF6F74EFA02461E
:1016F000611C2846F6F7EEF9002070BD1116002097
:1017000010B506488078002802D005A0FDF734FE09
:10171000064907A0FDF730FE002010BD5C00002048
:1017200041542B555249313D000000005D18002006
:1017300025730D0A0000000070B5054606F0DAFCBE
:101740003D212846F6F717FA04462846F6F71DFA13
:10175000611B401A401E802801D9022070BD074835
:1017600081210546F6F7CFF9601CF6F70EFA02461E
:10177000611C2846F6F7AEF9002070BD5D18002008
:1017800010B506488078002802D005A0FDF7F4FDCA
:10179000064907A0FDF7F0FD002010BD5C00002009
:1017A00041542B555249323D00000000DE18002004
:1017B00025730D0A0000000070B5054606F09AFC7E
:1017C0003D212846F6F7D7F904462846F6F7DDF915
:1017D000611B401A401E802801D9022070BD0748B5
:1017E00081210546F6F78FF9601CF6F7CEF902461F
:1017F000611C2846F6F76EF9002070BDDE18002047
:1018000010B506488078002802D005A0FDF7B4FD89
:10181000064907A0FDF7B0FD002010BD5C000020C8
:1018200041542B555249333D000000005F19002000
:1018300025730D0A0000000070B5054606F05AFC3D
:101840003D212846F6F797F904462846F6F79DF914
:10185000611B401A401E802801D9022070BD074834
:1018600081210546F6F74FF9601CF6F78EF902461E
:10187000611C2846F6F72EF9002070BD5F19002084
:1018800010B506488078002802D005A0FDF774FD49
:10189000064907A0FDF770FD002010BD5C00002088
:1018A00041542B555249343D00000000E0190020FE
:1018B00025730D0A0000000070B5054606F01AFCFD
:1018C0003D212846F6F757F904462846F6F75DF914
:1018D000611B401A401E802801D9022070BD0748B4
:1018E00081210546F6F70FF9601CF6F74EF902461E
:1018F000611C2846F6F7EEF8002070BDE0190020C4
:1019000010B506488078002802D005A0FDF734FD08
:10191000064907A0FDF730FD002010BD5C00002047
:1019200041542B555249353D00000000611A0020FA
:1019300025730D0A0000000070B5054606F0DAFBBD
:101940003D212846F6F717F904462846F6F71DF913
:10195000611B401A401E802801D9022070BD074833
:1019600081210546F6F7CFF8601CF6F70EF902461E
:10197000611C2846F6F7AEF8002070BD611A002001
:1019800010B507488078002802D006A0FDF7F4FCC7
:101990000748017B07A0FDF7EFFC002010BD000009
:1019A0005C00002041542B574D4F443D0000000087
:1019B0009800002025640D0A00000000F8B50646D6
:1019C0000027684607703D213046F6F7D4F8002519
:1019D000801B401CC4B205E0315D71556D1C641C58
:1019E000EDB2E4B23046F6F7D0F8A042F4D877551D
:1019F0006A4608A1304606F0A9FB012807D16846CF
:101A00000078012803D8044908730020F8BD02209B
:101A1000F8BD0000256400009800002030B583B0B8
:101A20000446FDF759FD054600200090024601904E
:101A300021466846F6F783FB2846FDF763FD0199CA
:101A4000009803B030BD000010B586B01421684680
:101A5000F6F759F81348C26A02210A43C262C06A03
:101A6000114C0840059004200090012001900020B6
:101A70000391029069462046F8F736F801220421C6
:101A80002046F8F700F90948F7F788FE00220421FC
:101A90002046F8F7F8F8AF20C000F7F77FFE06B051
:101AA00010BD0000001002400004005014050000AA
:101AB00030B587B014216846F6F725F81748C26A92
:101AC00002210A43C262C06A154C084005900420F6
:101AD0000090012001900020039102906946204669
:101AE000F8F702F8002204212046F8F7CCF87D250B
:101AF000ED002846F7F752FE012204212046F8F7B0
:101B0000C2F82846F7F74AFE002204212046F8F7DB
:101B1000BAF82846F7F742FE07B030BD0010024081
:101B200000040050F0B524A30FCB87B002AC0FC463
:101B3000254C002220212046F8F7A5F86420F7F76D
:101B40002DFEC8220D2102A8FEF738FE0122202119
:101B50002046F8F798F80C22002102A801F055F869
:101B60006946097D884225D16846008A40BA05B297
:101B70006846408A40BA04B214A0FDF7FDFB204637
:101B8000F6F7C2F9184E00223346F6F739F9044643
:101B90000F462846F6F7B8F900223346F6F730F933
:101BA00002460B4611A001970094FDF7E5FBC82003
:101BB000F7F7F4FD07B0F0BDFFFFFFFFFFFFFFFFEA
:101BC000FFFFFFFFFF000000000400500A0D4C540F
:101BD00043322073656E736F72204465746563745D
:101BE00065640D0A00000000000024404368616E37
:101BF0006E656C20313A20252E31662C20436861B9
:101C00006E6E656C20323A20252E31660D0A00007A
:101C100010B50E49CA8E111A824201D389B203E06F
:101C2000E1200001081881B20948824204D1074826
:101C300020300178074801E07D20C000414306487C
:101C4000FCF7E2FE0448FCF7F1FE10BD980000200E
:101C5000FFFF000060EA0000BC040020F8B5FE4F62
:101C60000026FE4C3546B100C819F7F7B3F92268D3
:101C7000010E51552368020C691C5A542368020A4C
:101C8000A91C5A54EA1C2168761C2D1DF6B28854F2
:101C9000EDB2022EE7D32068F5F777FF0028206821
:101CA00004D0F5F772FF012823D02AE00622EC4980
:101CB000F5F710FF25682846F5F78CFF00BA000AF3
:101CC000E9780002E74E08433060281DF5F782FFEF
:101CD00000BA000AE9790002084370600121384621
:101CE000F7F712F9032231463846F7F739F90020A1
:101CF00006E030212068F5F73EFF002801D00220E1
:101D00002071D948F7F766F9D74E6087361D3046FF
:101D1000F7F760F9D54D68713046F7F75BF9000CBD
:101D200028813046F7F756F9000AA871301DF7F7F9
:101D300051F90002CC4F000A0C37A0603846F7F783
:101D400049F9000EE071302807D0312805D032283B
:101D500003D0332801D03020E071C0B23038C0B297
:101D6000F6F7AEFF3846F7F735F90002000E207798
:101D7000012807D0022805D0032803D0042801D069
:101D800002202077B84E14363046F7F723F9000CBE
:101D900020733046F7F71EF9E081361D3046F7F71D
:101DA00019F9001420823046F7F714F9AE4E60821C
:101DB0002C363046F7F70EF90014A0823046F7F7BC
:101DC00009F9E0823846F7F705F9A44EC0B220368B
:101DD0007070002801D105207070A34F303738464D
:101DE000F7F7F8F8000AB0703846F7F7F3F89E4FA7
:101DF000000C307770373846F7F7ECF80006000E25
:101E000000D0012070743846F7F7E4F8000AF07447
:101E10003846F7F7DFF8000CB0713846F7F7DAF814
:101E2000914F000E307074373846F7F7D3F8000C36
:101E3000E8703846F7F7CEF8000A28713846F7F709
:101E4000C9F830763D1D2846F7F7C4F8000EB07487
:101E50002846F7F7BFF8000C70752846F7F7BAF870
:101E60007E49C88680483030F7F7B4F8000E3074E9
:101E70002C1D2046F7F7AEF8000C30712046F7F71E
:101E8000A9F8000EF0702046F7F7A4F8B0772046C6
:101E9000F7F7A0F8000A70777348754D1C300027DB
:101EA0003C4600900098B9000818F7F793F8010E27
:101EB00029552919020C4A70020A7F1C241D8A70B8
:101EC000FFB2C870E4B2042FECD36948F5F75DFEA9
:101ED000002804D167A269A16548FDF75DFA624850
:101EE00048300024274600900098A1000818F7F712
:101EF00071F8E919020EC0314A70020C8A70020AA8
:101F0000641C3F1DCA70E4B20871FFB20A2CEBD307
:101F10005748C1300446F5F738FE002804D155A2D1
:101F200056A12046FDF738FA554800242746009070
:101F30000098A1000818F7F74DF84D49020EC9198D
:101F400020310A70020C4A70020A641C3F1D8A701C
:101F5000E4B2C870FFB2122CEAD34548203000909A
:101F6000F5F713FE002804D142A244A10098FDF722
:101F700013FA444F00242546A000C019F7F72AF8A9
:101F80003B49020E491980310A76020C4A76020A50
:101F9000641C2D1D8A76E4B2C876EDB20A2CEBD310
:101FA000334898300446F5F7F0FD002804D136A2F6
:101FB00032A12046FDF7F0F900242546A000C01903
:101FC0002830F7F707F82A49020E491960318A715B
:101FD000020CCA71020A641C2D1D0A72E4B2487216
:101FE000EDB20C2CEAD31D48007F032815D1307CBC
:101FF000012804D0022804D0032809D00DE027A22C
:1020000007E0707C012801D02BA202E030A200E0A2
:1020100035A21AA10098FDF7BFF9394F0025144CDD
:102020002E46A800C019F6F7D5FFA119FF31020E00
:102030006131CA72020C0A73020A6D1C361D4A73A2
:10204000EDB28873F6B2202DEBD32E480546F5F796
:102050009CFD00285DD157E0005D0208980000203B
:102060001C040020DC070020005802085C0000204F
:10207000A61400204E554C4C0000000025730000B3
:10208000005C0208008B020822382E382E382E38C9
:10209000222C22382E382E342E3422006D71747486
:1020A000332E7468696E67737065616B2E636F6D34
:1020B0002C313838330000006D7174742E646174F3
:1020C0006163616B652E636F2C313838330000001B
:1020D0006D7174742E6461746163616B652E636FDE
:1020E0002C3838383300000062726F6B65722E68CE
:1020F0006976656D712E636F6D2C31383833000051
:10210000805A020811160020D84AD9A12846FDF7A6
:1021100043F9D84F00252E46A800C019F6F75AFFFC
:10212000A119FF31020EE1310A73020C4A73020A4F
:102130006D1C361D8A73EDB2C873F6B2322DEBD327
:10214000CD480546F5F721FD002804D1C74AC8A1AE
:102150002846FDF721F9C94F00252E46A800C019D1
:10216000F6F738FFA119020EE0318A72020CCA722A
:10217000020A6D1C361D0A73EDB24873F6B2202DAB
:10218000ECD3BF480546F5F700FD002804D1B74A57
:10219000B7A12846FDF700F9B84F803700252E4635
:1021A000A800C019F6F716FFA31915214901020E60
:1021B00059184A75020C8A75020A6D1C361DCA75BB
:1021C000EDB20876F6B2202DEAD3AB48C930054609
:1021D000F5F7DBFC002804D1A44AA5A12846FDF7A9
:1021E000DBF8A84F00252E46A800C019F6F7F2FE2E
:1021F000A31919214901020E59188A75020CCA75D2
:10220000020A6D1C361D0A76EDB24876F6B2202D14
:10221000EAD39D480546F5F7B8FC002804D1934A57
:1022200093A12846FDF7B8F8984F00252E46A80040
:10223000C019F6F7CFFEA3191D214901020E591846
:10224000CA75020C0A76020A6D1C361D4A76EDB27A
:102250008876F6B2202DEAD38B4881300546F5F713
:1022600094FC002804D1814A81A12846FDF794F806
:10227000864F803700252E46A800C019F6F7AAFE23
:10228000A31921214901020E59180A76020C4A7637
:10229000020A6D1C361D8A76EDB2C876F6B2202D84
:1022A000EAD37B480546F5F770FC002804D16F4A55
:1022B0006FA12846FDF770F8764F00252E46A8003E
:1022C000C019F6F787FEA31925214901020E5918F6
:1022D0004A76020C8A76020A6D1C361DCA76EDB269
:1022E0000877F6B2202DEAD3694881300546F5F724
:1022F0004CFC002804D15D4A5DA12846FDF74CF84E
:10230000644F803700252E46A800C019F6F762FEFC
:10231000A31929214901020E59188A76020CCA769E
:10232000020A6D1C361D0A77EDB24877F6B2202DF1
:10233000EAD359480546F5F728FC002804D14B4A52
:102340004BA12846FDF728F8544F00252E46A8003B
:10235000C019F6F73FFEA3192D214901020E5918A5
:10236000CA76020C0A77020A6D1C361D4A77EDB256
:102370008877F6B2202DEAD3474881300546F5F735
:1023800004FC002804D1394A39A12846FDF704F895
:10239000434F00252E46A800C019F6F71BFEA319CF
:1023A00031214901020E59180A77020C4A77020AB4
:1023B0006D1C361D8A77EDB2C877F6B20D2DEAD3C3
:1023C00038480546F5F7E1FB002804D136A228A1DC
:1023D0002846FCF7E1FF314F803700252E46A80044
:1023E000C019F6F7F7FDA31933214901020E591858
:1023F0000A74020C4A74020A6D1C361D8A74EDB20E
:10240000C874F6B2102DEAD3264834300546F5F7E5
:10241000BCFB002804D1154A15A12846FCF7BCFFD7
:102420001E4FC03700252E46A800C019F6F7D2FD72
:10243000A31935214901020E59180A74020C4A7475
:10244000020A6D1C361D8A74EDB2C874F6B2102DE6
:10245000EAD3144874300446F5F797FB002804D1FA
:10246000024A03A12046FCF797FFF8BD742001083B
:1024700025730000005B0208921600200059020834
:1024800090150020005A0208DC1700208086020800
:10249000DE18002080870208E019002080880208EA
:1024A000808A0208E21A0020307831303030303231
:1024B0003030303030303030306630653138396669
:1024C0002C307831303030343230303030303030C1
:1024D000303039306531383966000000F8B5802178
:1024E000FE48F5F710FBFD4880218030F5F70BFB27
:1024F0008021FB48F5F707FBF948C8218030F5F744
:1025000002FBF74880218038F5F7FDFA8021F54875
:10251000F5F7F9FAF34880218030F5F7F4FA8021D5
:10252000F148F5F7F0FAF04880218030F5F7EBFA42
:102530008021EE48F5F7E7FAEC4880218030F5F786
:10254000E2FA8021EA48F5F7DEFAE9488021803096
:10255000F5F7D9FA8021E748F5F7D5FAE548802163
:102560008030F5F7D0FAE44ADC48518FE34B016044
:1025700019899C790904240221435C792143416033
:1025800091688160D1790C06117F09040C431146D2
:1025900020314D782C43C460D48B24040461147B17
:1025A000D58924042C434461148A1225555F2404E0
:1025B0002C438461948A1625555F24042C43C462FD
:1025C0000C7C0D7F24062D042C438D782D022C438A
:1025D00004630D784C7C2D062C438D79CE7C2D0424
:1025E000360235432C430467DC781B7924041B0234
:1025F0001C430B7E1C4344678B7C1B064C7DD28E98
:10260000240423431343CA1C8367537814781A02A3
:10261000224352BA4B7F12041B02897F1A430A439A
:1026200000252E46B64CC26710E067193846F5F70C
:10263000D1FA00BA000AF97800020843A749B200AB
:1026400051182D1D761CEDB2F6B2C861AC48F5F7F5
:102650009CFAA842E9D800252046C1302E460090B9
:1026600013E067193846C130F5F7B4FA00BAC0373D
:10267000000A397900020843B20098492D1D51180B
:10268000761C8864EDB2F6B20098F5F77EFAA8429F
:10269000E7D80025204620302E46009012E067192A
:1026A00020373846F5F796FA00BA000AF9780002A2
:1026B0000843B20089492D1D80318850761CEDB247
:1026C000F6B20098F5F761FAA842E8D8002520464E
:1026D000FF306C302E46009014E067193846FF300A
:1026E0006C30F5F777FAFF3700BA6137000AB97B2B
:1026F00000020843B2007A492D1D8850761CEDB2C5
:10270000F6B20098F5F741FAA842E6D8002520462F
:10271000FF30ED302E46009015E067193846FF3047
:10272000ED30F5F757FAFF3700BAE137000AF97BC9
:1027300000020843B2006A492D1D80318850761C82
:10274000EDB2F6B20098F5F720FAA842E5D80025D8
:102750002046EA302E46009013E067193846EA30EA
:10276000F5F738FA00BAE037000A797B000208432F
:10277000B2005B492D1D80398850761CEDB2F6B24F
:102780000098F5F702FAA842E7D800255D482E46E2
:102790002018009014E05B4867193818F5F71AFA0A
:1027A0001521490100BA7918000A097E0002084380
:1027B000B2004C492D1D8850761CEDB2F6B200983F
:1027C000F5F7E3F9A842E6D84E48002581302018F5
:1027D0002E46009016E04B48671981303818F5F7FF
:1027E000F9F91921490100BA7918000A497E000255
:1027F0000843B2003B492D1D80318850761CEDB254
:10280000F6B20098F5F7C1F9A842E4D800253E4891
:102810002E462018009014E03B4867193818F5F749
:10282000D9F91D21490100BA7918000A897E0002F0
:102830000843B2002C492D1D8850761CEDB2F6B22B
:102840000098F5F7A2F9A842E6D800258720C00035
:1028500020182E46009016E087206719C00038180F
:10286000F5F7B8F92121490100BA7918000AC97EA3
:1028700000020843B2001C492D1D80318850761C8F
:10288000EDB2F6B20098F5F780F9A842E4D8002539
:102890001E482E462018009014E01C48671938186E
:1028A000F5F798F92521490100BA7918000A097F3E
:1028B00000020843B2000D492D1D8850761CEDB270
:1028C000F6B20098F5F761F9A842E6D80F4800255E
:1028D000813020182E4600902FE00000E8070020ED
:1028E00068090020B00A0020B00B0020B00C0020C6
:1028F000B00D0020B00E0020980000205C000020E9
:10290000A6140020B5020000B7030000B9040000BF
:10291000A54867193818F5F75DF92921490100BA6A
:102920007918000A497F00020843B2009F492D1D13
:102930008850761CEDB2F6B20098F5F726F9A84259
:10294000E6D899480025813020182E46009016E0E0
:102950009548671981303818F5F73CF92D21490160
:1029600000BA7918000A897F00020843B2008F4933
:102970002D1D80318850761CEDB2F6B20098F5F727
:1029800004F9A842E4D8002589482E462018009072
:1029900014E0874867193818F5F71CF93121490107
:1029A00000BA7918000AC97F00020843B2008149C1
:1029B0002D1D8850761CEDB2F6B20098F5F7E5F8BB
:1029C000A842E6D80025204698302E46009013E015
:1029D000671938469830F5F7FDF800BA8037000AD5
:1029E000F97E00020843B20072492D1D80318850E3
:1029F000761CEDB2F6B20098F5F7C7F8A842E7D812
:102A00000025204666302E46009014E067193846AF
:102A10006630F5F7DFF800BA6037000A797A00020D
:102A20000843B20063492D1D80315118761C88621D
:102A3000EDB2F6B20098F5F7A8F8A842E6D800255E
:102A40006721090161182E46009114E0672067197B
:102A500000013818F5F7BEF83321490100BA79189A
:102A6000000AC97C00020843B2002D1D5249761CA1
:102A70008850EDB2F6B20098F5F787F8A842E5D88D
:102A800000256B20000120182E46009016E06B20D8
:102A9000671900013818F5F79DF83521490100BA8A
:102AA0007918000AC97C00020843B20042492D1D72
:102AB0005118761C0864EDB2F6B20098F5F765F887
:102AC000A842E4D83D4C09212046F6F71DFA3C4DBA
:102AD00005212846F6F718FA3A4E01213046F6F756
:102AE00013FA384F012180373846F6F70DFA0121E5
:102AF0003548F6F709FA202234492046F6F730FA2D
:102B00003249202280313248F6F72AFA2022314910
:102B10003148F6F725FA2F49202280312F48F6F761
:102B20001FFA2E4832222E498030F6F719FA2C4926
:102B300029482022C8318030F6F712FA274820228F
:102B400028498038F6F70CFA264920228031284699
:102B5000F6F706FA1A48202223498030F6F700FAE1
:102B60001249202280392148F6F7FAF91F4820221D
:102B70000E498030F6F7F4F90C49134820228031D1
:102B80008038F6F7EDF920220A493046F6F7E8F9E1
:102B90000849202280313846F6F7E2F9202206491A
:102BA0000948F6F7DDF9F8BD3A050000300D0020C0
:102BB0003C060000300E0020300F002000580208B4
:102BC00080860208808A020800890208E80700203F
:102BD000005C0208E808002000590208805A020838
:102BE000E8090020300B0020300C0020808702080C
:102BF000034610B50020024603E08C4200D1401C81
:102C0000521C9C5C002CF8D110BD10B5002303E0D1
:102C1000445CE318491CC9B29142F9D3D8B210BD43
:102C200010B5092109020948F4F76DFF0748F4F7C8
:102C3000ACFF0649064A401806A1FCF7ADFB034865
:102C4000F4F7A3FF0D49088010BD000033210020D8
:102C5000A61400207B22494D4549223A22257322A1
:102C60002C22446F776E6B6C696E6B5F41636B22D5
:102C70003A2273756363657373227D00C40100207B
:102C800008B5092109020A48F4F73DFF0848F4F79E
:102C90007CFF07490AA3401806A100910A4A0B4984
:102CA000FCF77AFB0248F4F770FF0949088008BD79
:102CB00033210020442D424739352D303033000078
:102CC00076312E312E300000A6140020ACC701084A
:102CD000C4010020F3B506463AA00FC885B06D4682
:102CE0000FC5002405F05AFD002220213948F6F7CF
:102CF000CAFFC820F6F752FD002564220D21684660
:102D0000FDF75CFD0C2200216846FFF77EFF694657
:102D1000097B884225D16846008940BA00B2F5F7A0
:102D2000F3F800222C4BF5F76BF8F5F761F907463D
:102D30002A4807606846408940BA00B2F5F7E4F8CF
:102D40000022254BF5F75CF8F5F752F92349244AA0
:102D50004860A10057501432641CE4B25050052C56
:102D60000BD200206946FF220A54401CC0B20F2833
:102D7000FAD36D1CEDB20F2DBFD318484068400048
:102D8000000E09D10698012806D10220F8F7B2FEFC
:102D9000FF20F530F6F702FD012220210D48F6F75D
:102DA00072FF032C02D20F48306007E00C48F5F7A1
:102DB00058FE30600A481430F5F753FE706007B0D3
:102DC000F0BD0000FFFFFFFFFFFFFFFFFFFFFFFF62
:102DD000FFFFFF0000040050000024405C010020C1
:102DE000441D0020A4C075C4F8B580213248F4F712
:102DF0008AFE32481821324C41873C22228101252B
:102E0000E122657152010226826003462671203359
:102E10001E775D752B4EC6860F261E7008269E7186
:102E2000DD700523C725C381ED4319260582760190
:102E300046828582C68220480160A079224900022C
:102E400008431D4948600846826043611F48886105
:102E5000C8620120400408631D4808670120400241
:102E60004867E80B886701200006C86720780028BB
:102E70001BD000252E4611E0164847193846F4F7B6
:102E8000A9FE00BA000AF978000208430A49B20014
:102E900051182D1D761CEDB2F6B2C8610D48F4F73D
:102EA00074FEA842E8D800202070202202490A4877
:102EB000F6F756F8F8BD0000E8070020980000205B
:102EC0005C000020FFFF000001003C00200338FFF1
:102ED0000000080FA61400200058020813B5FF23B5
:102EE000012269460448F8F75BFA03491020096893
:102EF000086200981CBD00002406002010B506489A
:102F0000F8F712FB01460548054A008B5043F4F7D9
:102F1000EFFC80B210BD0000000002446000F81F0A
:102F2000B80B000070B5054600240BE0F4F778FDFF
:102F30000068295D415C88004840000601D40020FB
:102F400070BD641C2846F4F720FEA042EED8012094
:102F500070BD000070B58EB004001DD02078002830
:102F60001AD01AA12046F4F7E5FD002814D12C212F
:102F70002046F4F71FFE05000ED034216846F4F712
:102F8000C2FD144821462A1A6846203AF4F7A2FDE9
:102F9000002425466E4611E002200EB070BD305D63
:102FA0002E2803D030380A2804D205E06D1CEDB27B
:102FB000032D01D90020F0E7641CE4B26846F4F761
:102FC000E4FDA042EBD80120E7E700004E554C4C51
:102FD00000000000A614002030B58FB0050036D0E8
:102FE0002878002833D01CA12846F4F7A3FD002838
:102FF0002DD12C212846F4F7DDFD040027D03C21FB
:103000006846F4F780FD16482946221A6846203A99
:10301000F4F760FD6846F4F7B8FD00231A466C46E5
:1030200011E0A15C3A290CD00D46303D092D09D99B
:10303000313D052D06D94139052903D900200FB0AE
:1030400030BD5B1C521C8242EBDB072B01D00220FF
:10305000F5E70120F3E700004E554C4C000000005E
:10306000A6140020F8B54C48F6F74CFE4B4E002550
:1030700030794B4C01280DD1607D401CC0B2607589
:103080001E2807D135716575FBF744FC014645A044
:10309000FCF772F94A480121827841482030002A21
:1030A00003D0474B012A0BD010E04279012A0DD101
:1030B000027B002A0AD10E22E275C171457105E03A
:1030C000DA78022A02D1027B002A1AD08570C279EE
:1030D000012A37D0007B002812D1A06B0A22401CA5
:1030E000A063384B50435A10984202D9B3689342B8
:1030F00005D3B3685D00A84202D9934200D3A17200
:10310000F8BD8278521CD2B282700A2ADFD3857051
:10311000E27F521CE277327F012A0AD0022A0AD0CB
:10312000032A0CD0042AD2D14722E275264A117014
:10313000CDE7232204E02B22E275244AF7E73F2261
:10314000E275C4E7027B002ADAD18279521CD7B239
:10315000124A87712032BC46537806277B43634569
:10316000BBD18571C5711A480170104620300378B3
:103170005B1CDBB20370042B08D30570D07F801C6E
:10318000C0B2D0770C2801D30C20D0770C48042291
:1031900082705220E075A0E7900500209800002082
:1031A000000000205B25755D50617373776F72645A
:1031B0002074696D656F75740D0A0D0A00000000BA
:1031C000880100208051010076010020710100205B
:1031D0007401002070B50122094D064614032146F2
:1031E0002846F6F750FD3046F6F7D8FA0022214679
:1031F0002846F6F748FD6420F6F7D0FA70BD0000C7
:10320000000400501FB5F6F78DFDFBF70BFBF8F738
:10321000EFFCF8F7D9FCF8F7ABFD0122FC49FD48BB
:10322000F8F720F8FB48F8F7BFFDF8F77FFDF849FD
:1032300001222B31F848F8F715F8F748F8F7B4FDF4
:10324000F8F75EFDF2483030F8F7B0F9F8F78CFA8D
:10325000F8F790FC03F0F2FDFEF700FDF5F712FF22
:10326000EE49EF48FBF768FBEE49ED48FBF7CCFB76
:10327000EB48FBF7DBFB04F0BDF9E948EA49DC3831
:10328000FBF75AFB0520F6F789FAE548E749643869
:10329000FBF752FB0520F6F781FAE148E44978385C
:1032A000FBF74AFB0520F6F779FADD48E14950388B
:1032B000FBF742FB03F01EFE0520F6F76FFAF8F766
:1032C00045FCD748DC493C38FBF736FB0520F6F7D0
:1032D00065FAD348D9492838FBF72EFB0520F6F7C5
:1032E0005DFAF5F785FE0520F6F758FAD449D5487A
:1032F000FBF722FBD448007B012806D1D349D148F3
:10330000FBF782FBCF48FBF791FBFBF70BF9FEF7CE
:1033100009FC0120F5F72CFD04F036FE04F0B6F8A8
:1033200004F074F87D20C000FFF754FFC848F6F79A
:1033300035FAC8480079B64D113D012814D07D27D3
:103340000126FF0076030524240731462046F6F7C0
:103350008DFC012821D04D20E87527E0FEF7A8FB61
:103360002046F6F71BFA05E07D240126E4007603EB
:1033700005273F0731463846F6F778FC0128EDD09F
:103380004D20E875F6F764FAB2490022091D0220C3
:10339000F6F734FAF6F728FA05E0FEF789FB384627
:1033A000F6F7FCF9D1E7E87D4C280CD07D20C00071
:1033B000F6F7F4F99648801DF8F700FD4B2802D186
:1033C000E87F401CE877E87FA34F0026062819D93C
:1033D000A87F401CC0B2A877032819D0FBF79AFA3F
:1033E00001469EA0FBF7C8FFF8F7A0FC8849012220
:1033F0002B318948F7F736FF8748F8F7D5FC492085
:10340000E875EE77824C0F34207B002802D00AE06A
:10341000AE770EE0687A052802D2A87A002802D09A
:103420006E72AE7205E0A07C042802D8A87C0C283D
:1034300001D3FCF723F8FCF7CFFCF878022808D179
:10344000E97D4C2905D1217B002902D14A21E9756A
:103450007E71E17A002944D07B492031497D0129E0
:103460003FD102283DD0207B00283AD18248F6F790
:1034700049FC82480078002805D0FBF74BFA01464A
:103480007FA0FBF779FF012102A8FFF723FC804909
:103490000298F4F70FFCF4F759FD7E4908807C4947
:1034A0000398F4F707FCF4F751FD7B490880684660
:1034B000FBF7FCF879490098486004F0EBFD6F4891
:1034C000007800280CD00398F4F77EFD009001915D
:1034D0000298F4F779FD02460B4671A0FBF74CFF0A
:1034E000E6727A48007801281BD1F878042818D1B0
:1034F000207B002806D014E0FEF7DAFA7D20C00019
:10350000F6F74CF90121052049030007F6F7AEFB59
:103510000128F1D00120A873E8750220F8706B48EB
:103520000670287C01280BD1F878042808D1207B6C
:10353000002805D101202E74E8750221F970E87386
:103540006078012832D1F87804282FD1207B002818
:103550002CD1B878042808D0012817D025E0FEF730
:10356000A7FA7D20C000F6F719F9012105204903CB
:103570000007F6F77BFB0128F1D04D20E87512E03B
:10358000FEF796FA7D20C000F6F708F90121052024
:1035900049030007F6F76AFB0128F1D00120A87360
:1035A000E8750220F87066706E72AE63287E00289F
:1035B00002D0FFF757FD2E76607B002806D0F87802
:1035C000042803D10120207202202071FBF7C8FDDE
:1035D000A07A00281BD03220F6F7E0F83CA0FBF7D9
:1035E000CBFE6420F6F7DAF805273F07202138469E
:1035F000F6F73CFB012805D040213846F6F736FBAC
:1036000001286ED132A0FBF7B7FE322067E06BE0F5
:103610001100002024060020A005002075E200080B
:1036200020050020102700005DE3000845E40008A5
:1036300095640108F56E0108E58F000839900008CF
:10364000CDFE0008080400209800002060EA000079
:10365000B80B000000000808880100205B25755D9C
:103660005265737461727420746865206D6F64753F
:103670006C652E2E2E0D0A00900500205D000020A6
:103680005B25755D434C4F434B3A0D0A0D0A000014
:10369000000020417600002072000020E0000020A1
:1036A0006368616E6E656C315F74656D703A252E6E
:1036B00031662C206368616E6E65325F74656D7073
:1036C0003A252E31660D0A0D0A0000006300002025
:1036D00041542B5057524D320D0A000001E0F6F7CD
:1036E0005DF8A6720120607205F09CF8E87D4C2818
:1036F00000D058E6E87C0028FBD10248F8F7AEF984
:1037000051E6000025E8000810B5074A04211170B1
:1037100000F010F8054802F0F1FA0549082800D039
:1037200009200870C0B210BD79010020489D010831
:103730007A01002010B5FF210848F4F7E4F908A148
:103740000648F4F7EBF9104904480860F4F71DFA4D
:103750000E4908600E48007810BD0000342000209B
:1037600041542B5153534C4346473D22636163659B
:103770007274222C302C226361636572742E706522
:103780006D220D0A0000000080010020840100204D
:103790007A01002010B5074A0421117000F010F8DA
:1037A000054802F0ABFA0549082800D00920087046
:1037B000C0B210BD79010020649D01087A0100208B
:1037C00010B5FF210848F4F79EF908A10648F4F760
:1037D000A5F9114904480860F4F7D7F90F490860C2
:1037E0000F48007810BD00003420002041542B51B8
:1037F00053534C4346473D22636C69656E74636561
:103800007274222C302C22636C69656E742E706584
:103810006D220D0A000000008001002084010020BC
:103820007A01002010B5074A0421117000F010F849
:10383000054802F063FA0549082800D009200870FD
:10384000C0B210BD79010020809D01087A010020DE
:1038500010B5FF210848F4F756F908A10648F4F717
:103860005DF9114904480860F4F78FF90F490860C1
:103870000F48007810BD00003420002041542B5127
:1038800053534C4346473D22636C69656E746B65C8
:1038900079222C302C22757365725F6B65792E70DE
:1038A000656D220D0A0000008001002084010020C7
:1038B0007A01002001480078704700007A0100205A
:1038C000F8B50C4C0221217000F01AF80A4D0B4E8D
:1038D000192705E0304602F011FA082806D02F70AB
:1038E0002078411E2170F5D22878F8BD112028706B
:1038F000FAE70000790100207A010020D0B3010826
:10390000044805A1016009491120086008480078B1
:10391000704700008001002041542B51434F41501B
:10392000434C4F53453D300D0A00000084010020F8
:103930007A01002001480078704700007A010020D9
:10394000F8B50C4C0221217000F01AF80A4D0B4E0C
:10395000092705E0304602F0D1F9082806D02F707B
:103960002078411E2170F5D22878F8BD08202870F3
:10397000FAE70000790100207A0100209CB20108DA
:10398000044805A101600B491A2008600A48007824
:10399000704700008001002041542B51434F41509B
:1039A0004346473D22706470636964222C302C3199
:1039B0000D0A0000840100207A01002001480078EF
:1039C000704700007A010020F8B50C4C02212170EC
:1039D00000F01AF80A4D0B4E092705E0304602F0B8
:1039E0008DF9082806D02F702078411E2170F5D25D
:1039F0002878F8BD08202870FAE700007901002037
:103A00007A010020D4B20108044805A101600B49E5
:103A1000192008600A4800787047000080010020E3
:103A200041542B51434F41504845414445523D304C
:103A30002C313233342C310D0A0000008401002077
:103A40007A01002001480078704700007A010020C8
:103A5000F8B50C4C0421217000F01AF80A4D0B4EF9
:103A60000B2705E0304602F049F9082806D02F70F0
:103A70002078411E2170F5D22878F8BD0A202870E0
:103A8000FAE70000790100207A010020B8B20108AD
:103A9000F8B5092109022148F4F735F820482C210E
:103AA0000746F4F768F805461EA11C48F4F736F8F7
:103AB0001B4846300090F4F768F8194E174C203E2A
:103AC00000280CD02C210098F4F755F80746204622
:103AD000F4F75BF80019BA1B663A009906E00F4844
:103AE000F4F753F8AA1B00193946203AF3F7F2FF0E
:103AF00011A10A48F4F712F829460848F4F70EF81D
:103B00000EA10648F4F70AF80D4804602046F4F7C1
:103B10003CF80C4908600C480078F8BD33210020BF
:103B2000C614002041542B51434F41504F50454E35
:103B30003D302C2200000000220000000D0A000091
:103B400080010020840100207A01002001480078D3
:103B5000704700007A01002010B5074A002111705B
:103B600000F010F8054802F0C9F80549082800D00F
:103B700009200870C0B210BD79010020F0B2010820
:103B80007A01002010B5092109020C48F3F7BBFFA8
:103B90000BA10A48F3F7C2FF0F490848F3F7BEFF2D
:103BA0000EA10648F3F7BAFF0D4904480860F3F781
:103BB000ECFF0C4908600C48007810BD3321002050
:103BC00041542B51434F41504F5054494F4E3D307B
:103BD0002C302C302C0000005D1800200D0A000055
:103BE00080010020840100207A0100200148007833
:103BF000704700007A01002010B5074A00211170BB
:103C000000F010F8054802F079F80549082800D0BE
:103C100009200870C0B210BD790100200CB3010862
:103C20007A01002010B5092109020C48F3F76BFF57
:103C30000BA10A48F3F772FF0F490848F3F76EFF2C
:103C40000EA10648F3F76AFF0D4904480860F3F730
:103C50009CFF0C4908600C48007810BD33210020FF
:103C600041542B51434F41504F5054494F4E3D30DA
:103C70002C302C312C000000DE1800200D0A000032
:103C800080010020840100207A0100200148007892
:103C9000704700007A01002010B5074A002111701A
:103CA00000F010F8054802F029F80549082800D06E
:103CB00009200870C0B210BD7901002028B30108A6
:103CC0007A01002010B5092109020C48F3F71BFF07
:103CD0000BA10A48F3F722FF0F490848F3F71EFF2C
:103CE0000EA10648F3F71AFF0D4904480860F3F7E0
:103CF0004CFF0C4908600C48007810BD33210020AF
:103D000041542B51434F41504F5054494F4E3D3039
:103D10002C302C322C0000005F1900200D0A00000E
:103D200080010020840100207A01002001480078F1
:103D3000704700007A01002010B5074A0021117079
:103D400000F010F8054801F0D9FF0549082800D017
:103D500009200870C0B210BD7901002044B30108E9
:103D60007A01002010B5092109020C48F3F7CBFEB7
:103D70000BA10A48F3F7D2FE0F490848F3F7CEFE2D
:103D80000EA10648F3F7CAFE0D4904480860F3F790
:103D9000FCFE0C4908600C48007810BD332100205F
:103DA00041542B51434F41504F5054494F4E3D3099
:103DB0002C302C332C000000E01900200D0A0000EC
:103DC00080010020840100207A0100200148007851
:103DD000704700007A01002010B5074A00211170D9
:103DE00000F010F8054801F089FF0549082800D0C7
:103DF00009200870C0B210BD7901002060B301082D
:103E00007A01002010B5092109020C48F3F77BFE66
:103E10000BA10A48F3F782FE0F490848F3F77EFE2C
:103E20000EA10648F3F77AFE0D4904480860F3F73F
:103E3000ACFE0C4908600C48007810BD332100200E
:103E400041542B51434F41504F5054494F4E3D30F8
:103E50002C302C342C000000611A00200D0A0000C8
:103E600080010020840100207A010020F8B501269D
:103E7000B60231461F48F3F746FE1F4D1F4CA87F80
:103E8000012806D1FAF746FD01461DA0626BFBF73B
:103E900073FA287C052808D121A1606BF3F74AFE4C
:103EA000002802D022490120087022A1606BF3F79C
:103EB00041FE23A1F3F73EFE224D040018D00A2153
:103EC000F3F778FE074631460A48F3F71CFE3A1B23
:103ED000A11C0848921EF3F7FDFDFAF71BFD0146F1
:103EE000044A19A0FBF748FA17202870C0B2F8BDA1
:103EF0001620FAE7332A0020B800002088010020AD
:103F00005B25755D446562756720646F776E6C69CB
:103F10006E6B20646174613A25730D0A0000000025
:103F20004576656E743A53746174757300000000D1
:103F30006F0100202B51434F415052454356000022
:103F40000D0A00007A0100205B25755D52656365EE
:103F50006976656420646F776E6C696E6B2064614E
:103F600074613A25730D0A0010B5FFF77FFF17281B
:103F700006D105480078002802D1044803F098FBD8
:103F80000348007810BD00006F010020332A002094
:103F90007A01002010B5084902200870002000F0C6
:103FA00011F8064801F0AAFE0549082800D00920AA
:103FB0000870C0B210BD0000790100207CB3010878
:103FC0007A01002010B5092109020A48F3F79BFD88
:103FD00009A10848F3F7A2FD0DA10648F3F79EFDDD
:103FE0000C4904480860F3F7D0FD0B4908600B4802
:103FF000007810BD3321002041542B51434F4150D4
:1040000053454E443D302C312C322C323535000096
:104010000D0A000080010020840100207A010020A8
:1040200010B5084904200870002000F011F8064877
:1040300001F064FE0549082800D009200870C0B2CC
:1040400010BD00007901002098B301087A0100201A
:1040500010B5092109021248F3F755FD11480078FF
:10406000012817D010480078012816D002F054FF1C
:104070000E4C002020600A48F3F787FD08491A22F9
:104080000A5408462160F3F780FD09490860094891
:10409000007810BDFEF7F4FDEAE7FEF7C1FDE7E7A3
:1040A000332100206F0100206D00002080010020DE
:1040B000840100207A01002070B50F4D0FA1686BBC
:1040C000F3F738FD114C002801D024200FE010A197
:1040D000686BF3F72FFD002804D00020FFF744FFA2
:1040E000202004E00D480078012803D01E20207015
:1040F000C0B270BD1F20FAE7880100202B51434F4A
:1041000041504F50454E3A20302C30007A0100206B
:104110002B51434F4150524543560000730100203C
:10412000F8B50E480EA1016011490F200860032068
:10413000104C114D2070114E092705E0304601F05A
:10414000DDFD082806D02F702078411E2170F5D2A1
:104150002878F8BD08202870FAE7000080010020C8
:1041600041542B514D54434C4F53453D300D0A00A3
:1041700084010020790100207A010020EC9E0108D2
:1041800001480078704700007A01002070B50D48A2
:104190000DA10160134919200860134C0420207000
:1041A000124D07E0284601F0A9FD082806D064203A
:1041B000F5F7F4FA2178481E2070F3D20C48007805
:1041C00070BD00008001002041542B514D544346E6
:1041D000473D2276657273696F6E222C302C340D48
:1041E0000A00000084010020790100209C9D010844
:1041F0007A01002010B5074A0421117000F010F870
:10420000054801F07BFD0549082800D00920087009
:10421000C0B210BD79010020D49D01087A010020B0
:1042200010B5FF211B48F3F76EFC1BA11948F3F7EB
:1042300075FC1D491748F3F771FC1B481BA1813021
:104240000446F3F777FC002816D11AA11148F3F7BA
:1042500065FC21460F48F3F761FC174813A104469B
:10426000F3F768FC002807D112A10A48F3F756FCBF
:1042700021460848F3F752FC10A10648F3F74EFC1C
:104280000F4904480860F3F780FC0E4908600E48A7
:10429000007810BD3420002041542B514D54434F21
:1042A0004E4E3D302C220000901500204E554C4CB7
:1042B00000000000222C220092160020220D0A008D
:1042C00080010020840100207A010020014800784C
:1042D000704700007A010020F8B57D210026C90052
:1042E0002A48F3F710FC2A4D2AA1686BF3F722FC49
:1042F000294F0446B87F012806D1FAF70BFB014687
:1043000026A06A6BFBF738F82CA12046F3F712FCC5
:10431000002800D001262DA1686BF3F70BFC0125C6
:10432000002801D02D48057030002D4E0ED05D21A3
:104330002046F3F720FC021B21460E3113480D3AAC
:10434000F3F7C8FB2748357005700DE00A212046B9
:10435000F3F711FC021BE11C0C48521FF3F7BAFBE8
:10436000387C052800D13570FAF7D4FA0146074A9F
:104370001DA0FBF701F819480078002802D1034876
:1043800003F096F920480078F8BD0000332A002099
:1043900088010020222C2200B80000205B25755DDA
:1043A000446562756720646F776E6C696E6B20641C
:1043B0006174613A25730D0A000000007B22436F8F
:1043C0006E666967223A225B000000004576656EE2
:1043D000743A537461747573000000006F0100201B
:1043E000C20100206A0000205B25755D526563658F
:1043F0006976656420646F776E6C696E6B206461AA
:1044000074613A25730D0A007A010020F8B50E4850
:104410000EA1016011490E2008600320104C114DBF
:104420002070114E092705E0304601F067FC08288E
:1044300006D02F702078411E2170F5D22878F8BD63
:1044400008202870FAE700008001002041542B5119
:104450004D54444953433D300D0A0000840100206F
:10446000790100207A010020D09E010801480078DF
:10447000704700007A01002010B5074A042111702E
:1044800000F010F8054801F039FC0549082800D073
:1044900009200870C0B210BD79010020B89D010844
:1044A0007A010020F8B5FF212248F3F72CFB2248BF
:1044B000224E00781F4C002812D0304666302C2146
:1044C0000746F3F758FB05461DA12046F3F726FBE8
:1044D0002046F3F75AFB0019AA1B3946663A11E049
:1044E00016482C2120300746F3F745FB054614A15A
:1044F0001048F3F713FB0F48F3F747FBAA1B00190B
:104500003946203AF3F7E6FA11A10A48F3F706FB19
:1045100029460848F3F702FB0EA10648F3F7FEFA16
:104520000D4804602046F3F730FB0C4908600C4846
:104530000078F8BD3420002075010020A61400206A
:1045400041542B514D544F50454E3D302C220000CC
:10455000220000000D0A00008001002084010020DC
:104560007A01002010B5084904200870002000F0EE
:1045700011F8064801F0C2FB0549082800D00920BF
:104580000870C0B210BD000079010020289E01080B
:104590007A01002010B5FF211448F3F7B4FA14484B
:1045A0000078022804D0002804D0012804D007E0B5
:1045B00010A102E017A100E01EA10C48F3F7AEFA2B
:1045C00024490A48F3F7AAFA23A10848F3F7A6FA00
:1045D00024A10648F3F7A2FA234904480860F3F738
:1045E000D4FA224908602248007810BD3420002007
:1045F0006000002041542B514D545055423D302C09
:10460000312C322C302C226368616E6E656C732FF6
:104610000000000041542B514D545055423D302C68
:10462000302C302C302C226368616E6E656C732FD9
:104630000000000041542B514D545055423D302C48
:10464000312C312C302C226368616E6E656C732FB7
:10465000000000005B1700202F7075626C697368A2
:1046600000000000220D0A008001002084010020CB
:104670007A01002010B5084904200870002000F0DD
:1046800011F8064801F03AFB0549082800D0092036
:104690000870C0B210BD000079010020449E0108DE
:1046A0007A01002010B5FF211248F3F72CFA1248C6
:1046B0000078022804D0002804D0012804D007E0A4
:1046C0000EA102E012A100E016A10A48F3F726FAB3
:1046D00019490848F3F722FA18A10648F3F71EFA19
:1046E000174904480860F3F750FA1649086016485D
:1046F000007810BD342000206000002041542B5170
:104700004D545055423D302C312C322C302C22004F
:1047100041542B514D545055423D302C302C302CAF
:10472000302C220041542B514D545055423D302CD9
:10473000312C312C302C22005B170020220D0A0076
:1047400080010020840100207A01002010B5084972
:1047500004200870002000F011F8064801F0CEFA9D
:104760000549082800D009200870C0B210BD00001B
:1047700079010020609E01087A01002010B5FEF743
:10478000BDFBFF211248F3F7BEF91248007802285A
:1047900004D0002804D0012804D007E00EA102E0D4
:1047A00012A100E016A10A48F3F7B8F91949084820
:1047B000F3F7B4F918A10648F3F7B0F9174904481C
:1047C0000860F3F7E2F9164908601648007810BD52
:1047D000342000206000002041542B514D5450558E
:1047E000423D302C312C322C302C220041542B51A4
:1047F0004D545055423D302C302C302C302C220062
:1048000041542B514D545055423D302C312C312CBC
:10481000302C22005B170020220D0A0080010020AE
:10482000840100207A01002010B508490420087096
:10483000002000F011F8064801F060FA0549082848
:1048400000D009200870C0B210BD0000790100201E
:104850007C9E01087A01002010B5FF211248F3F771
:1048600052F912480078022804D0002804D0012808
:1048700004D007E00EA102E012A100E016A10A4850
:10488000F3F74CF919490848F3F748F918A1064815
:10489000F3F744F9174904480860F3F776F9164925
:1048A00008601648007810BD342000206000002009
:1048B00041542B514D545055423D302C312C322C0B
:1048C000302C220041542B514D545055423D302C38
:1048D000302C302C302C220041542B514D5450554B
:1048E000423D302C312C312C302C22005B17002023
:1048F000220D0A0080010020840100207A0100209E
:1049000010B5084904200870002000F011F806488E
:1049100001F0F4F90549082800D009200870C0B258
:1049200010BD0000790100200C9E01087A010020D2
:1049300010B5FF211248F3F7E6F812480078022874
:1049400004D0002804D0012804D007E00EA102E022
:1049500012A100E016A10A48F3F7E0F81949084847
:10496000F3F7DCF818A10648F3F7D8F8174904481C
:104970000860F3F70AF9164908601648007810BD78
:10498000342000206000002041542B514D545055DC
:10499000423D302C312C322C302C220041542B51F2
:1049A0004D545055423D302C302C302C302C2200B0
:1049B00041542B514D545055423D302C312C312C0B
:1049C000302C22005B170020220D0A0080010020FD
:1049D000840100207A01002010B5084904200870E5
:1049E000002000F011F8064801F088F90549082870
:1049F00000D009200870C0B210BD0000790100206D
:104A0000989E01087A01002010B509210902164874
:104A1000F3F779F81548007C01281BD0144800787A
:104A200001281AD013480078012819D002F074FA2E
:104A3000114C002020600C48F3F7A7F80A491A220D
:104A40000A5408462160F3F7A0F80C4908600C48A6
:104A5000007810BD02F08AFCEAE7FEF711F9E7E7FB
:104A6000FEF7DEF8E4E7000033210020B800002064
:104A70006F0100206D0000208001002084010020D3
:104A80007A01002010B5084904200870002000F0C9
:104A900011F8064801F032F90549082800D009202C
:104AA0000870C0B210BD000079010020F09D01081F
:104AB0007A01002010B5FF212048F3F724F820A147
:104AC0001E48F3F72BF82248224C007C01280ED018
:104AD000032816D021461948F3F720F81E4800781D
:104AE000022818D0002818D0012818D01BE01BA1DC
:104AF0001248F3F713F821461048F3F70FF81AA1FC
:104B0000E9E71CA10D48F3F709F821460B48F3F734
:104B100005F822A1DFE722A102E023A100E024A101
:104B20000648F2F7FBFF244904480860F3F72DF824
:104B3000224908602248007810BD0000342000207F
:104B400041542B514D545355423D302C312C2200B1
:104B5000B8000020DC170020600000206368616E50
:104B60006E656C732F0000002F737562736372693A
:104B70006265000074622F6D7174742D696E7465C6
:104B800067726174696F6E2D7475746F7269616C90
:104B90002F73656E736F72732F0000002F72780091
:104BA000222C320D0A000000222C300D0A000000D9
:104BB000222C310D0A000000800100208401002019
:104BC0007A01002070B52B4C2BA1606BF2F7B2FF7D
:104BD0002D4D002801D00A2006E02CA1606BF2F7D1
:104BE000A9FF002802D00C20287027E02BA1606BC1
:104BF000F2F7A0FF1226002818D12DA1606BF2F762
:104C000099FF002812D12FA1606BF2F793FF0028C3
:104C10000CD131A1606BF2F78DFF1426002805D16D
:104C200031A1606BF2F786FF002801D02E7005E0FD
:104C300031A1606BF2F77EFF1E21297032A1606BFB
:104C4000F2F778FF002802D00020FFF745FB31A1E2
:104C5000606BF2F76FFF002801D0182006E031A149
:104C6000606BF2F767FF002801D0042028702878D5
:104C700070BD0000880100202B514D544F50454E0F
:104C80003A20302C300000007A0100202B514D5486
:104C9000434F4E4E3A20302C302C30002B514D5487
:104CA0005355423A20302C312C302C320000000079
:104CB0002B514D545355423A20302C312C302C314D
:104CC000000000002B514D545355423A20302C31F6
:104CD0002C302C30000000002B514D545055423ADE
:104CE00020302C312C3000002B514D545055423A7D
:104CF00020302C302C3000002B514D54444953436C
:104D00003A20302C300000002B514D545245435670
:104D1000000000002B514D54535441543A20302C84
:104D2000350000002B514D545354415400000000F5
:104D300010B5074A0421117000F010F8054800F082
:104D4000DDFF0549082800D009200870C0B210BD59
:104D5000790100202C9D01087A01002010B5FF2167
:104D60000848F2F7D0FE08A10648F2F7D7FE0C4932
:104D700004480860F2F709FF0A4908600A48007809
:104D800010BD00003420002041542B514D544346A7
:104D9000473D2273736C222C302C312C300D0A00CD
:104DA00080010020840100207A01002010B5074A0C
:104DB0000421117000F010F8054800F09FFF05492C
:104DC000082800D009200870C0B210BD7901002069
:104DD000F49C01087A01002010B5FF210D48F2F77C
:104DE00092FE0DA10B48F2F799FE0A48F2F7CDFEAC
:104DF0001049084CCA7C00190FA1FAF7CDFA1048E7
:104E000004602046F2F7C1FE0E4908600E480078A3
:104E100010BD00003420002041542B5153534C430B
:104E200046473D227365636C6576656C222C302C99
:104E300000000000B800002025640D0A00000000FA
:104E400080010020840100207A01002010B5074A6B
:104E50000421117000F010F8054800F04FFF0549DB
:104E6000082800D009200870C0B210BD79010020C8
:104E7000109D01087A01002010B5092109020D4892
:104E8000F2F741FE0CA10B48F2F748FE0948F2F791
:104E90007CFE0E49074C8A7C00190DA1FAF77CFABA
:104EA0000D4804602046F2F770FE0C4908600C487B
:104EB000007810BD3321002041542B5153534C43F3
:104EC00046473D22736E69222C302C00B80000202A
:104ED00025640D0A000000008001002084010020EC
:104EE0007A010020F8B50E480EA1016011490E208C
:104EF00008600220104C114D2070114E092705E06A
:104F0000304600F0FBFE082806D02F702078411EA6
:104F10002170F5D22878F8BD08202870FAE7000043
:104F20008001002041542B5149434C4F53453D30A3
:104F30000D0A000084010020790100207A01002080
:104F4000C4AF010801480078704700007A010020D2
:104F500010B5084904200870002000F011F8064838
:104F600000F0CCFE0549082800D009200870C0B226
:104F700010BD00007901002054AF01087A01002023
:104F800010B5092109020E48F2F7BDFD0D48007861
:104F900001280FD00C48007801280ED001F0BCFF8A
:104FA0000A4907480860F2F7F0FD09490860094816
:104FB000007810BDFDF764FEF2E7FDF731FEEFE784
:104FC000332100206F0100206D00002080010020AF
:104FD000840100207A01002010B5074A04211170D5
:104FE00000F010F8054800F089FE0549082800D0B7
:104FF00009200870C0B210BD790100201CAF010863
:105000007A010020F8B5092109022348F2F77BFD57
:1050100022482C210746F2F7AEFD054620A11E4886
:10502000F2F77CFD1D4846300090F2F7AEFD1B4EB6
:10503000194C203E00280CD02C210098F2F79BFD43
:1050400007462046F2F7A1FD0019BA1B663A0099FF
:1050500006E01148F2F799FDAA1B00193946203ADB
:10506000F2F738FD13A10C48F2F758FD29460A481B
:10507000F2F754FD10A10848F2F750FD0FA10648C1
:10508000F2F74CFD0F4804602046F2F77EFD0E4912
:1050900008600E480078F8BD33210020C6140020B7
:1050A00041542B51494F50454E3D312C302C225408
:1050B0004350222C220000002C3000002C300D0A1E
:1050C0000000000080010020840100207A010020FF
:1050D00010B5074A0421117000F010F8054800F0DF
:1050E0000DFE0549082800D009200870C0B210BD87
:1050F000790100208CAF01087A01002010B5FF2152
:105100000A48F2F700FD0AA10848F2F707FD0CA1D2
:105110000648F2F703FD0B4904480860F2F735FD35
:10512000094908600948007810BD000034200020BB
:1051300041542B514952443D302C31353030000020
:105140000D0A000080010020840100207A01002067
:10515000F0B50121B3B0002489024948F2F7D3FC2D
:10516000484E494DB07F012806D1F9F7D3FB0146DF
:1051700046A06A6BFAF700F94CA1686BF2F7DAFC0B
:10518000002800D00124307C0126052807D14BA13E
:10519000686BF2F7CFFC002801D04C48067020461F
:1051A00017274B4C002820D037487B21406BF2F763
:1051B000E2FC054634487D21406BF2F7FBFC421BC4
:1051C00029460B312E480C3AF2F784FC4148067010
:1051D000F9F7A0FB01462A4A3FA0FAF7CDF8464965
:1051E000277038460E7033B0F0BD44A1686BF2F7FB
:1051F000A1FC05464B21F2F7DDFC421B294668461F
:10520000F2F768FC3A216846F2F7B5FC05460A2138
:105210006846F2F7CFFC421BA91C1948521FF2F74F
:1052200059FC17481626007830281ED00A21284637
:10523000F2F7A1FC050020D04F21F2F7BBFC064697
:10524000012189020E48F2F75EFC721B691C0C48B2
:10525000921EF2F73FFCF9F75DFB0146084A1EA0DB
:10526000FAF78AF827702078BDE72670F9F752FB25
:10527000014624A0FAF780F8F5E72670F3E700006E
:10528000332A0020B8000020880100205B25755DCE
:10529000446562756720646F776E6C696E6B20641D
:1052A0006174613A25730D0A000000007B22436F90
:1052B0006E666967223A225B000000004576656EE3
:1052C000743A537461747573000000006F0100201C
:1052D0007A010020C20100205B25755D526563657F
:1052E0006976656420646F776E6C696E6B206461AB
:1052F00074613A25730D0A006A0000205149524436
:10530000000000005B25755D4E6F206461746120B4
:10531000696E206275666665720D0A0010B5FFF74A
:1053200017FF172806D105480078002802D1044845
:1053300002F0BEF90348007810BD00006F010020A4
:10534000332A00207A01002070B50C4C0221217014
:1053500000F01AF8FF260A4DF53607E0284600F05F
:10536000CDFC082806D03046F4F718FA2178481EFC
:105370002070F3D20348007870BD0000790100204E
:1053800038AF01087A01002010B509242402214613
:105390001B48F2F7B8FB1B480078012829D01A48AF
:1053A0000078012828D001F0B7FD21461448F2F713
:1053B000AAFB16A11248F2F7B1FB17A11048F2F7A9
:1053C000ADFB0F48F2F7E1FB14490D4C0A880019B8
:1053D00013A1F9F7E1FF13A12046F2F79FFB124852
:1053E00004602046F2F7D1FB1049086010480078AD
:1053F00010BDFDF745FCD8E7FDF712FCD5E700002E
:10540000332100206F0100206D00002041542B51FA
:105410004953454E443D0000302C0000C40100209B
:10542000256400000D0A0000800100208401002096
:105430007A01002010B5074A0421117000F010F81D
:10544000054800F05BFC0549082800D009200870D9
:10545000C0B210BD7901002070AF01087A010020B0
:1054600010B5092109020D48F2F74DFB0CA10B48BC
:10547000F2F754FB0EA10948F2F750FB01F04CFD86
:105480000CA10648F2F74AFB0B4904480860F2F702
:105490007CFB0A4908600A48007810BD33210020CF
:1054A00041542B514953454E4445583D000000009E
:1054B000302C2200220D0A008001002084010020EF
:1054C0007A01002070B5104D10A1686BF2F732FB25
:1054D000104C002804D00020FFF720FF202010E00F
:1054E0000DA1686BF2F726FB002801D00E2008E022
:1054F0000BA1686BF2F71EFB002801D0102000E022
:105500001E202070C0B270BD880100202B5149526E
:10551000443A00007A01002053454E44204F4B008E
:1055200053454E44204641494C000000F8B50E4812
:105530000EA1016011490E2008600320104C114D8E
:105540002070114E092705E0304600F0D7FB0828EF
:1055500006D02F702078411E2170F5D22878F8BD32
:1055600008202870FAE700008001002041542B51E8
:1055700049434C4F53453D300D0A00008401002043
:10558000790100207A010020B8A4010801480078C0
:10559000704700007A01002010B508490420087007
:1055A000002000F011F8064800F0A8FB0549082883
:1055B00000D009200870C0B210BD000079010020A1
:1055C00048A401087A01002010B5092109020E48FB
:1055D000F2F799FA0D48007801280FD00C480078AE
:1055E00001280ED001F098FC0A4907480860F2F73C
:1055F000CCFA094908600948007810BDFDF740FB66
:10560000F2E7FDF70DFBEFE7332100206F010020EB
:105610006D00002080010020840100207A0100201C
:1056200010B5074A0421117000F010F8054800F089
:1056300065FB0549082800D009200870C0B210BDDC
:105640007901002010A401087A010020F8B5092191
:1056500009023A48F2F757FA39482C210090F2F73C
:105660008AFA0646364C3748203C007C2746334DA4
:105670006637002817D034A12846F2F74FFA38468B
:10568000F2F783FA002839D02C213846F2F773FA62
:1056900000902846F2F779FA431900983946021B20
:1056A0001846663A31E030A12448F2F737FA384616
:1056B000F2F76BFA00280ED02C213846F2F75BFA8D
:1056C00000901E48F2F761FA431900983946021B10
:1056D0001846663A06E01948F2F757FA321B4019A5
:1056E000203A0099F2F7F6F91EA11448F2F716FADB
:1056F00031461248F2F712FA21A111E00F48F2F7F1
:1057000044FA321B4019203A0099F2F7E3F91DA13F
:105710000A48F2F703FA31460848F2F7FFF91AA1EE
:105720000648F2F7FBF91A4805602846F2F72DFA09
:105730001849086018480078F8BD0000332100209F
:10574000C6140020B800002041542B51494F504549
:105750004E3D312C302C2255445020534552564951
:105760004345222C2200000041542B51494F504503
:105770004E3D312C302C22554450222C220000006A
:105780000D0A0000222C30002C300D0A0000000011
:1057900080010020840100207A01002010B5074A12
:1057A0000421117000F010F8054800F0A7FA05492F
:1057B000082800D009200870C0B210BD790100206F
:1057C00080A401087A01002010B5FF210D48F2F7EE
:1057D0009AF90D48007C002811D00CA10948F2F775
:1057E0009DF90DA10748F2F799F90C4905480860A1
:1057F000F2F7CBF90A4908600A48007810BD0AA1FF
:10580000ECE7000034200020B800002041542B5168
:105810004952443D300000000D0A00008001002084
:10582000840100207A01002041542B514952443D0B
:10583000302C313530300000F0B50121B3B00027F5
:1058400089025648F2F75FF9554D564CA87F01285A
:1058500006D1F9F75FF8014653A0626BF9F78CFDAA
:1058600059A1606BF2F766F9002800D00127287C67
:105870000126052826D158A1606BF2F75BF90028B4
:1058800001D059480670287C05281BD157A1606BB0
:10589000F2F750F9002806D0F9F73CF8014656A077
:1058A000F9F76AFD0EE0287C05280BD157480178EE
:1058B000002902D0012903D004E05548067001E018
:1058C00000210170534D606B002F1DD07B21F2F73A
:1058D00052F907467D21606BF2F76CF9C21B39461D
:1058E0000B312E480C3AF2F7F5F84B480670F9F7F1
:1058F00011F80146294A49A0F9F73EFD17204F4902
:1059000028700E7033B0F0BD4DA1F2F713F90446C4
:105910004B21F2F74FF9021B21466846F2F7DAF8FD
:105920003A216846F2F727F904460A216846F2F759
:1059300041F9021BA11C1948521FF2F7CBF8174876
:105940001626007830281FD00A212046F2F713F9D6
:10595000040021D04F21F2F72DF9064601218902DA
:105960000E48F2F7D0F8321B611C0C48921EF2F779
:10597000B1F8F8F7CFFF0146084A28A0F9F7FCFC78
:10598000172028702878BDE72E70F8F7C3FF01466E
:105990002DA0F9F7F1FCF5E72E70F3E7332A00208C
:1059A000B8000020880100205B25755D44656275A4
:1059B0006720646F776E6C696E6B20646174613A06
:1059C00025730D0A000000007B22436F6E66696735
:1059D000223A225B000000004576656E743A5374EB
:1059E00061747573000000006F010020436F6E66E4
:1059F00069726D3D323030005B25755D436F6E66B8
:105A000069726D2041434B0D0A000000C101002066
:105A1000C00100207A010020C20100205B25755DD5
:105A2000526563656976656420646F776E6C696E34
:105A30006B20646174613A25730D0A006A000020CE
:105A400051495244000000005B25755D4E6F206493
:105A500061746120696E206275666665720D0A0068
:105A600010B5FFF7E9FE172806D105480078002891
:105A700002D1044801F01CFE0348007810BD00006C
:105A80006F010020332A00207A01002010B5074A58
:105A90000421117000F010F8054800F02FF90549B5
:105AA000082800D009200870C0B210BD790100207C
:105AB0002CA401087A010020F8B50924240221460B
:105AC0003148F2F720F831480078012830D03048CA
:105AD000007801282FD001F01FFA21462A48F2F75A
:105AE00012F82CA12848F2F719F82DA12648F2F750
:105AF00015F82548F2F749F82A49234C0A88001975
:105B000029A1F9F749FC2A480746F2F73EF8284E42
:105B1000663E002812D02C213846F2F72CF80546B4
:105B20002046F2F732F80019AA1B3946663A13E00C
:105B3000FDF7A6F8D1E7FDF773F8CEE71C482C2156
:105B400046380746F2F717F805460F48F2F71DF8F2
:105B5000AA1B00193946203AF1F7BCFF15A10A48E3
:105B6000F1F7DCFF29460848F1F7D8FF12A10648F3
:105B7000F1F7D4FF114804602046F2F706F8104907
:105B8000086010480078F8BD332100206F01002024
:105B90006D00002041542B514953454E443D0000B7
:105BA000302C0000C401002025642C2200000000DD
:105BB0000C150020220000000D0A000080010020CA
:105BC000840100207A01002010B5074A04211170D9
:105BD00000F010F8054800F091F80549082800D0B9
:105BE00009200870C0B210BD7901002064A401082A
:105BF0007A01002010B5092109020D48F1F783FF51
:105C00000CA10B48F1F78AFF0EA10948F1F786FFB6
:105C100001F082F90CA10648F1F780FF0C49044815
:105C20000860F1F7B2FF0B4908600B48007810BD1F
:105C30003321002041542B514953454E4445583D92
:105C400000000000302C2200222C300D0A00000041
:105C500080010020840100207A01002070B5104DE1
:105C600010A1686BF1F766FF104C002804D00020EB
:105C7000FFF7F6FE202010E00DA1686BF1F75AFF48
:105C8000002801D00E2008E00BA1686BF1F752FF4D
:105C9000002801D0102000E01E202070C0B270BD8E
:105CA000880100202B514952443A00007A0100201B
:105CB00053454E44204F4B0053454E4420464149E6
:105CC0004C00000010B5094C09A0E06104202062DE
:105CD0000320607504E0084800F010F8082803D09D
:105CE000607D411E6175F6D2A07D10BD640100206B
:105CF00041540D0A000000000C900108F8B505465B
:105D00001F4F0020388601214902786BF1F7FBFE16
:105D10003C46243C208CE16982B21A48F5F7AAFB84
:105D2000F3F7B8FF064618488078012804D1A86820
:105D300025280FD041280DD0F3F7ACFFA989801B8F
:105D40008842F9D32968786BF1F7F4FE00280AD06D
:105D5000082011E0F3F79EFF811BAA890B48101859
:105D60008142F7D3EEE76968786BF1F7E3FE00282C
:105D700001D0092000E00420A075C0B2F8BD0000E9
:105D800088010020A0050020B8000020B80B00000A
:105D900070B5094C09A0E061062020626075094DCC
:105DA00004E02846FFF7AAFF082803D0617D481EBB
:105DB0006075F6D2A07D70BD64010020415445306D
:105DC0000D0A000028900108F0B52E4891B0406BF4
:105DD0002DA1F1F7AFFE2E4C050019D01421684615
:105DE000F1F791FE2BA16846F1F798FE294600A82D
:105DF000112208310230F1F76DFE6846F3F75EF9C3
:105E0000254D264968600A780021012A03D008E060
:105E10000620A07532E0224A1378002B01D0A8603A
:105E20001170204F0126387800280DD005A8F8F70A
:105E30003DFC05996868091AA1610021F8F7B2FCD8
:105E40006670A6700020387017481849C08E8842C6
:105E500014D015482030407D01280FD1207900282A
:105E60000CD105A96868F8F73DFC06983C21484329
:105E70000599401880B2FBF7CBFE2671A07D11B0CA
:105E8000F0BD0000880100202B43434C4B00000074
:105E90006401002032300000E00000206200002099
:105EA0000B0000202E00002098000020FFFF0000C3
:105EB000F8B50F4C0FA1E1610A2121620746104994
:105EC00000204860032060750E4D092605E0284635
:105ED000FFF714FF082806D0A675607D411E617586
:105EE000F5D2A07DF8BD3846FFF76EFFA075F8E744
:105EF0006401002041542B43434C4B3F0D0A0000EA
:105F0000E000002024910108F0B52E4891B0406BCC
:105F10002DA1F1F70FFE2E4C050019D01421684673
:105F2000F1F7F1FD2BA16846F1F7F8FD294600A82D
:105F3000112208310230F1F7CDFD6846F3F7BEF8C3
:105F4000254D264968600A780021012A03D008E01F
:105F50000620A07532E0224A1378002B01D0A860F9
:105F60001170204F0126387800280DD005A8F8F7C9
:105F70009DFB05996868091AA1610021F8F712FCD8
:105F80006670A6700020387017481849C08E884285
:105F900014D015482030407D01280FD120790028E9
:105FA0000CD105A96868F8F79DFB06983C21484389
:105FB0000599401880B2FBF72BFE2671A07D11B029
:105FC000F0BD0000880100202B43434C4B00000033
:105FD0006401002032300000E00000206200002058
:105FE0000B0000202E00002098000020FFFF000082
:105FF000F8B50F4C0FA1E1610A2121620746104953
:1060000000204860032060750E4D092605E02846F3
:10601000FFF774FE082806D0A675607D411E6175E5
:10602000F5D2A07DF8BD3846FFF76EFFA075F8E702
:106030006401002041542B43434C4B3F0D0A0000A8
:10604000E000002008910108F1B5274C84B027A09A
:10605000E0610820206200262748FFF74FFE08284D
:106060003FD127460096243701963A21786BF1F705
:10607000A1FD02902C21786BF1F77DFD014602987D
:1060800000250F1A7F1E0CE0F1F77FFD69464018CE
:10609000154924314A6BE91D525C18A1F9F77CF9C6
:1060A0006D1CAF426846EFDCF1F79EFDC0B263287D
:1060B00017D12672049800F023F80F4DA83D04E094
:1060C0002846FFF71BFE082803D0617D481E607537
:1060D000F6D201202072049800F012F82846FFF74B
:1060E0000DFEA07D05B0F0BD6401002041542B439E
:1060F00053510D0A0000000094910108256300002F
:1061000010B5C8210748F1F7FEFC074C07A1227A19
:106110000448F9F741F90348E061F1F736FD2062E0
:10612000A07D10BD6C1D00206401002041542B4354
:1061300046554E3D25640D0A000000000148807D53
:10614000704700006401002070B5094C02216175A0
:1061500000F012F8074D04E02846FFF7CFFD0828AD
:1061600003D0617D481E6075F6D2A07D70BD000031
:10617000640100204091010810B5C8210748F1F7DB
:10618000C2FC074A07A10548F9F706F90D4C034878
:10619000E061F1F7FAFC2062A07D10BD6C1D0020CB
:1061A0006715002041542B434744434F4E543D3123
:1061B0002C22495056345636222C222573220D0AA1
:1061C000000000006401002070B5124E12A1706B37
:1061D000F1F7B0FC044612A1706BF1F7ABFC054679
:1061E00011A1706BF1F7A6FC014630462438002C53
:1061F00001D021228275002D01D022228275002932
:1062000001D0232282752C430C4301D109218175D1
:10621000807D70BD88010020424739352D4D310009
:10622000424739352D4D3200424739352D4D330027
:10623000F8B50D4C074609250CA02562E061032046
:1062400060750D4E05E03046FFF758FD082806D072
:10625000A575607D411E6175F5D2A07DF8BD3846FB
:10626000FFF7B2FFA075F8E76401002041542B430B
:10627000474D4D0D0A00000098900108F8B5184DE3
:1062800018A0E8610920286203206875184C04E012
:106290002046FFF733FD082805D0697D491E697542
:1062A000F6D2A87DF8BD0E48142140300646F1F71D
:1062B0002AFC0B4F0A212437786BF1F75CFC04466B
:1062C0004F21786BF1F757FC002CEAD00028E8D07A
:1062D000021B611C3046521FF1F740FCE1E7000051
:1062E0006401002041542B4347534E0D0A00000027
:1062F00044900108F8B5184D18A0E86109202862FB
:1063000003206875184C04E02046FFF7F7FC0828C6
:1063100005D0697D491E6975F6D2A87DF8BD0E4885
:1063200014212C300646F1F7EEFB0B4F0A212437DF
:10633000786BF1F720FC04464F21786BF1F71BFCDA
:10634000002CEAD00028E8D0021B611C3046521F06
:10635000F1F704FCE1E700006401002041542B4305
:10636000494D490D0A0000006090010870B500F029
:1063700019F80320094C0A4D6075092605E02846E6
:10638000FFF7BCFC082806D0A675617D481E607525
:10639000F5D2A07D70BD0820A075FAE76401002049
:1063A0007891010810B5C8210D48F1F7ACFB0DA19B
:1063B0000B48F1F7B3FB0F490948F1F7AFFB0CA10C
:1063C0000748F1F7ABFB0CA10548F1F7A7FB0B4C15
:1063D0000348E061F1F7D9FB2062A07D10BD000009
:1063E0006C1D002041542B434F50533D312C322C17
:1063F00022000000561B00200D0A0000640100204E
:10640000FEB51E4C1EA0E061082020620220264638
:10641000607524362CE01D48FFF770FC082827D152
:106420000020009001903A21706BF1F7C3FB074602
:106430002C21706BF1F79FFB0025C71B7F1E0AE024
:10644000F1F7A3FB69464018726BE91D525C10A17D
:10645000F8F7A2FF6D1CAF426846F1DCF1F7C4FB10
:10646000C0B270701F2801D8002805D11A20A0756D
:10647000607D411E6175CED2A07DFEBD640100200D
:1064800041542B4353510D0A000000009491010820
:106490002563000010B50548F8F700FB0448007BB1
:1064A000002802D102492039C87510BDA804002077
:1064B000200000200148807D70470000640100201A
:1064C00070B5094C0221617500F012F8074D04E027
:1064D0002846FFF713FC082803D0617D481E60752D
:1064E000F6D2A07D70BD000064010020D0900108AC
:1064F00010B5C8210848F1F706FB084808A1027F3B
:106500000548F8F749FF0D4C0348E061F1F73DFB02
:106510002062A07D10BD00006C1D0020B80000208E
:1065200041542B514346473D22696F746F706D6F24
:106530006465222C25642C310D0A000064010020C2
:10654000092070470148807D7047000064010020E9
:1065500070B5094C0221617500F012F8074D04E096
:106560002846FFF7CBFB082803D0617D481E6075E5
:10657000F6D2A07D70BD000064010020B490010837
:1065800010B5C8210748F1F7BEFA074A07A1054828
:10659000F8F702FF0C4C0348E061F1F7F6FA2062CD
:1065A000A07D10BD6C1D0020E21A002041542B512B
:1065B0004346473D2262616E64222C3078462C258A
:1065C000732C310D0A00000064010020FEB5384C28
:1065D0006E21606BF1F7EEFA07462C213548F1F792
:1065E000E9FA01902E21606BFCF702FB032801DB26
:1065F000012500E000253A21606BFCF7F9FA032839
:1066000001DD012000E00020294C2B4E243C002F0E
:106610003BD00199002938D0054336D02C2138468B
:10662000F1F7A9FA05460A21F1F7A5FA02902148E7
:10663000322146300090F1F766FA0098F1F7A5FA9A
:106640001C4F0299203FC3194A1B1846A91C6630EB
:10665000121FF1F73FFA0198F1F797FA05460098F3
:10666000F1F793FAC0192A4666300199F1F732FA28
:10667000F8F750F9014611A0009AF8F77DFEFBF7F4
:106680002DFF0020607208200CE0F8F743F9014666
:106690000FA0F8F771FE3078012802D1607A401C13
:1066A00060720920A07500203070A07DFEBD000042
:1066B00088010020C61400200C0000205B25755DB9
:1066C000446F6D61696E2049503A25730D0A0000D0
:1066D0005B25755D446F6D61696E206E616D65202F
:1066E0007265736F6C7574696F6E206661696C6535
:1066F000640D0A0070B500F019F80420094C0A4D29
:106700006075092605E02846FFF7F8FA082806D044
:10671000A675617D481E6075F5D2A07D70BD08200C
:10672000A075FAE7640100205892010870B5C821ED
:106730001648F1F7E8F916482C210646F1F73AFA1F
:10674000124D04001AD013A12846F1F7E7F915A15C
:106750002846F1F7E3F92846F1F717FA0C494019F2
:106760002039621A3146203AF1F7B4F90DA12846D2
:10677000F1F7D4F90CA12846F1F7D0F90B4C2846D3
:10678000E561F1F702FA2062A07D70BD6C1D00206A
:10679000C614002041542B5149444E534749503DA3
:1067A000312C0000220000000D0A000064010020CE
:1067B000F8B50D49082509780C4C022912D000F0D3
:1067C00019F8032060750A4E092705E03046FFF7E7
:1067D00095FA082806D0A775607D411E6175F5D22F
:1067E000A07DF8BDA575FBE76100002064010020D5
:1067F0002092010810B5C8210B48F1F784F90BA1CC
:106800000948F1F78BF90D490748F1F787F90CA111
:106810000548F1F783F90B4C0348E061F1F7B5F94E
:106820002062A07D10BD00006C1D002041542B5142
:1068300049444E534346473D312C00003E1500204D
:106840000D0A00006401002070B50B4C0BA1E16142
:10685000092121620521617500F018F80A4D04E054
:106860002846FFF74BFA082803D0617D481E607563
:10687000F6D2A07D70BD00006401002041542B5170
:106880004750530D0A0000005C91010810B5C82163
:106890000748F1F738F907A10548F1F73FF9084C27
:1068A0000348E061F1F771F92062A07D10BD00009E
:1068B0006C1D002041542B514750533D310D0A00AF
:1068C00064010020F0B58BB000200290039004908A
:1068D000264C0590069007900890099024A1606BC3
:1068E000F1F728F92746243F00283CD02C21606B83
:1068F000F1F741F905462C21401CF1F73CF904461B
:106900002C21401CF1F737F9064602A8F1F73DF9B2
:1069100002A94018621B691C521EF1F7DBF806A899
:10692000F1F733F906A94018321B611C521EF1F72A
:10693000D1F802A8FBF772F8104CE161A06106A83B
:10694000FBF76CF861622062F7F7E4FF0146626AC8
:10695000206A009001920AA0E369A269F8F70CFD91
:10696000B87D0BB0F0BD0720B875F9E788010020AD
:106970002B514750534C4F4300000000E0000020D3
:106980005B25755D6C617469747564653A25662C68
:106990006C6F6E6769747564653A25660D0A000050
:1069A000F8B507460D4C0EA0E061102020620320D0
:1069B0006075104D092605E02846FFF79FF9082865
:1069C00006D0A675607D411E6175F5D2A07DF8BD2B
:1069D0003846FFF777FFA075F8E700006401002054
:1069E00041542B514750534C4F433D322C300D0AEC
:1069F000000000007492010870B5094C0421617513
:106A000000F012F8074D04E02846FFF777F9082850
:106A100003D0617D481E6075F6D2A07D70BD000078
:106A2000640100209092010810B5C8210748F1F7D1
:106A30006AF807A10548F1F771F8094C0348E061CD
:106A4000F1F7A3F82062A07D10BD00006C1D0020AE
:106A500041542B51475053454E440D0A000000004D
:106A6000640100200148807D70470000640100201F
:106A700070B5094C0221617500F012F8074D04E071
:106A80002846FFF73BF9082803D0617D481E607552
:106A9000F6D2A07D70BD00006401002004920108C0
:106AA00010B5C8210748F1F72EF807A10548F1F7FE
:106AB00035F8094C0348E061F1F767F82062A07DE2
:106AC00010BD00006C1D002041542B51494143541E
:106AD0003D310D0A00000000640100200148807D66
:106AE000704700006401002070B5094C0A216175EF
:106AF00000F012F8074D04E02846FFF7FFF80828D9
:106B000003D0617D481E6075F6D2A07D70BD000087
:106B1000640100207C90010810B5C8210A48F0F7F4
:106B2000F2FF0A48007C00280BD009A10648F0F7C4
:106B3000F5FF0E4C0448E061F1F727F82062A07DD4
:106B400010BD0BA1F2E700006C1D0020B800002072
:106B500041542B51494346473D2264617461666F3D
:106B6000726D6174222C302C300D0A0064010020FB
:106B700041542B51494346473D2264617461666F1D
:106B8000726D6174222C312C300D0A000148807D19
:106B9000704700006401002070B5094C0321617545
:106BA00000F012F8074D04E02846FFF7A7F8082880
:106BB00003D0617D481E6075F6D2A07D70BD0000D7
:106BC00064010020CC91010810B5C8210F48F0F7EE
:106BD0009AFF11480EA10446F0F7ACFF01000F48E0
:106BE0000CD002780EA10948F8F7D6FB134C0748E1
:106BF000E061F0F7CAFF2062A07D10BD0278234655
:106C00000FA10248F8F7C8FBF0E700006C1D002058
:106C10004E554C4C0000000067150020610000201C
:106C200041542B5149435347503D312C25642C226C
:106C3000222C22222C22222C310D0A006401002059
:106C400041542B5149435347503D312C25642C224C
:106C50002573222C22222C22222C310D0A00000026
:106C60000148807D704700006401002070B5094C28
:106C70000421617500F012F8074D04E02846FFF783
:106C80003DF8082803D0617D481E6075F6D2A07DCE
:106C900070BD000064010020E891010810B5C82112
:106CA0000748F0F730FF07A10548F0F737FF094C18
:106CB0000348E061F0F769FF2062A07D10BD00008D
:106CC0006C1D002041542B514944454143543D31F2
:106CD0000D0A00006401002070B500F019F80320CF
:106CE000094C0A4D6075092605E02846FFF706F8AD
:106CF000082806D0A675617D481E6075F5D2A07D76
:106D000070BD0820A075FAE7640100203C920108DC
:106D100010B5C8210B48F0F7F6FE0BA10948F0F7B3
:106D2000FDFE0C490748F0F7F9FE0BA10548F0F706
:106D3000F5FE0A4C0348E061F0F727FF2062A07DD2
:106D400010BD00006C1D002041542B514E54503D8D
:106D5000312C0000161B00200D0A000064010020E9
:106D600070B594B050216846F0F7CDFE124C13A1D7
:106D7000606BF0F7DFFE2646243E002818D03A214B
:106D8000606BF0F7F8FE05464F21606BF0F712FFDD
:106D9000421BA91C6846921FF0F79CFEF7F7BAFD4C
:106DA00001466A4608A0F8F7E7FAB07D14B070BD56
:106DB0000920B075F2E70000880100202B514E57E2
:106DC000494E464F000000005B25755D4E657477A7
:106DD0006F726B20496E666F726D6174696F6E3A87
:106DE00025730D0A00000000F8B507460D4C0EA0F3
:106DF000E0610C202062032060750F4D092605E03C
:106E00002846FEF77BFF082806D0A675607D411E48
:106E10006175F5D2A07DF8BD3846FFF7A1FFA075DA
:106E2000F8E700006401002041542B514E57494EB1
:106E3000464F0D0A00000000B0910108F8B5274D3B
:106E40002868040C86B201F065F9254A6D21D080CE
:106E50002F1D11816D2E2BD004040C43F2F7F8FC8A
:106E6000224629460220F2F7C9FC012239460220B7
:106E7000F2F7C4FCF2F7B8FC09211A48F2F744F81B
:106E800005211948F2F740F801211848F2F73CF8BB
:106E9000164801218030F2F737F801211448F2F743
:106EA00033F8F1F7F3FEFBF79FFFFBF717FB11E059
:106EB000844212D004040C43F2F7CAFC224629464D
:106EC0000220F2F79BFC012239460220F2F796FCE1
:106ED000F2F78AFC1220F1F771FFF8BD00000808F4
:106EE000680000200058020880860208808A020894
:106EF0000089020810B505490548F7F785FD0448E3
:106F0000F7F794FD03480121817310BD005C26054D
:106F1000D004002020000020F0B5F24DB7B0297C4D
:106F2000F1483290002917D06846F7F7BFFB27A930
:106F30000098F7F7D7FBED4CA07C010786078F0F71
:106F4000B60F1CA9A068F7F7CDFB002F7ED0012F4C
:106F50007DD0022F7CD0F4E0E548F0F716FEE44C3B
:106F600066220019E3A1F8F717FADF4F0026103F59
:106F700007E0F0F70AFE0019BA5DDEA1F8F70CFA97
:106F8000761CD9481038F0F700FEB042D848F0D847
:106F9000F0F7FBFD00196622D6A1F8F7FDF90026EF
:106FA00008E0F0F7F2FDB9190A7C0019D1A1F8F751
:106FB000F3F9761C3298F0F7E8FDB042CC48F0D8EF
:106FC000F0F7E3FDCA4C6D220019CBA1F8F7E4F904
:106FD00001F0A0F806462046F0F7D7FD001932462A
:106FE000C5A1F8F7D9F92046F0F7CFFDBF4E00193B
:106FF000B289C3A1F8F7D0F92046F0F7C6FD001911
:107000007278BDA1F8F7C8F9052001210007F2F751
:107010002DFE07462046F0F7B8FD00193A46B6A106
:10702000F8F7BAF92046F0F7B0FD00193278B2A1AE
:10703000F8F7B2F92046F0F7A8FD0019B27CAEA12E
:10704000F8F7AAF90022B04BF16902E074E075E0AC
:1070500076E0B069F0F76CFEF0F792FF0746204645
:10706000F0F793FD00193A46A8A1F8F795F9002228
:10707000A54B716A306AF0F75BFEF0F781FF0746B7
:107080002046F0F782FD00193A46A0A1F8F784F9EE
:107090002046F0F77AFD00199CA1B268F8F77CF958
:1070A0002046F0F772FD0019F28995A1F8F774F9FE
:1070B0002046F0F76AFD0019328A91A1F8F76CF9C1
:1070C0002046F0F762FD001990A17268F8F764F9A4
:1070D000687D01282ED16C79002628E0641E00D539
:1070E00020348C49A0004118896C0391894980396A
:1070F000401807687E48F0F748FD7D493A0C401873
:107100007FA1F8F749F97A48F0F73FFD7849BAB21C
:1071100040187BA1F8F740F97548F0F736FD74493F
:10712000039A401879A1F8F737F9761CF6B2A879D6
:10713000B042D3D837B0F0BD4E2702E0482700E078
:107140004C27002E04D0012E04D0022E04D004E0DF
:107150004E2602E0482600E04C266548F0F715FD73
:1071600080B235906C480088F0F7E2FE00226B4B4D
:10717000F0F746FE04900591052001210007F2F783
:1071800075FD06901020205EF0F7BEFE0022644BD5
:10719000F0F736FE349033910E20205EF0F7B4FE07
:1071A00000225F4BF0F72CFE029003915048F0F75D
:1071B000ECFC4F491D9A401884461F981E99189060
:1071C0001C9B19A80EC05749219A20985118169156
:1071D0001790616A206A14901591E169A069129074
:1071E00013912A9829990D90279B289A0EA80EC0D2
:1071F0004C492C9A2B9851184B4A52780A920C9071
:107200000B910498059909910890207806990791A7
:1072100006903399009734980591334A049001966B
:10722000103A42496046329BF8F7B6F8687D01286B
:107230004BD12C486C792038007FAE79012804D1DD
:10724000142E02DB1426002501E000253BE0641E1D
:1072500000D520342F48A7003818806C0AA9F7F70A
:1072600041FA2C48803838180068071400B2F0F74B
:107270004BFE00222A4BF0F7C3FD029003913846E3
:10728000F0F742FE0022264BF0F7BAFD07461848F9
:107290000191F0F77AFC16490B9A401884460D9834
:1072A0000C9906900A9B07A80EC00F9A1D490E98CC
:1072B00051180097049105906A1C1DA16046F8F7CB
:1072C0006BF86D1CEDB2B542C1DB26A10848F0F7A2
:1072D00025FC0748F0F759FC3599401A22490880E7
:1072E00028E70000B8000020B6140020E0000020CD
:1072F0003321002025630000252E32780000000095
:10730000252E34780000000080842E41252E387808
:1073100000000000800C08087400002000408F402E
:10732000000024406C0700008801002050C60108BE
:107330002C222564223A5B252E31662C252E3166BF
:107340002C2225642D253032642D253032645425BD
:107350003032643A253032643A253032645A225D44
:10736000000000007D000000C4010020F0B50921EC
:107370008BB009021D48F0F7C6FB1D480088F0F7E6
:10738000D7FD00221B4BF0F73BFD07461A4C10209F
:107390000091205EF0F7B8FD0022184BF0F730FDA9
:1073A00005460E200E46205EF0F7AEFD0022134B80
:1073B000F0F726FD02460B46616A206A09910890A3
:1073C000E169A069069007910D4800994078049002
:1073D00003916C46E0C40B490448F7F7DDFF03480E
:1073E000F0F7D3FB084908800BB0F0BD3321002033
:1073F0007400002000408F40E00000200000244086
:107400008801002068C70108C401002010B5104899
:10741000F7F7B2FF0F48007F012806D0022806D0F8
:10742000032806D0042806D008E00BA004E00CA036
:1074300002E00DA000E00EA0F7F79EFF05483038EF
:10744000C078012802D10CA0F7F796FF10BD00000C
:1074500038C5010898000020434F41500D0A000034
:107460005544500D0A0000004D5154540D0A0000BF
:107470005443500D0A00000064726167696E6F5FCB
:10748000363630315F6F74610D0A000010B5204C44
:107490002069002804DAF7F73DFA01461DA02EE026
:1074A0002069400004D5F7F735FA014621A026E00F
:1074B0002069800004D5F7F72DFA014626A01EE0CA
:1074C0002069C00004D5F7F725FA01462DA016E083
:1074D0002069000104D5F7F71DFA014631A00EE03E
:1074E0002069400104D5F7F715FA014634A006E0FB
:1074F0002069800105D5F7F70DFA014637A0F7F7A7
:107500003BFF20690121C9050843206110BD00002F
:10751000401002405B25755D7265626F6F74206577
:1075200072726F723A4C6F772D706F776572210DA2
:107530000A0000005B25755D7265626F6F742065DF
:1075400072726F723A57696E646F772077617463F5
:1075500068646F67210D0A005B25755D7265626F57
:107560006F74206572726F723A496E646570656EF1
:1075700064656E74207761746368646F67210D0AB7
:10758000000000005B25755D7265626F6F74206599
:1075900072726F723A536F667477617265210D0A69
:1075A000000000005B25755D7265626F6F74206579
:1075B00072726F723A504F522F504452210D0A008E
:1075C0005B25755D7265626F6F74206572726F7294
:1075D0003A4E525354210D0A000000005B25755DA0
:1075E0007265626F6F74206572726F723A424F52A9
:1075F000210D0A0030B587B014216846F0F783FAF0
:107600001C48C26A01210A43C262C06A0C030840D6
:10761000009405900020052501912D0702906946F0
:107620002846F2F761FA002221462846F2F72BFBA2
:10763000FF202D30F2F7B2F8012221462846F2F75A
:1076400022FBC820F2F7AAF80B490CA0F7F794FE2A
:107650003220F2F7A3F8002221462846F2F713FB66
:10766000C820F2F79BF8012221462846F2F70BFBCF
:1076700007B030BD00100240A614002041542B4E2C
:10768000414D4525730D0A0070B500240546264678
:1076900006E0285D0D2801D00A2800D12E55641C73
:1076A0002846F0F772FAA042F3D8284670BD0000D1
:1076B000F1B5FF48FF4D00782C46002620348EB0EF
:1076C00001280AD034216846F0F71DFA0E98F0F729
:1076D0005CFA32287ED9322715E3F7A10E98F0F72D
:1076E00029FA002877D0DC21F448F0F70CFAF4A14D
:1076F0000E98F0F71FFA07460A21F0F73CFAC21B72
:1077000039460E31ED48103AF0F7E4F9EB484621DE
:10771000FC300746F0F7F7F9E848F0F736FA02468A
:10772000E6493846F0F7D6F9DC21E448F0F7EBF902
:10773000E7A10E98F0F7FEF907460A21F0F71BFAC9
:10774000C21B39460C31DD480E3AF0F7C3F9E44864
:1077500081210746F0F7D7F9D848F0F716FA024624
:10776000D6493846F0F7B6F9DC21D448F0F7CBF922
:10777000DCA10E98F0F7DEF907460A21F0F7FBF9D5
:10778000C21B39460B31CD480D3AF0F7A3F9D44866
:10779000812181300746F0F7B6F9C848F0F7F5F9CE
:1077A0000246C6493846F0F795F9DC21C348F0F7A0
:1077B000AAF9CFA10E98F0F7BDF907460A21F0F714
:1077C000DAF9C21B39460931BC480B3AF0F782F9A5
:1077D000C92101E093E220E2C8480746F0F793F997
:1077E000B648F0F7D2F90246B4493846F0F772F9D4
:1077F000DC21B248F0F787F9C1A10E98F0F79AF9A9
:1078000007460A21F0F7B7F9C21B39460E31AB48DB
:10781000103AF0F75FF9B9488121C9300746F0F70F
:1078200072F9A648F0F7B1F90246A4493846F0F7D4
:1078300051F9DC21A148F0F766F9B5A10E98F0F7EF
:1078400079F907460A21F0F796F9C21B39460E313D
:107850009A48103AF0F73EF9B14881210746F0F70F
:1078600052F99648F0F791F9024694493846F0F7F4
:1078700031F9DC219148F0F746F9AAA10E98F0F70A
:1078800059F907460A21F0F776F9C21B3946093142
:107890008A480B3AF0F71EF98848F0F7A5F9A86076
:1078A000DC218648F0F72FF9A1A10E98F0F742F9F4
:1078B00007460A21F0F75FF9C21B394609317F48B4
:1078C0000B3AF0F707F98648292129380746F0F7DF
:1078D0001AF97A48F0F759F9024678493846F0F72C
:1078E000F9F8DC217548F0F70EF994A10E98F0F73D
:1078F00021F907460A21F0F73EF9C21B3946093142
:107900006E480B3AF0F7E6F86C490878303828777B
:107910008878DC21303820746848F0F7F4F88AA1C0
:107920000E98F0F707F907460A21F0F724F9C21B71
:1079300039460D3161480F3AF0F7CCF85F48F0F75F
:1079400053F96070DC215D48F0F7DDF882A10E98F4
:10795000F0F7F0F807460A21F0F70DF9C21B394697
:107960000B3156480D3AF0F7B5F85448F0F73CF9AA
:10797000E0702C215148F0F7FEF82C21F0F7FBF8CD
:10798000401CF0F731F92071DC214C48F0F7BBF8CE
:1079900074A10E98F0F7CEF807460A21F0F7EBF83D
:1079A000C21B39460A3145480C3AF0F793F8434870
:1079B000F0F71AF9A070DC214048F0F7A4F86CA1A8
:1079C0000E98F0F7B7F807460A21F0F7D4F8C21B73
:1079D00039460C3139480E3AF0F77CF83748F0F761
:1079E00003F9002800D0012060742C213348F0F7FF
:1079F000C2F82C21F0F7BFF8401CF0F7F5F8E0745E
:107A0000DC212E48F0F77FF85DA10E98F0F792F890
:107A100004460A21F0F7AFF8021B21460A31274835
:107A20000C3AF0F757F82548F0F7DEF85749087098
:107A3000DC212248F0F767F855A10E98F0F77AF8A4
:107A400004460A21F0F797F8021B21460C311B4827
:107A50000E3AF0F73FF81948F0F7C6F850490870A9
:107A6000DC211648F0F74FF84EA10E98F0F762F8B7
:107A700004460A21F0F77FF8021B21460A310F481D
:107A80000C3AF0F727F80D48F0F7AEF86887DC21DC
:107A90000A48F0F738F846A10E98F0F74BF804467C
:107AA0000A21F0F768F8021B21460B31034885E0F4
:107AB000C2010020980000200A000000CA13002024
:107AC00041542B5345525641444452223A2200001D
:107AD00041542B434C49454E54223A2200000000A9
:107AE0009015002041542B554E414D45223A22001D
:107AF00041542B505744223A220000009216002095
:107B000041542B505542544F504943223A220000D1
:107B100041542B535542544F504943223A220000BE
:107B2000DC17002041542B544443223A2200000029
:107B300041542B41504E223A2200000041542B5018
:107B4000524F223A2200000041542B4353515449D2
:107B50004D45223A2200000041542B424B444E53E3
:107B6000223A220041542B47444E53223A2200002D
:107B700041542B544C534D4F44223A2200000000F4
:107B800041542B4D514F53223A22000060000020F7
:107B900041542B495054595045223A2200000000CC
:107BA0006100002041542B47544443223A220000F4
:107BB00041542B474E535354223A22000D3AEFF7CB
:107BC00089FFBA48F0F710F8B9490880DC21B748B6
:107BD000EFF799FFB7A10E98EFF7ACFF04460A2123
:107BE000EFF7C9FF021B21460931B0480B3AEFF706
:107BF00071FFAE48EFF7F8FFB1490870FAF76EFC75
:107C0000B0A1AA48EFF796FF00286BD0F6F782FEE6
:107C10000146ADA0F7F7B0FBD8E00024B84FB94D4E
:107C200056E0A87800281CD0B748005D3B280DD04E
:107C3000B548EFF7AAFF401EA04203D1B248005D4D
:107C40005D2803D0A87800280BD035E001206870AB
:107C5000AB48F0F775FF002828D101202870687123
:107C600024E0A948005D3B2805D0A748EFF78DFF29
:107C7000401EA04220D1A448EFF787FF401EA0423B
:107C80000BD12879FE2808D89F49095D7B2904D0AB
:107C90007D2902D03954401C287101206870984811
:107CA000F0F74EFF002801D101202870FF219448F1
:107CB000EFF729FF2E7109E09348005D7B2805D07E
:107CC0007D2803D029797854491C2971641CA4B2F9
:107CD0008D48EFF75AFFA042A3D82878002801D09A
:107CE000FAF7FCFB87488949067046700E7086706B
:107CF000012189028448EFF706FF0FB0F0BD0E980E
:107D0000EFF743FFC7B20E98FFF7BEFC3A4668464E
:107D10000E99F6F77FFC0E98EFF737FF6946C0051E
:107D20000978000E062953D008DC012912D0022957
:107D300022D0032927D0042908D141E0132949D0B2
:107D4000A5295BD0A62961D0A72975D070A0F7F727
:107D500013FBD2E70428D0D169464878897800041B
:107D6000090208436946C978714A084301463C390B
:107D70009142C2D8A86095E00228BED168464178F9
:107D80006C4801708EE00628B7D16846407800281C
:107D900001D0012300E00023694648880A79E127E1
:107DA00040BA49793F01B84202D3634FB84279D112
:107DB000202977D86375E8862270A1715F4838E082
:107DC00002289AD168464078FF2896D1F7F772FBCF
:107DD000042808D0022890D168464078411E1D2909
:107DE0008BD860705EE06846C078032885D8303054
:107DF000E8713038C0B2F0F763FF53E00228A8D131
:107E0000684640780128A4D828734BE00328A0D105
:107E10006846817842780802104341BA002998D018
:107E200040BAE881464806704648067046480670E3
:107E30004648067036E0FFE709288AD1684681780F
:107E400042780802104340BA03B268460179C2780A
:107E50000802104340BA02B26846817944790802A8
:107E6000204340BA01B26846047AC6792002304302
:107E700040BA04B21E467D20C836C0008642AFD844
:107E80001646C8368642ABD80E46C8368642A7D8B4
:107E90002646C8368642A3D82B826A82A982EC8203
:107EA000F8F714F8FAF71AFB27E70000CA130020C6
:107EB0006400002041542B475053223A2200000016
:107EC0006200002041545A005B25755D5265736560
:107ED00074207468652064657669636520616674E2
:107EE000657220726563656976696E67207468657E
:107EF00020646F776E6C696E6B2E2E2E0D0A00005B
:107F0000961B002068000020332A0020C2010020B8
:107F1000446F776E73747265616D20706172616D0C
:107F200065746572206572726F720D0A0000000040
:107F3000C3FFFF0060000020FFFF00006801002079
:107F400002000020030000200400002005000020A3
:107F5000F8B50B4800214171F1F77AFC094F002474
:107F6000084EC837A500A819F1F72AFCE819F1F75F
:107F700027FC641CE4B2202CF4D3F1F735FCF8BDE7
:107F8000B8000020000C080810B50E4900200E4A69
:107F9000487183009B189B6C002B0BD0401CC0B217
:107FA0002028F6D3002083009C18A36CE46CA34225
:107FB00002D3401C487110BD401CC0B22028F2D32F
:107FC00010BD0000B8000020800C0808F0B5224861
:107FD0008FB044790025202C00D300241F49A00035
:107FE00041188F6C002F2ED01C4980394018006832
:107FF000011400B20191EFF787FF0022184BEFF751
:10800000FFFE064600910198EFF77EFF0022144B19
:10801000EFF7F6FE0B460099024612A0009601917A
:10802000F7F7AAF903A93846F6F75CFB03AB07CBD1
:10803000019102900E490898009241180DA0069BEC
:10804000079AF7F799F9641C6D1CEDB2E4B2202D84
:10805000C1D30FB0F0BD0000B8000020800C0808AC
:10806000000024407B252E31662C252E3166000031
:108070006C0700002C25642F253032642F25303208
:108080006420253032643A253032643A2530326437
:108090007D0D0A0070B5154C6079202801D30020B1
:1080A000607112485038C18940890D040543F1F7C9
:1080B000CFFB60790E49800041182A460220F1F773
:1080C0009DFBF1F791FBF1F7C3FB08480849283005
:1080D00042686079C831800041180220F1F78EFBB8
:1080E000F1F782FB6079401C607170BDB800002020
:1080F000000C080810B500210A4604E0202B01D02E
:108100004354491C521C835C002BF7D1002242547B
:1081100010BD00001CB5002100910AA06B46019122
:1081200007E002781446303C092C02D85A54491C06
:10813000C9B20278401C002AF3D11846EFF754FD6B
:1081400080B21CBD76312E312E3000000FB410B538
:1081500004AA039900F004F810BC08BC04B0184746
:10816000F7B5FFB091B00D460646EFF70EFD07904C
:1081700000200990049028786D1C002870D02528D4
:1081800032D1002208231146042428786D1C372898
:1081900040D014DC32283DD008DC00287ED02528D1
:1081A00022D0302836D0312843D133E0332831D0A3
:1081B00034282FD035282DD036283AD12AE064280B
:1081C0002FD008DC382825D0392823D0442826D0C1
:1081D00058282ED145E0682811D06C2817D0752872
:1081E00021D0782825D13CE0079900297EDD31781F
:1081F000814235D10798401E761C0790BBE728784E
:10820000682801D02143C0E719436D1CBDE7012058
:108210000143BAE70A277A431218303AB5E701203A
:108220000143032003E001230320DB0219430A2357
:108230000493079B002B59DD03289CD15C48521EF8
:10824000824200D90246521C0520000301430292DB
:1082500000200EAA01910C920D900146029A77E03F
:10826000A4E00123DB02032019431023E0E7347864
:10827000412C17D00DDC22462B3A1300F7F7CFF82C
:108280000F506A4B6A6A3E3E3E3E3E3E3E3E3E3E9A
:108290006A00612C1AD015DC224600E081E0423AE7
:1082A000042A57D8049A0A2A54DD0523019A1B038D
:1082B0009A430192049AD317EFF774FBE20F362327
:1082C000DB4312E02246623A042A43D8049A0A2A7F
:1082D00040DD0523019A1B039A430192049AD317A8
:1082E000EFF760FBE20F5623DB4300E056E0002788
:1082F000FF43E3187A41C01851411BE00523019A5E
:108300001B039A430192049AD317EFF74BFBE20F3A
:108310002F23DB43E9E7019A920401D401220D9255
:10832000019AD20416D50123019A1B039A435B00DC
:108330001A4301920C9A14700C9A521C0C92079AD0
:10834000521E0792002A05DD029A521E761C0292E6
:10835000002A8CD10199490428D40C9900220A7072
:108360000D99002900D040420199C90703D0929984
:108370000A6810600CE00199490703D592990A68D0
:10838000108005E001990907F1D592990A681070EB
:10839000091D09989291401C0990ECE60998002863
:1083A00001D10020C0437FB014B0F0BD0998FAE7B6
:1083B000FF010000FEB57D480078002813D0052499
:1083C000240720212046F1F751FC012805D0402147
:1083D0002046F1F74BFC012805D13220F1F7DEF9F8
:1083E00073A0F6F7C9FF7548F1F78CFC01216846C8
:1083F000FAF770FC724C0098A0610198E061714836
:108400002169714E814231D0676987422ED0009830
:10841000EFF748FC6D4DB04209DCA84207D8394659
:108420000198EFF73FFCB04201DCA8421ED9684F2B
:108430003846F1F7B3F900216846FAF74BFC00988B
:10844000A169EFF72FFCB04209DCA84207D80198D8
:10845000E169EFF727FCB04201DCA84206D93846B3
:10846000F1F79CF900216846FAF734FC0098206186
:108470000198606131460098EFF71CFCEFF766FD4C
:108480004F4F31467837F8810198EFF713FCEFF73B
:108490005DFD38824F48504900780978C000890056
:1084A00008434E490978490008434D490978084373
:1084B000010785078E0FAD0FB874002E04D0012E72
:1084C00004D0022E04D004E04E2602E0482600E04C
:1084D0004C26002D04D0012D04D0022D04D004E040
:1084E0004E2502E0482500E04C253E4800783870D3
:1084F000FAF704FDB881A081EFF71AFD00223A4B8C
:10850000EFF77EFC04460291F6F704FA0146224694
:1085100036A0029BF6F730FF052001210007F1F796
:10852000A5FB0446F6F7F6F90146224634A0F6F715
:1085300023FFF6F7EFF901462B46324635A0F6F752
:108540001BFF0E20385EEFF7DFFC384D00222B4674
:10855000EFF756FC04460E46F6F7DCF901462246D4
:10856000334633A0F6F708FF1020385EEFF7CCFC57
:1085700000222B46EFF744FC05460C46F6F7CAF9F5
:1085800001462A46234631A0F6F7F6FE364815493D
:1085900040787870002008700E4908700E49087005
:1085A0000E4908700E490870FEBD00002900002029
:1085B00041542B5057524D320D0A000090050020B7
:1085C000680000200080BB4400002041000020C162
:1085D000DC0500004A0000204B0000204C00002079
:1085E0004D0000201900002000408F405B25755D84
:1085F0004241543A25302E336620560D0A000000C1
:108600005B25755D4750494F5F455854493A25648D
:108610000D0A00005B25755D74656D705F416C61CE
:10862000726D3A256325630D0A00000000002440A6
:108630005B25755D6368616E6E656C315F74656D39
:10864000703A25302E31660D0A0000005B25755DFD
:108650006368616E6E656C325F74656D703A25306B
:108660002E31660D0A00000088010020FEB52E485C
:10867000F1F748FB01216846FAF72CFB2B4C0098D8
:108680002146EFF717FBEFF761FC06B22146019890
:10869000EFF710FBEFF75AFC05B2FAF72FFC24496D
:1086A000888178398881EFF743FC0022214BEFF76E
:1086B000A7FB0C460746F6F72DF901463A46234636
:1086C0001DA0F6F759FE052001210007F1F7CEFAAB
:1086D0000446F6F71FF9014622461CA0F6F74CFEA9
:1086E0003046EFF711FC1E4E00223346EFF788FBB1
:1086F00007460C46F6F70EF901463A46234619A0FE
:10870000F6F73AFE2846EFF7FFFB00223346EFF775
:1087100077FB04460D46F6F7FDF8014622462B4648
:1087200017A0F6F729FEFEBD9005002000002041AD
:10873000E000002000408F405B25755D4241543AC7
:1087400025302E336620560D0A0000005B25755D2E
:108750004750494F5F455854493A25640D0A000077
:10876000000024405B25755D6368616E6E656C3149
:108770005F74656D703A25302E31660D0A00000079
:108780005B25755D6368616E6E656C325F74656DE7
:10879000703A25302E31660D0A00000030B587B0E2
:1087A00014216846EFF7AFF91048C16A012211435E
:1087B000C162C06A05251040059050020090022059
:1087C000019000200290032004242D0703906946A5
:1087D00004942846F1F788F9200200906946049431
:1087E0002846F1F781F907B030BD000000100240C3
:1087F00010B50B48094901604B21C90141600021B6
:108800008160C160016181610C214161F2F76CFC02
:10881000002801D0F0F7E0FA10BD00000038014058
:10882000F0060020F0B5594C87B0207A012861D1BC
:10883000002525722079012601285DD0022859D112
:108840002673534865730675A820F0F7B7FA5148A8
:10885000F6F724F94F481438F6F720F94D486430FC
:10886000F6F71CF94B487830F6F718F949488C3080
:10887000F6F714F94748A030F6F710F94548503894
:10888000F6F70CF9214652202039C87508461730F2
:10889000F3F794FA404F3878002812D03D483F490A
:1088A0002830F6F749F83B483D492830F6F7ACF850
:1088B000012251033B48F1F7E6F936482830F6F734
:1088C000B5F8A57266720020F0F7FAF90020F0F70B
:1088D0004FFA387800280BD03220F0F75FFF32A033
:1088E000F6F74AFD6420F0F759FF32A0F6F744FD91
:1088F0003D70257107B0F0BD257114216846EFF772
:1089000002F92E48C16A3143C162C06A0127C0071B
:108910003F03C00F00970590052069460196029518
:108920000007F1F7E1F80520002239460007F1F7CA
:10893000AAF9C820F0F732FF0520012239460007C6
:10894000F1F7A1F91E491348F6F75EF81148F6F75A
:108950006DF86572207B0028CCD11A48C0780428B5
:10896000C8D10C481438F6F799F8094820388168BE
:108970007D20C000414307481438F6F745F8054804
:108980001438F6F753F86670B4E7000020000020B2
:10899000B8000020580400206A010020B5E2000859
:1089A000881300000004005041542B5057524D32A0
:1089B0000D0A0000534C4545500D0A0000100240BE
:1089C00060EA000088010020FEB5314D0C46002809
:1089D00006D000295AD101216846FAF77BF910E048
:1089E00001216846FAF776F92878002807D0009820
:1089F000EFF7EAFA02460B4626A0F6F7BDFC002C7C
:108A00000AD12878002807D00198EFF7DDFA02464E
:108A10000B4624A0F6F7B0FC264E0098264F012402
:108A2000264DB04217D2B84215DA1020285EEFF773
:108A30005FFA0099EFF702FB01D2214808E012200B
:108A4000285EEFF755FA0099EFF7EEFA03D21D48CA
:108A500004701D4804700198B04217D21B4EB842F2
:108A600014DA1420285EEFF743FA0199EFF7E6FADB
:108A700001D2174808E01620285EEFF739FA01996D
:108A8000EFF7D2FA02D2134804703470FEBD000032
:108A90005D00002074656D70313A252E31660D0A37
:108AA0000000000074656D70323A252E31660D0AA3
:108AB00000000000000048C3000048449800002067
:108AC0004A0000204B000020000000200100002090
:108AD0004C0000204D000020B8B80108C0B80108C3
:108AE000CCB80108F0B8010804B90108E0B80108E1
:108AF0001F1C1F1E1F1E1F1F1E1F1E1F1F1D1F1E90
:108B00001F1E1F1F1E1F1E1F84BD01080600000020
:108B1000A90C0108D1110108D1110108A8C201084E
:108B20004CBF010801000000D1110108D11101085A
:108B3000BD1101081CBF010874BD0108050000003B
:108B4000CD04010805050108D111010850BC010838
:108B5000C8BD01080600000055130108D111010825
:108B60009113010874C4010860BD010806000000EB
:108B7000D1110108D11101088104010814C50108AF
:108B8000DCBC010806000000910F0108CD0F0108B0
:108B9000D1110108B0C0010840BB01080500000068
:108BA000D1110108D11101086D08010858C301084D
:108BB00010BE010804000000D1110108D111010804
:108BC000D9080108A0C4010804BE0108090000007A
:108BD0002D120108A5120108D111010848C401088D
:108BE000DCBE010807000000E901010821020108BC
:108BF000D111010878BC0108F0BC01080600000092
:108C000081160108B9160108D111010858C10108DF
:108C1000E8BC010804000000150F0108490F010815
:108C2000D111010884C0010838BC01080900000006
:108C3000910E0108CD0E0108D1110108A0BF010855
:108C400044BC010809000000051401084114010892
:108C5000D1110108D0BF010828BC010804000000A0
:108C600089140108C1140108D111010810C30108B9
:108C7000B0BD010804000000FDFE000831FF00083F
:108C8000D111010890BD0108B8BD01080400000021
:108C9000C50D0108010E0108D11101086CBA0108C7
:108CA0007CBD010805000000D51101081112010862
:108CB000D111010884C10108C0BD010804000000F1
:108CC000D1110108EB000108E100010878BF01089B
:108CD0001CBC010806000000590C0108D111010854
:108CE000D111010850BF010820BD01080F0000008C
:108CF000D1110108D9090108D1110108D4C4010812
:108D00003CBD0108070000004D050108850501086C
:108D1000D1110108ECC20108FCBC010808000000E8
:108D2000210401085D040108D111010834BA0108C9
:108D300020BE010806000000CD050108410601081B
:108D4000D1110108B0B9010818BE010805000000E2
:108D50004909010885090108D1110108ECB9010888
:108D6000B0BC010807000000F51501083116010824
:108D7000D11101080CBA01082CBE01080500000041
:108D8000ED0C0108210D0108D1110108F4BE010804
:108D90006CBD010804000000A9130108E1130108DB
:108DA000D1110108B0C1010808BD01080700000089
:108DB000FD0B0108310C0108D1110108F8BB0108B5
:108DC00038BB010807000000011701083917010826
:108DD000D111010814BB01086CBB01080700000099
:108DE00081170108B9170108D111010848BB010812
:108DF00098BB010807000000011801083918010894
:108E0000D111010874BB0108C4BB010807000000B0
:108E100081180108B9180108D1110108A0BB010887
:108E2000F0BB010807000000011901083919010809
:108E3000D1110108CCBB0108BCBC0108070000002F
:108E40002D0B0108690B0108D1110108B0BA010806
:108E500048BD01080B00000069020108BD020108BD
:108E6000D1110108ECC1010854BD01080700000040
:108E7000D1110108B5090108A9090108C8C30108F1
:108E8000D4BD01080A000000ED14010865150108B1
:108E9000D111010850C0010834BD010804000000D0
:108EA000D1110108D111010805010108A8C3010869
:108EB00014BD010809000000390701087507010801
:108EC000D1110108ECC3010844BF010804000000EF
:108ED000D1110108D1110108FD10010828C10108B4
:108EE000E8BE0108060000000D0A0108410A010859
:108EF000D111010868BE010854BE01080400000039
:108F0000710A0108A10A0108D111010834BE010843
:108F100030BC010805000000C50A0108010B01086A
:108F2000D11101081CC20108A4BC010808000000FE
:108F300071100108A9100108D11101082CC0010805
:108F4000C8BC0108090000009D0B0108D90B0108ED
:108F5000D111010894BE0108D4BC0108050000002D
:108F600081190108BD190108D1110108DCC00108EF
:108F7000FCBD010806000000490D01087D0D010837
:108F8000D1110108CCC201085CBE01080800000034
:108F9000A1030108D9030108D111010804C1010886
:108FA000E4BD0108070000004D0101088901010826
:108FB000D11101085CC20108F0BD010807000000E2
:108FC00079FF0008CDFF0008D111010800C0010899
:108FD00041542B5245440D0A0000000000000000DF
:108FE0000000000041542B475245454E0D0A000039
:108FF000000000000000000041542B424C55450D7C
:109000000A000000000000000000000044C6010843
:1090100000000000000000002C010000C55C0108F9
:10902000416501084165010844C6010848C60108B8
:10903000010000002C010000915D0108416501085C
:109040004165010844C6010848C601080300000044
:109050002C01000041650108416501087D6201089D
:1090600044C6010848C60108020000002C010000A7
:109070004165010841650108F562010844C601081F
:1090800048C6010804000000F4010000E96A010874
:10909000196B0108DD6A010844C6010848C60108C9
:1090A000050000002C010000316201084165010843
:1090B000C961010844C6010848C60108060000004D
:1090C000F40100005165010881650108456501084A
:1090D00044C6010848C6010807000000F40100006A
:1090E000C1640108F1640108B564010844C60108BF
:1090F00048C6010808000000D007000049600108C8
:10910000016101084165010844C6010848C601081B
:10911000090000002C010000F15F01084165010811
:10912000095F010844C6010848C601080A0000009A
:109130002C010000B15E010841650108C95D01080C
:1091400044C6010848C601080B0000002C010000BD
:1091500049610108796101083D61010844C60108BF
:1091600048C601080C0000002C01000049680108F5
:109170008D6801084165010844C6010848C6010818
:109180000D0000002C0100006D630108A5630108BB
:109190004165010844C6010848C601080E000000E8
:1091A0002C010000416501084165010801640108C6
:1091B00044C6010848C601080F0000002C01000049
:1091C000E96D010841650108616D010844C60108A7
:1091D00048C6010810000000F4010000996B010866
:1091E000C96B01088D6B010844C6010848C6010817
:1091F00011000000F40100006D6C01089D6C010875
:10920000616C010844C6010848C60108120000004C
:10921000F4010000716A0108A16A0108656A010889
:1092200044C6010848C60108130000002C010000D4
:10923000B1670108F56701084165010844C60108E6
:1092400048C6010814000000D0070000D96C0108CE
:10925000116D01084165010844C6010848C60108AE
:1092600015000000D0070000F56601082D67010811
:10927000CD65010844C6010848C601081600000073
:10928000E8030000A169010841650108C5680108FB
:1092900044C6010848C6010817000000F401000098
:1092A000F9690108296A01084165010844C60108F5
:1092B00048C6010818000000F40100004139010807
:1092C000813901083539010844C6010848C601083A
:1092D00019000000F4010000513A0108913A010818
:1092E000453A010844C6010848C601081A000000B2
:1092F000F4010000C9390108093A0108BD39010823
:1093000044C6010848C601081B000000F401000023
:10931000593B0108853B01084D3B010844C6010843
:1093200048C601081C000000F4010000F93B0108D8
:10933000253C0108ED3B010844C6010848C6010868
:109340001D000000F4010000993C0108C53C010823
:109350008D3C010844C6010848C601081E000000F3
:10936000F4010000393D0108653D01082D3D01086B
:1093700044C6010848C601081F000000F4010000AF
:10938000D93D0108053E0108CD3D010840C6010850
:1093900048C6010820000000F4010000953F0108C4
:1093A000C53F01084165010844C6010848C60108D7
:1093B00021000000E803000021400108514001089D
:1093C0004165010844C6010848C6010822000000A2
:1093D000F4010000693F0108416501086D3E010884
:1093E00044C6010848C6010823000000F40100003B
:1093F000C138010801390108B53801080000000032
:10940000000000002400000000000000B940010836
:10941000416501084165010830C6010848C60108D8
:1094200025000000DC050000215601084D5601080A
:109430004165010840C6010848C601082600000031
:10944000E80300008D5A0108B95A01084165010876
:1094500044C6010848C6010827000000E8030000D0
:1094600099550108C95501084165010844C601081C
:1094700048C6010828000000E8030000C95B010895
:10948000F55B01084165010844C6010848C60108AA
:1094900029000000E80300009D570108C957010892
:1094A0004165010844C6010848C601082A000000B9
:1094B000F4010000615A01084165010839580108AA
:1094C00044C6010848C601082B000000F401000052
:1094D0002D5501088D550108416501080000000067
:1094E000000000002C000000000000005D5C01088E
:1094F000416501084165010844C6010848C60108E4
:109500002D0000002C010000AD4D0108D94D0108CF
:109510004165010844C6010848C601082E00000044
:109520002C0100004D4E0108794E010841650108EB
:1095300044C6010848C601082F0000002C010000A5
:10954000314D01085D4D01084165010844C601081F
:1095500048C60108300000002C010000093701084E
:10956000353701084165010844C6010848C60108AD
:10957000310000002C01000095370108C1370108B7
:109580004165010844C6010848C6010832000000D0
:109590002C010000253801085138010841650108F7
:1095A00044C6010848C6010833000000C800000096
:1095B000416501088D4101084165010844C6010863
:1095C00048C6010834000000B004000079440108D6
:1095D000A54401084165010844C6010848C60108C0
:1095E00035000000F4010000F541010821420108A6
:1095F0004165010844C6010848C60108360000005C
:10960000F4010000854A0108B54A010841650108D6
:1096100040C6010848C6010837000000F4010000F8
:1096200001490108314901084165010840C60108A6
:1096300048C6010838000000F40100006545010833
:10964000954501084165010840C6010848C6010862
:1096500039000000F401000075460108A546010824
:109660004165010840C6010848C601083A000000EB
:10967000F40100004D4701087D47010841650108DC
:1096800040C6010848C601083B000000F401000084
:1096900029480108594801084165010844C60108E4
:1096A00048C601083C000000E8030000D949010851
:1096B000094A01084165010844C6010848C6010875
:1096C0003D000000F4010000CD420108D94201082C
:1096D0004165010844C6010848C601083E00000073
:1096E000F40100000D4401086D44010841650108C2
:1096F00044C6010848C601083F000000F40100000C
:109700002141010881410108416501080000000074
:10971000000000004000000000000000C54B0108F0
:10972000416501084165010830C6010848C60108C5
:1097300041000000DC050000D94F01080550010878
:109740004165010840C6010848C601084200000002
:10975000E8030000495301088953010841650108E5
:1097600044C6010848C6010843000000E8030000A1
:10977000514F0108814F01084165010844C60108A5
:1097800048C6010844000000E80300003554010801
:10979000615401084165010844C6010848C6010832
:1097A00045000000E8030000D1500108FD50010809
:1097B0004165010844C6010848C60108460000008A
:1097C000F40100001D5301084165010851510108D1
:1097D00044C6010848C6010847000000A00F000069
:1097E000E54E0108454F01084165010800000000F1
:1097F000000000004800000000000000C5540108FF
:10980000416501084165010844C6010800000000E7
:10981000000000002C010000C55C01084165010842
:109820004165010844C6010848C60108010000005E
:109830002C010000915D01084165010841650108A6
:1098400044C6010848C60108030000002C010000BE
:1098500041650108416501087D62010844C60108AF
:1098600048C60108020000002C0100004165010803
:1098700041650108F562010844C6010848C60108AF
:1098800004000000F4010000E96A0108196B0108F6
:10989000DD6A010844C6010848C601080500000049
:1098A0002C0100003162010841650108C96101080D
:1098B00044C6010848C6010806000000F401000083
:1098C00051650108816501084565010844C6010824
:1098D00048C6010807000000F4010000C164010847
:1098E000F1640108B564010844C6010848C60108CE
:1098F00008000000D007000049600108016101086C
:109900004165010844C6010848C601080900000075
:109910002C010000F15F010841650108095F0108A1
:1099200044C6010848C601080A0000002C010000D6
:10993000B15E010841650108C95D010844C601081E
:1099400048C601080B0000002C0100004961010815
:10995000796101083D61010844C6010848C6010853
:109960000C0000002C010000496801088D68010806
:109970004165010844C6010848C601080D00000001
:109980002C0100006D630108A56301084165010811
:1099900044C6010848C601080E0000002C01000062
:1099A00041650108416501080164010844C60108D8
:1099B00048C601080F0000002C010000E96D0108F5
:1099C00041650108616D010844C6010848C60108E7
:1099D00010000000F4010000996B0108C96B010838
:1099E0008D6B010844C6010848C60108110000003B
:1099F000F40100006D6C01089D6C0108616C0108A8
:109A000044C6010848C6010812000000F401000025
:109A1000716A0108A16A0108656A010844C6010863
:109A200048C60108130000002C010000B1670108BE
:109A3000F56701084165010844C6010848C60108E8
:109A400014000000D0070000D96C0108116D010856
:109A50004165010844C6010848C601081500000018
:109A6000D0070000F56601082D670108CD650108E3
:109A700044C6010848C6010816000000E8030000BB
:109A8000A169010841650108C568010844C60108CB
:109A900048C6010817000000F4010000F969010838
:109AA000296A01084165010844C6010848C6010841
:109AB00018000000F4010000413901088139010853
:109AC0003539010844C6010848C6010819000000DC
:109AD000F4010000513A0108913A0108453A0108A1
:109AE00044C6010848C601081A000000F40100003D
:109AF000C9390108093A0108BD39010844C60108FD
:109B000048C601081B000000F4010000593B010891
:109B1000853B01084D3B010844C6010848C60108C1
:109B20001C000000F4010000F93B0108253C01087D
:109B3000ED3B010844C6010848C601081D000000AD
:109B4000F4010000993C0108C53C01088D3C010866
:109B500044C6010848C601081E000000F4010000C8
:109B6000393D0108653D01082D3D010844C6010845
:109B700048C601081F000000F4010000D93D01089B
:109B8000053E0108CD3D010840C6010848C6010850
:109B900020000000F4010000953F0108C53F0108C6
:109BA0004165010844C6010848C6010821000000BB
:109BB000E803000021400108514001084165010807
:109BC00044C6010848C6010822000000F401000054
:109BD000693F0108416501086D3E010844C601085E
:109BE00048C6010823000000F4010000C138010844
:109BF00001390108B538010800000000000000002C
:109C00002400000000000000B9400108416501087F
:109C10004165010830C6010848C60108250000005A
:109C2000DC050000215601084D5601084165010878
:109C300040C6010848C6010826000000E8030000ED
:109C40008D5A0108B95A01084165010844C6010846
:109C500048C6010827000000E803000099550108E4
:109C6000C95501084165010844C6010848C60108F4
:109C700028000000E8030000C95B0108F55B01084B
:109C80004165010844C6010848C6010829000000D2
:109C9000E80300009D570108C95701084165010804
:109CA00044C6010848C601082A000000F40100006B
:109CB000615A0108416501083958010844C6010884
:109CC00048C601082B000000F40100002D550108D2
:109CD0008D550108416501080000000000000000EA
:109CE0002C000000000000005D5C010841650108D7
:109CF0004165010844C6010848C601082D0000005E
:109D00002C010000AD4D0108D94D01084165010845
:109D100044C6010848C601082E0000002C010000BE
:109D20004D4E0108794E01084165010844C60108FD
:109D300048C601082F0000002C010000314D010829
:109D40005D4D01084165010844C6010848C6010887
:109D5000300000002C0100000937010835370108E8
:109D60004165010844C6010848C6010831000000E9
:109D70002C01000095370108C13701084165010831
:109D800044C6010848C60108320000002C0100004A
:109D900025380108513801084165010844C6010809
:109DA00048C6010833000000C800000041650108F2
:109DB0008D4101084165010844C6010848C60108F3
:109DC00034000000B004000079440108A5440108F3
:109DD0004165010844C6010848C601083500000075
:109DE000F4010000F5410108214201084165010824
:109DF00044C6010848C6010836000000F40100000E
:109E0000854A0108B54A01084165010840C60108B4
:109E100048C6010837000000F401000001490108AC
:109E2000314901084165010840C6010848C60108DA
:109E300038000000F401000065450108954501085F
:109E40004165010840C6010848C601083900000004
:109E5000F401000075460108A546010841650108A6
:109E600040C6010848C601083A000000F40100009D
:109E70004D4701087D4701084165010840C60108BA
:109E800048C601083B000000F40100002948010811
:109E9000594801084165010844C6010848C601083F
:109EA0003C000000E8030000D9490108094A010804
:109EB0004165010844C6010848C601083D0000008C
:109EC000F4010000CD420108D942010841650108B2
:109ED00044C6010848C601083E000000F401000025
:109EE0000D4401086D4401084165010844C601089C
:109EF00048C601083F000000F401000021410108AC
:109F000081410108416501080000000000000000D7
:109F10004000000000000000C54B01084165010839
:109F20004165010830C6010848C60108410000002B
:109F3000DC050000D94F0108055001084165010802
:109F400040C6010848C6010842000000E8030000BE
:109F500049530108895301084165010844C60108B5
:109F600048C6010843000000E8030000514F010803
:109F7000814F01084165010844C6010848C601082F
:109F800044000000E8030000355401086154010852
:109F90004165010844C6010848C6010845000000A3
:109FA000E8030000D1500108FD5001084165010897
:109FB00044C6010848C6010846000000F40100003C
:109FC0001D530108416501085151010844C60108AB
:109FD00048C6010847000000A00F0000E54E010838
:109FE000454F010841650108000000000000000025
:109FF0004800000000000000C55401084165010848
:10A000004165010844C6010800000000000000008E
:10A010002C010000C55C010841650108416501088B
:10A0200044C6010848C60108010000002C010000D8
:10A03000915D0108416501084165010844C60108B8
:10A0400048C60108030000002C010000416501081A
:10A05000416501087D62010844C6010848C601083F
:10A06000020000002C010000416501084165010863
:10A07000F562010844C6010848C601080400000052
:10A08000F4010000E96A0108196B0108DD6A0108A2
:10A0900044C6010848C60108050000002C01000064
:10A0A0003162010841650108C961010844C601081F
:10A0B00048C6010806000000F401000051650108CF
:10A0C000816501084565010844C6010848C60108C4
:10A0D00007000000F4010000C1640108F1640108F8
:10A0E000B564010844C6010848C60108080000001C
:10A0F000D0070000496001080161010841650108BD
:10A1000044C6010848C60108090000002C010000EF
:10A11000F15F010841650108095F010844C60108B3
:10A1200048C601080A0000002C010000B15E0108C9
:10A1300041650108C95D010844C6010848C6010817
:10A140000B0000002C010000496101087961010841
:10A150003D61010844C6010848C601080C00000022
:10A160002C010000496801088D680108416501085B
:10A1700044C6010848C601080D0000002C0100007B
:10A180006D630108A56301084165010844C6010823
:10A1900048C601080E0000002C01000041650108BE
:10A1A000416501080164010844C6010848C6010868
:10A1B0000F0000002C010000E96D01084165010855
:10A1C000616D010844C6010848C60108100000007E
:10A1D000F4010000996B0108C96B01088D6B01083F
:10A1E00044C6010848C6010811000000F40100003F
:10A1F0006D6C01089D6C0108616C010844C6010882
:10A2000048C6010812000000F4010000716A01084C
:10A21000A16A0108656A010844C6010848C6010828
:10A22000130000002C010000B1670108F567010868
:10A230004165010844C6010848C601081400000031
:10A24000D0070000D96C0108116D010841650108B3
:10A2500044C6010848C6010815000000D0070000E8
:10A26000F56601082D670108CD65010844C601089F
:10A2700048C6010816000000E8030000A1690108B3
:10A2800041650108C568010844C6010848C60108BF
:10A2900017000000F4010000F9690108296A0108AB
:10A2A0004165010844C6010848C6010818000000BD
:10A2B000F4010000413901088139010835390108EC
:10A2C00044C6010848C6010819000000F401000056
:10A2D000513A0108913A0108453A010844C601087B
:10A2E00048C601081A000000F4010000C93901083D
:10A2F000093A0108BD39010844C6010848C60108E9
:10A300001B000000F4010000593B0108853B0108D7
:10A310004D3B010844C6010848C601081C00000066
:10A32000F4010000F93B0108253C0108ED3B010860
:10A3300044C6010848C601081D000000F4010000E1
:10A34000993C0108C53C01088D3C010844C6010840
:10A3500048C601081E000000F4010000393D010854
:10A36000653D01082D3D010844C6010848C60108A5
:10A370001F000000F4010000D93D0108053E01085E
:10A38000CD3D010840C6010848C601082000000074
:10A39000F4010000953F0108C53F0108416501082F
:10A3A00044C6010848C6010821000000E803000077
:10A3B00021400108514001084165010844C60108D7
:10A3C00048C6010822000000F4010000693F0108AE
:10A3D000416501086D3E010844C6010848C60108F0
:10A3E00023000000F4010000C13801080139010810
:10A3F000B538010800000000000000002400000043
:10A4000000000000B94001084165010841650108EC
:10A4100030C6010848C6010825000000DC05000020
:10A42000215601084D5601084165010840C6010842
:10A4300048C6010826000000E80300008D5A010804
:10A44000B95A01084165010844C6010848C6010817
:10A4500027000000E803000099550108C9550108CC
:10A460004165010844C6010848C6010828000000EB
:10A47000E8030000C95B0108F55B010841650108BC
:10A4800044C6010848C6010829000000E80300008E
:10A490009D570108C95701084165010844C60108D4
:10A4A00048C601082A000000F4010000615A0108B2
:10A4B000416501083958010844C6010848C6010829
:10A4C0002B000000F40100002D5501088D550108F6
:10A4D0004165010800000000000000002C000000A1
:10A4E000000000005D5C010841650108416501084C
:10A4F00044C6010848C601082D0000002C010000D8
:10A50000AD4D0108D94D01084165010844C6010857
:10A5100048C601082E0000002C0100004D4E010825
:10A52000794E01084165010844C6010848C6010882
:10A530002F0000002C010000314D01085D4D010885
:10A540004165010844C6010848C601083000000002
:10A550002C01000009370108353701084165010861
:10A5600044C6010848C60108310000002C01000063
:10A5700095370108C13701084165010844C6010843
:10A5800048C60108320000002C01000025380108EF
:10A59000513801084165010844C6010848C6010850
:10A5A00033000000C8000000416501088D4101082A
:10A5B0004165010844C6010848C60108340000008E
:10A5C000B004000079440108A54401084165010870
:10A5D00044C6010848C6010835000000F401000027
:10A5E000F5410108214201084165010844C60108FE
:10A5F00048C6010836000000F4010000854A010841
:10A60000B54A01084165010840C6010848C601086D
:10A6100037000000F4010000014901083149010838
:10A620004165010840C6010848C60108380000001D
:10A63000F4010000654501089545010841650108E0
:10A6400040C6010848C6010839000000F4010000B6
:10A6500075460108A54601084165010840C6010884
:10A6600048C601083A000000F40100004D47010807
:10A670007D4701084165010840C6010848C6010838
:10A680003B000000F4010000294801085948010876
:10A690004165010844C6010848C601083C000000A5
:10A6A000E8030000D9490108094A01084165010889
:10A6B00044C6010848C601083D000000F40100003E
:10A6C000CD420108D94201084165010844C601088C
:10A6D00048C601083E000000F40100000D440108D6
:10A6E0006D4401084165010844C6010848C60108D7
:10A6F0003F000000F40100002141010881410108F0
:10A70000416501080000000000000000400000005A
:10A7100000000000C54B01084165010841650108C2
:10A7200030C6010848C6010841000000DC050000F1
:10A73000D94F0108055001084165010840C60108CC
:10A7400048C6010842000000E80300004953010820
:10A75000895301084165010844C6010848C601083B
:10A7600043000000E8030000514F0108814F010839
:10A770004165010844C6010848C6010844000000BC
:10A78000E8030000355401086154010841650108DF
:10A7900044C6010848C6010845000000E80300005F
:10A7A000D1500108FD5001084165010844C6010867
:10A7B00048C6010846000000F40100001D530108CE
:10A7C000416501085151010844C6010848C6010805
:10A7D00047000000A00F0000E54E0108454F0108AA
:10A7E0004165010800000000000000004800000072
:10A7F00000000000C55401084165010841650108D9
:10A8000044C6010800000000000000002C01000008
:10A81000C55C0108416501084165010844C601089D
:10A8200048C60108010000002C010000915D0108EC
:10A83000416501084165010844C6010848C6010890
:10A84000030000002C01000041650108416501087A
:10A850007D62010844C6010848C6010802000000E4
:10A860002C0100004165010841650108F5620108FD
:10A8700044C6010848C6010804000000F4010000B5
:10A88000E96A0108196B0108DD6A010844C601087C
:10A8900048C60108050000002C01000031620108D3
:10A8A00041650108C961010844C6010848C601089C
:10A8B00006000000F40100005165010881650108EF
:10A8C0004565010844C6010848C6010807000000A4
:10A8D000F4010000C1640108F1640108B5640108D5
:10A8E00044C6010848C6010808000000D00700005F
:10A8F00049600108016101084165010844C6010879
:10A9000048C60108090000002C010000F15F0108A1
:10A9100041650108095F010844C6010848C60108ED
:10A920000A0000002C010000B15E01084165010829
:10A93000C95D010844C6010848C601080B000000B3
:10A940002C01000049610108796101083D6101089D
:10A9500044C6010848C601080C0000002C01000094
:10A96000496801088D6801084165010844C601086D
:10A9700048C601080D0000002C0100006D630108AD
:10A98000A56301084165010844C6010848C60108DD
:10A990000E0000002C01000041650108416501081E
:10A9A0000164010844C6010848C601080F00000000
:10A9B0002C010000E96D010841650108616D010885
:10A9C00044C6010848C6010810000000F401000058
:10A9D000996B0108C96B01088D6B010844C6010819
:10A9E00048C6010811000000F40100006D6C010868
:10A9F0009D6C0108616C010844C6010848C6010845
:10AA000012000000F4010000716A0108A16A010847
:10AA1000656A010844C6010848C601081300000021
:10AA20002C010000B1670108F567010841650108C4
:10AA300044C6010848C6010814000000D007000001
:10AA4000D96C0108116D01084165010844C601086F
:10AA500048C6010815000000D0070000F56601088F
:10AA60002D670108CD65010844C6010848C60108E4
:10AA700016000000E8030000A16901084165010813
:10AA8000C568010844C6010848C60108170000004F
:10AA9000F4010000F9690108296A0108416501080B
:10AAA00044C6010848C6010818000000F40100006F
:10AAB00041390108813901083539010844C60108C6
:10AAC00048C6010819000000F4010000513A0108CD
:10AAD000913A0108453A010844C6010848C60108F0
:10AAE0001A000000F4010000C9390108093A010800
:10AAF000BD39010844C6010848C601081B00000012
:10AB0000F4010000593B0108853B01084D3B010859
:10AB100044C6010848C601081C000000F4010000FA
:10AB2000F93B0108253C0108ED3B010844C601083A
:10AB300048C601081D000000F4010000993C01080E
:10AB4000C53C01088D3C010844C6010848C60108FF
:10AB50001E000000F4010000393D0108653D0108B8
:10AB60002D3D010844C6010848C601081F00000029
:10AB7000F4010000D93D0108053E0108CD3D010862
:10AB800040C6010848C6010820000000F40100008A
:10AB9000953F0108C53F01084165010844C6010809
:10ABA00048C6010821000000E80300002140010818
:10ABB000514001084165010844C6010848C6010822
:10ABC00022000000F4010000693F0108416501080E
:10ABD0006D3E010844C6010848C601082300000074
:10ABE000F4010000C138010801390108B538010835
:10ABF0000000000000000000240000000000000031
:10AC0000B9400108416501084165010830C60108E5
:10AC100048C6010825000000DC0500002156010897
:10AC20004D5601084165010840C6010848C60108A3
:10AC300026000000E80300008D5A0108B95A0108F7
:10AC40004165010844C6010848C601082700000004
:10AC5000E803000099550108C9550108416501083C
:10AC600044C6010848C6010828000000E8030000A7
:10AC7000C95B0108F55B01084165010844C601088C
:10AC800048C6010829000000E80300009D5701089C
:10AC9000C95701084165010844C6010848C60108B2
:10ACA0002A000000F4010000615A01084165010812
:10ACB0003958010844C6010848C601082B000000A5
:10ACC000F40100002D5501088D550108416501086A
:10ACD00000000000000000002C0000000000000048
:10ACE0005D5C0108416501084165010844C6010831
:10ACF00048C601082D0000002C010000AD4D0108E0
:10AD0000D94D01084165010844C6010848C601083B
:10AD10002E0000002C0100004D4E0108794E010864
:10AD20004165010844C6010848C601082F0000001B
:10AD30002C010000314D01085D4D010841650108FD
:10AD400044C6010848C60108300000002C0100007C
:10AD500009370108353701084165010844C6010873
:10AD600048C60108310000002C0100009537010899
:10AD7000C13701084165010844C6010848C60108F9
:10AD8000320000002C01000025380108513801086C
:10AD90004165010844C6010848C6010833000000A7
:10ADA000C8000000416501088D41010841650108A6
:10ADB00044C6010848C6010834000000B004000081
:10ADC00079440108A54401084165010844C6010809
:10ADD00048C6010835000000F4010000F5410108F3
:10ADE000214201084165010844C6010848C601081E
:10ADF00036000000F4010000854A0108B54A010848
:10AE00004165010840C6010848C601083700000036
:10AE1000F4010000014901083149010841650108B8
:10AE200040C6010848C6010838000000F4010000CF
:10AE300065450108954501084165010840C60108BE
:10AE400048C6010839000000F401000075460108F9
:10AE5000A54601084165010840C6010848C6010829
:10AE60003A000000F40100004D4701087D47010849
:10AE70004165010840C6010848C601083B000000C2
:10AE8000F4010000294801085948010841650108FA
:10AE900044C6010848C601083C000000E803000061
:10AEA000D9490108094A01084165010844C6010859
:10AEB00048C601083D000000F4010000CD42010831
:10AEC000D94201084165010844C6010848C6010885
:10AED0003E000000F40100000D4401086D4401082B
:10AEE0004165010844C6010848C601083F0000004A
:10AEF000F401000021410108814101084165010878
:10AF00000000000000000000400000000000000001
:10AF1000C54B0108416501084165010830C60108BB
:10AF200048C6010841000000DC050000D94F0108B7
:10AF3000055001084165010840C6010848C60108DE
:10AF400042000000E803000049530108895301084A
:10AF50004165010844C6010848C6010843000000D5
:10AF6000E8030000514F0108814F010841650108C5
:10AF700044C6010848C6010844000000E803000078
:10AF800035540108615401084165010844C60108AF
:10AF900048C6010845000000E8030000D150010840
:10AFA000FD5001084165010844C6010848C6010872
:10AFB00046000000F40100001D530108416501082E
:10AFC0005151010844C6010848C601084700000065
:10AFD000A00F0000E54E0108454F0108416501083A
:10AFE0000000000000000000480000000000000019
:10AFF000C5540108416501084165010844C60108BE
:10B0000000000000000000002C010000C55C0108E9
:10B01000416501084165010844C6010848C60108A8
:10B02000010000002C010000915D0108416501084C
:10B030004165010844C6010848C601080300000034
:10B040002C01000041650108416501087D6201088D
:10B0500044C6010848C60108020000002C01000097
:10B060004165010841650108F562010844C601080F
:10B0700048C6010804000000F4010000E96A010864
:10B08000196B0108DD6A010844C6010848C60108B9
:10B09000050000002C010000316201084165010833
:10B0A000C961010844C6010848C60108060000003D
:10B0B000F40100005165010881650108456501083A
:10B0C00044C6010848C6010807000000F40100005A
:10B0D000C1640108F1640108B564010844C60108AF
:10B0E00048C6010808000000D007000049600108B8
:10B0F000016101084165010844C6010848C601080C
:10B10000090000002C010000F15F01084165010801
:10B11000095F010844C6010848C601080A0000008A
:10B120002C010000B15E010841650108C95D0108FC
:10B1300044C6010848C601080B0000002C010000AD
:10B1400049610108796101083D61010844C60108AF
:10B1500048C601080C0000002C01000049680108E5
:10B160008D6801084165010844C6010848C6010808
:10B170000D0000002C0100006D630108A5630108AB
:10B180004165010844C6010848C601080E000000D8
:10B190002C010000416501084165010801640108B6
:10B1A00044C6010848C601080F0000002C01000039
:10B1B000E96D010841650108616D010844C6010897
:10B1C00048C6010810000000F4010000996B010856
:10B1D000C96B01088D6B010844C6010848C6010807
:10B1E00011000000F40100006D6C01089D6C010865
:10B1F000616C010844C6010848C60108120000003D
:10B20000F4010000716A0108A16A0108656A010879
:10B2100044C6010848C60108130000002C010000C4
:10B22000B1670108F56701084165010844C60108D6
:10B2300048C6010814000000D0070000D96C0108BE
:10B24000116D01084165010844C6010848C601089E
:10B2500015000000D0070000F56601082D67010801
:10B26000CD65010844C6010848C601081600000063
:10B27000E8030000A169010841650108C5680108EB
:10B2800044C6010848C6010817000000F401000088
:10B29000F9690108296A01084165010844C60108E5
:10B2A00048C6010818000000F401000041390108F7
:10B2B000813901083539010844C6010848C601082A
:10B2C00019000000F4010000513A0108913A010808
:10B2D000453A010844C6010848C601081A000000A2
:10B2E000F4010000C9390108093A0108BD39010813
:10B2F00044C6010848C601081B000000F401000014
:10B30000593B0108853B01084D3B010844C6010833
:10B3100048C601081C000000F4010000F93B0108C8
:10B32000253C0108ED3B010844C6010848C6010858
:10B330001D000000F4010000993C0108C53C010813
:10B340008D3C010844C6010848C601081E000000E3
:10B35000F4010000393D0108653D01082D3D01085B
:10B3600044C6010848C601081F000000F40100009F
:10B37000D93D0108053E0108CD3D010840C6010840
:10B3800048C6010820000000F4010000953F0108B4
:10B39000C53F01084165010844C6010848C60108C7
:10B3A00021000000E803000021400108514001088D
:10B3B0004165010844C6010848C601082200000092
:10B3C000F4010000693F0108416501086D3E010874
:10B3D00044C6010848C6010823000000F40100002B
:10B3E000C138010801390108B53801080000000022
:10B3F000000000002400000000000000B940010827
:10B40000416501084165010830C6010848C60108C8
:10B4100025000000DC050000215601084D560108FA
:10B420004165010840C6010848C601082600000021
:10B43000E80300008D5A0108B95A01084165010866
:10B4400044C6010848C6010827000000E8030000C0
:10B4500099550108C95501084165010844C601080C
:10B4600048C6010828000000E8030000C95B010885
:10B47000F55B01084165010844C6010848C601089A
:10B4800029000000E80300009D570108C957010882
:10B490004165010844C6010848C601082A000000A9
:10B4A000F4010000615A010841650108395801089A
:10B4B00044C6010848C601082B000000F401000042
:10B4C0002D5501088D550108416501080000000057
:10B4D000000000002C000000000000005D5C01087E
:10B4E000416501084165010844C6010848C60108D4
:10B4F0002D0000002C010000AD4D0108D94D0108C0
:10B500004165010844C6010848C601082E00000034
:10B510002C0100004D4E0108794E010841650108DB
:10B5200044C6010848C601082F0000002C01000095
:10B53000314D01085D4D01084165010844C601080F
:10B5400048C60108300000002C010000093701083E
:10B55000353701084165010844C6010848C601089D
:10B56000310000002C01000095370108C1370108A7
:10B570004165010844C6010848C6010832000000C0
:10B580002C010000253801085138010841650108E7
:10B5900044C6010848C6010833000000C800000086
:10B5A000416501088D4101084165010844C6010853
:10B5B00048C6010834000000B004000079440108C6
:10B5C000A54401084165010844C6010848C60108B0
:10B5D00035000000F4010000F54101082142010896
:10B5E0004165010844C6010848C60108360000004C
:10B5F000F4010000854A0108B54A010841650108C7
:10B6000040C6010848C6010837000000F4010000E8
:10B6100001490108314901084165010840C6010896
:10B6200048C6010838000000F40100006545010823
:10B63000954501084165010840C6010848C6010852
:10B6400039000000F401000075460108A546010814
:10B650004165010840C6010848C601083A000000DB
:10B66000F40100004D4701087D47010841650108CC
:10B6700040C6010848C601083B000000F401000074
:10B6800029480108594801084165010844C60108D4
:10B6900048C601083C000000E8030000D949010841
:10B6A000094A01084165010844C6010848C6010865
:10B6B0003D000000F4010000CD420108D94201081C
:10B6C0004165010844C6010848C601083E00000063
:10B6D000F40100000D4401086D44010841650108B2
:10B6E00044C6010848C601083F000000F4010000FC
:10B6F0002141010881410108416501080000000065
:10B70000000000004000000000000000C54B0108E0
:10B71000416501084165010830C6010848C60108B5
:10B7200041000000DC050000D94F01080550010868
:10B730004165010840C6010848C6010842000000F2
:10B74000E8030000495301088953010841650108D5
:10B7500044C6010848C6010843000000E803000091
:10B76000514F0108814F01084165010844C6010895
:10B7700048C6010844000000E803000035540108F1
:10B78000615401084165010844C6010848C6010822
:10B7900045000000E8030000D1500108FD500108F9
:10B7A0004165010844C6010848C60108460000007A
:10B7B000F40100001D5301084165010851510108C1
:10B7C00044C6010848C6010847000000A00F000059
:10B7D000E54E0108454F01084165010800000000E1
:10B7E000000000004800000000000000C5540108EF
:10B7F00041650108416501080000000000000000EB
:10B800000102030406070809030406080C101820A7
:10B81000300000000001020304004040404040406E
:10B820004040404141414141404040404040404013
:10B830004040404040404040404005020202020279
:10B840000202020202020202020220202020202024
:10B85000202020200202020202020290909090908A
:10B860009010101010101010101010101010101058
:10B8700010101010100202020202028888888888C4
:10B8800088080808080808080808080808080808B8
:10B890000808080808020202024000001AB801085D
:10B8A0001F1C1F1E1F1E1F1F1E1F1E1F1F1D1F1EB2
:10B8B0001F1E1F1F1E1F1E1F0D0A4F4B0D0A0000CB
:10B8C0000D0A4552524F520D0A0000000D0A415414
:10B8D0005F504152414D5F4552524F520D0A000098
:10B8E0000D0A41545F52585F4552524F520D0A00A3
:10B8F0000D0A41545F425553595F4552524F520D04
:10B900000A0000000D0A41545F544553545F5041F2
:10B9100052414D5F4F564552464C4F570D0A00005D
:10B920005B25755D0D0A41542B3C434D443E3F2041
:10B93000202020202020203A2048656C70206F6E47
:10B94000203C434D443E0D0A41542B3C434D443E64
:10B950002020202020202020203A2052756E203CDC
:10B96000434D443E0D0A41542B3C434D443E3D3C27
:10B9700076616C75653E203A205365742074686565
:10B980002076616C75650D0A41542B3C434D443E55
:10B990003D3F202020202020203A2047657420743D
:10B9A00068652076616C75650D0A0D0A000000005F
:10B9B00041542B424B444E5320203A20476574207B
:10B9C0006F72205365742064796E616D69632064C1
:10B9D0006F6D61696E206E616D65207265736F6C4D
:10B9E0007574696F6E2049502000000041542B4748
:10B9F000444E5320203A20476574206F72205365CF
:10BA0000742074686520444E5320000041542B5428
:10BA10004C534D4F4420203A20476574206F7220CC
:10BA20005365742074686520544C53206D6F6465B1
:10BA30002000000041542B43535154494D452020D0
:10BA40003A20476574206F722053657420746865CE
:10BA50002074696D6520746F206A6F696E20746848
:10BA600065206E6574776F726B20000041542B5017
:10BA7000524F20202020203A20476574206F7220EA
:10BA80005365742075736167652061677265656DC4
:10BA9000656E742028313A434F41502C323A554458
:10BAA000502C333A4D5154542C343A5443502900BD
:10BAB00041542B494E544D4F4420203A2047657441
:10BAC000206F7220536574207468652074726967F2
:10BAD00067657220696E74657272757074206D6F1F
:10BAE00064652028303A696E7075742C313A66614D
:10BAF0006C6C696E67206F7220726973696E672C57
:10BB0000323A66616C6C696E672C333A726973699C
:10BB10006E67290041542B555249313A20476574CC
:10BB2000206F722073657420436F4150206F7074D2
:10BB3000696F6E203100000041542B55524931008D
:10BB400041542B464452310041542B555249323A0C
:10BB500020476574206F722073657420436F4150D5
:10BB6000206F7074696F6E203200000041542B55B5
:10BB70005249320041542B555249333A204765749B
:10BB8000206F722073657420436F4150206F707472
:10BB9000696F6E203300000041542B555249330029
:10BBA00041542B555249343A20476574206F722016
:10BBB00073657420436F4150206F7074696F6E20FD
:10BBC0003400000041542B555249340041542B5548
:10BBD0005249353A20476574206F7220736574208E
:10BBE000436F4150206F7074696F6E203500000004
:10BBF00041542B555249350041542B49505459500A
:10BC00004520203A20536574207468652049507699
:10BC100034206F72204950763600000041542B4C7E
:10BC2000444154410000000041542B54444300005F
:10BC300041542B475444430041542B505542544FD8
:10BC40005049430041542B535542544F50494300EF
:10BC500041542B44455549202020203A2047657403
:10BC6000206F72207365742074686520446576695E
:10BC7000636520494400000041542B434C49454E24
:10BC80005420203A20476574206F72205365742039
:10BC9000746865204D51545420636C69656E744915
:10BCA0004400000041542B5142414E44000000002A
:10BCB00041542B544C534D4F4400000041542B49E8
:10BCC0004E544D4F4400000041542B494F544D4FAA
:10BCD0004400000041542B574D4F440041542B5019
:10BCE000574F52440000000041542B50574400006D
:10BCF00041542B554E414D450000000041542B430B
:10BD0000535154494D45000041542B49505459500A
:10BD10004500000041542B444F574E54450000004D
:10BD200041542B47455453454E534F5256414C5561
:10BD30004500000041542B434647000041542B442A
:10BD40004E5343464700000041542B434C4F434B56
:10BD50004C4F470041542B4745544C4F470000007F
:10BD600041542B44454255470000000041542B5399
:10BD70004E49000041542B444555490041542B5233
:10BD800058444C0041542B4D4F44454C000000009A
:10BD900041542B41504E20202020203A20476574EA
:10BDA000206F7220736574207468652041504E00C6
:10BDB00041542B41504E000041542B50524F000033
:10BDC00041542B434450000041542B534C454550A3
:10BDD0000000000041542B54494D455354414D50EF
:10BDE0000000000041542B434954454D50000000D1
:10BDF00041542B415254454D5000000041542B4EAC
:10BE00005450000041542B53455256414444520073
:10BE100041542B464452000041542B47444E53009A
:10BE200041542B424B444E530000000041542B4DD3
:10BE3000514F530041542B47505320203A20547502
:10BE4000726E206F666620616E64206F6E204750B0
:10BE50005300000041542B475053000041542B51D4
:10BE6000434F50530000000041542B474E5353544E
:10BE700020203A20457874656E64207468652074CB
:10BE8000696D6520746F207475726E206F6E204727
:10BE90004E53530041542B494F544D4F443A204385
:10BEA0006F6E666967757265204E6574776F726B29
:10BEB0002043617465676F727920746F206265201A
:10BEC000536561726368656420666F7220756E6485
:10BED0006572204C544520524154000041542B437C
:10BEE0004C49454E5400000041542B474E53535487
:10BEF0000000000041542B4D514F5320203A205355
:10BF000065742074686520516F53206C6576656C8C
:10BF1000206F66204D5154540000000041545A20B7
:10BF2000202020202020203A2054726967206120A0
:10BF30007265736574206F6620746865204D435583
:10BF40000000000041542B515357000041545A0047
:10BF500041542B4C444154412020203A20476574E1
:10BF600020746865206C6173742075706C6F6164F7
:10BF7000206461746100000041542B434450202030
:10BF80002020203A2052656164206F7220436C6546
:10BF9000617220636163686564206461746100009C
:10BFA00041542B505542544F5049433A20476574F1
:10BFB000206F7220736574204D5154542070756247
:10BFC0006C697368696E6720746F70696300000044
:10BFD00041542B535542544F5049433A20476574BE
:10BFE000206F7220736574204D5154542073756214
:10BFF000736372697074696F6E20746F7069630027
:10C0000041542B415254454D5020203A20476574ED
:10C01000206F72205365742074686520416C6172D2
:10C020006D205468726573686F6C640041542B51C5
:10C0300042414E443A20476574206F722073657404
:10C04000204672657175656E63792042616E640089
:10C0500041542B54494D455354414D5020203A20D2
:10C06000476574206F722053657420554E495820DF
:10C0700074696D657374616D7020696E207365639A
:10C080006F6E640041542B50574420202020203AEA
:10C0900020476574206F7220536574207468652092
:10C0A0004D5154542070617373776F7264000000B7
:10C0B00041542B50574F52442020203A204765745A
:10C0C000206F7220736574207468652053797374CF
:10C0D000656D2070617373776F72640041542B57E4
:10C0E0004D4F4420203A20476574206F72205365DD
:10C0F000742074686520416C61726D204D6F6465B9
:10C100000000000041542B51434F50533A204765E3
:10C1100074206F7220736574206F70657261746F24
:10C120007220636F6465000041542B5153572020E7
:10C130003A20506F776572206F6E20616E642070B8
:10C140006F776572206F66662042473935206D6FC4
:10C1500064756C650000000041542B554E414D45FF
:10C160002020203A20476574206F72205365742088
:10C17000746865204D51545420557365726E616D1D
:10C180006500000041542B5258444C202020203A96
:10C1900020476574206F7220536574207468652091
:10C1A000726563656976696E672074696D65000004
:10C1B00041542B534E4920203A20456E61626C65F4
:10C1C000206F722064697361626C652053657276BA
:10C1D0006572204E616D6520496E646963617469A2
:10C1E0006F6E2066656174757265000041542B4363
:10C1F0004C4F434B4C4F473A20456E61626C652073
:10C200006F722044697361626C6520436C6F636B6D
:10C21000204C6F6767696E670000000041542B4730
:10C2200054444320202020203A20476574206F7218
:10C23000207365742047505320706F736974696F61
:10C240006E696E6720696E74657276616C20696EC6
:10C2500020756E697473206F6620680041542B430B
:10C260004954454D5020203A20476574206F722074
:10C27000536574207468652074696D6520696E74F7
:10C28000657276616C20746F20636865636B2073E0
:10C29000656E736F722076616C756520666F7220B3
:10C2A000416C61726D00000041542B4D4F44454C70
:10C2B0002020203A20476574206D6F64756C6520DE
:10C2C000696E666F726D6174696F6E0041542B4EBA
:10C2D00054503A20476574206F7220736574204E65
:10C2E00054502053657276657200000041542B440F
:10C2F0004E5343464720203A20476574206F7220F2
:10C3000053657420444E5320536572766572000065
:10C3100041542B54444320202020203A2047657468
:10C32000206F722073657420746865206170706C72
:10C3300069636174696F6E206461746120747261F5
:10C340006E736D697373696F6E20696E7465727652
:10C35000616C20696E20730041542B464452312099
:10C36000202020203A20526573657420706172612C
:10C370006D657465727320746F20666163746F728B
:10C38000792064656661756C742076616C7565737F
:10C390002065786365707420666F722070617373B6
:10C3A000776F72647300000041542B43464720208E
:10C3B0002020203A205072696E7420616C6C2073CA
:10C3C000657474696E67730041542B4745544C4F34
:10C3D0004720203A205072696E742073657269613B
:10C3E0006C20706F7274206C6F67730041542B4423
:10C3F0004F574E54453A20476574206F722073653D
:10C40000742074686520636F6E76657273696F6EF1
:10C41000206265747765656E207468652073746149
:10C420006E646172642076657273696F6E20616EEE
:10C43000642031542076657273696F6E20646F7763
:10C440006E6C696E6B73000041542B53455256411C
:10C450004444523A20476574206F7220536574201B
:10C4600074686520536572766572206164647265D4
:10C470007373000041542B534C454550202020201D
:10C480003A20476574206F72207365742074686564
:10C4900020736C656570207374617475730000009F
:10C4A00041542B46445220202020203A20526573CC
:10C4B000657420506172616D657465727320746F6C
:10C4C00020466163746F72792044656661756C748F
:10C4D0000000000041542B47455453454E534F52E2
:10C4E00056414C554520202020203A205265747535
:10C4F000726E73207468652063757272656E742045
:10C5000073656E736F72206D6561737572656D65AD
:10C510006E74000041542B44454255472020202092
:10C520003A20536574206D6F726520696E666F20C6
:10C530006F757470757400000D0A44524147494E7E
:10C540004F204C5443322D43422053656E736F721B
:10C550004D616E75616C0D0A496D616765205665A8
:10C560007273696F6E3A2076312E312E300D0A4E7D
:10C57000422D496F5420537461636B203A20442D3F
:10C58000424739352D3030330D0A50726F746F6366
:10C590006F6C20696E20557365643A2000000000BE
:10C5A0005B25755D436F6E666967757265204E65C4
:10C5B00074776F726B2043617465676F7279207452
:10C5C0006F20626520536561726368656420666FE1
:10C5D0007220756E646572204C5445205241542E71
:10C5E0000D0A00005B25755D536574207468652035
:10C5F000436F4150206D6573736167652049442026
:10C60000746F203132333420616E64206175746F31
:10C610006D61746963616C6C792067656E657261C8
:10C620007465206120746F6B656E0D0A0000000058
:10C630002B51494F50454E3A20302C30000000001D
:10C640003E0000004F4B00004552524F5200000088
:10C650007B22494D4549223A222573222C22494DFD
:10C660005349223A222573222C224D6F64656C2295
:10C670003A224C5443322D4342222C2274656D7071
:10C680005F616C61726D223A2225632563222C2240
:10C690006368616E6E656C315F74656D70223A25FA
:10C6A0002E31662C226368616E6E656C325F746534
:10C6B0006D70223A252E31662C22696E7465727275
:10C6C000757074223A25642C22696E7465727275D5
:10C6D00070745F6C6576656C223A25642C22626109
:10C6E0007474657279223A252E33662C2273696739
:10C6F0006E616C223A25642C2274696D65223A229F
:10C7000025642D253032642D253032645425303295
:10C71000643A253032643A253032645A222C226C35
:10C7200061746974756465223A25662C226C6F6E9B
:10C73000676974756465223A25662C226770735F99
:10C7400074696D65223A2225642D253032642D25C9
:10C7500030326454253032643A253032643A253020
:10C7600032645A22000000006669656C64313D2520
:10C770002E3166266669656C64323D252E3166264B
:10C780006669656C64333D252E3266266669656C84
:10C7900064343D2564266669656C64353D256626EE
:10C7A0006669656C64363D25660000007B22494D54
:10C7B0004549223A222573222C22496D6167652062
:10C7C00056657273696F6E223A222573222C224EAF
:10C7D000422D496F5420537461636B223A222573B2
:10C7E000222C224D6F64656C223A224C5443322D28
:10C7F0004342227D0000000018C80108000000200C
:10C80000E00100000C8A00084CC80108E00100208B
:10C8100070380000F4F40008011702614C3C80BB42
:10C820004404011713951C026C200B20B00F7032CA
:10C830001F5A1C08DA1E08091214B1022201023123
:0CC84000048B341EB42961894289CB00AE
:04000005080078C1B6
:00000001FF
